subject	name	signal	value
01	Caudate / Putamen R	rpe	0.09249063964744286
02	Caudate / Putamen R	rpe	0.47500283995407083
03	Caudate / Putamen R	rpe	0.5155011643603263
04	Caudate / Putamen R	rpe	0.236933324131783
05	Caudate / Putamen R	rpe	0.3715261764933922
06	Caudate / Putamen R	rpe	0.12499615420829506
07	Caudate / Putamen R	rpe	-0.04269973649446529
09	Caudate / Putamen R	rpe	0.18927936103981022
10	Caudate / Putamen R	rpe	0.6531154304807217
11	Caudate / Putamen R	rpe	0.4481738545305018
12	Caudate / Putamen R	rpe	0.14766307041751214
14	Caudate / Putamen R	rpe	0.169047685991132
15	Caudate / Putamen R	rpe	0.18257439022825658
17	Caudate / Putamen R	rpe	0.14179439933555074
18	Caudate / Putamen R	rpe	0.07650033280839648
19	Caudate / Putamen R	rpe	0.3614977160342203
20	Caudate / Putamen R	rpe	0.14248246722364352
21	Caudate / Putamen R	rpe	0.3152098659820396
22	Caudate / Putamen R	rpe	0.11636097291171667
23	Caudate / Putamen R	rpe	0.06952291029544368
24	Caudate / Putamen R	rpe	0.43933347317948923
25	Caudate / Putamen R	rpe	0.3788358358319846
26	Caudate / Putamen R	rpe	-0.19394607483897428
27	Caudate / Putamen R	rpe	0.36731499426231506
28	Caudate / Putamen R	rpe	0.2757580463968875
29	Caudate / Putamen R	rpe	0.2345667611673184
30	Caudate / Putamen R	rpe	0.2923687697847543
33	Caudate / Putamen R	rpe	0.11109727588962641
34	Caudate / Putamen R	rpe	0.10563090254890045
35	Caudate / Putamen R	rpe	0.2318646490765908
36	Caudate / Putamen R	rpe	0.18020853132009873
37	Caudate / Putamen R	rpe	0.2586975237548337
38	Caudate / Putamen R	rpe	-0.025930762184290416
39	Caudate / Putamen R	rpe	0.22727709815803546
40	Caudate / Putamen R	rpe	-0.01874298006455399
41	Caudate / Putamen R	rpe	0.5680150036222439
42	Caudate / Putamen R	rpe	0.1909172074295632
43	Caudate / Putamen R	rpe	0.20852570435795154
45	Caudate / Putamen R	rpe	0.30318338107349074
46	Caudate / Putamen R	rpe	0.08265417198341805
47	Caudate / Putamen R	rpe	0.4958376337105151
48	Caudate / Putamen R	rpe	0.3019787688867454
49	Caudate / Putamen R	rpe	0.37642315991830266
50	Caudate / Putamen R	rpe	0.11421249433510136
51	Caudate / Putamen R	rpe	0.4933938867620655
52	Caudate / Putamen R	rpe	0.2569342094755663
53	Caudate / Putamen R	rpe	0.12697467438720822
54	Caudate / Putamen R	rpe	0.15689820212708813
55	Caudate / Putamen R	rpe	0.36424296666853034
56	Caudate / Putamen R	rpe	0.3034608444439109
57	Caudate / Putamen R	rpe	0.1538993764229321
58	Caudate / Putamen R	rpe	0.39644003978877
59	Caudate / Putamen R	rpe	0.034805971344149055
60	Caudate / Putamen R	rpe	0.10800121184320612
61	Caudate / Putamen R	rpe	0.24009746128455955
62	Caudate / Putamen R	rpe	0.03774652444375461
63	Caudate / Putamen R	rpe	-0.1553323322489165
64	Caudate / Putamen R	rpe	0.276681010262481
01	Caudate / Putamen R	urpe	0.06388422030218728
02	Caudate / Putamen R	urpe	-0.27451507803566205
03	Caudate / Putamen R	urpe	-0.07731292717728606
04	Caudate / Putamen R	urpe	-0.33582056433214696
05	Caudate / Putamen R	urpe	-0.13845621856570986
06	Caudate / Putamen R	urpe	-0.031344170136200875
07	Caudate / Putamen R	urpe	0.0078027356101753554
09	Caudate / Putamen R	urpe	-0.2147657439569587
10	Caudate / Putamen R	urpe	-0.24802068718717687
11	Caudate / Putamen R	urpe	-0.06541731783336188
12	Caudate / Putamen R	urpe	-0.034242726745822266
14	Caudate / Putamen R	urpe	-0.18498594863932263
15	Caudate / Putamen R	urpe	0.04220973536156687
17	Caudate / Putamen R	urpe	-0.1920983234915987
18	Caudate / Putamen R	urpe	0.04875348584268036
19	Caudate / Putamen R	urpe	-0.10073264723267004
20	Caudate / Putamen R	urpe	-0.15372774069660147
21	Caudate / Putamen R	urpe	0.03033632004161578
22	Caudate / Putamen R	urpe	0.04150138298846671
23	Caudate / Putamen R	urpe	0.08836586372089707
24	Caudate / Putamen R	urpe	-0.2786301114701885
25	Caudate / Putamen R	urpe	-0.09145352037709295
26	Caudate / Putamen R	urpe	0.021555384609995412
27	Caudate / Putamen R	urpe	-0.02476624293391908
28	Caudate / Putamen R	urpe	0.019563322539244504
29	Caudate / Putamen R	urpe	0.1746454766545848
30	Caudate / Putamen R	urpe	-0.09278846798498776
33	Caudate / Putamen R	urpe	-0.004175012636707392
34	Caudate / Putamen R	urpe	0.07040514463025523
35	Caudate / Putamen R	urpe	-0.12397042648847016
36	Caudate / Putamen R	urpe	-0.1967628965850525
37	Caudate / Putamen R	urpe	0.07116051191711689
38	Caudate / Putamen R	urpe	-0.207082649641683
39	Caudate / Putamen R	urpe	-0.20097514327867827
40	Caudate / Putamen R	urpe	-0.010797443779181992
41	Caudate / Putamen R	urpe	-0.08253692024555831
42	Caudate / Putamen R	urpe	-0.10849557697335077
43	Caudate / Putamen R	urpe	-0.05684051925575912
45	Caudate / Putamen R	urpe	-0.02622816305896699
46	Caudate / Putamen R	urpe	-0.05220133085680599
47	Caudate / Putamen R	urpe	-0.001573072908643497
48	Caudate / Putamen R	urpe	-0.17261267409200512
49	Caudate / Putamen R	urpe	-0.14628163495238733
50	Caudate / Putamen R	urpe	-0.07872013204408004
51	Caudate / Putamen R	urpe	-0.3219655334246311
52	Caudate / Putamen R	urpe	-0.04601360224846814
53	Caudate / Putamen R	urpe	-0.02809571691585019
54	Caudate / Putamen R	urpe	-0.14350091518350744
55	Caudate / Putamen R	urpe	-0.19445893412606896
56	Caudate / Putamen R	urpe	-0.18387973253731818
57	Caudate / Putamen R	urpe	-0.15640253584324745
58	Caudate / Putamen R	urpe	-0.08563819281255466
59	Caudate / Putamen R	urpe	0.1755330611708123
60	Caudate / Putamen R	urpe	0.016246816706348463
61	Caudate / Putamen R	urpe	-0.10306613230631753
62	Caudate / Putamen R	urpe	0.03357002990745232
63	Caudate / Putamen R	urpe	-0.08031075373214461
64	Caudate / Putamen R	urpe	0.014735297777263482
01	Caudate / Putamen R	surprise	-0.057792229075550365
02	Caudate / Putamen R	surprise	0.002955004477643615
03	Caudate / Putamen R	surprise	-0.02191941706918127
04	Caudate / Putamen R	surprise	-0.06427507976347198
05	Caudate / Putamen R	surprise	0.044635023871259574
06	Caudate / Putamen R	surprise	0.026364529563119063
07	Caudate / Putamen R	surprise	0.004346114980064416
09	Caudate / Putamen R	surprise	-0.007265890602398777
10	Caudate / Putamen R	surprise	0.004078860748552299
11	Caudate / Putamen R	surprise	0.03464238031812159
12	Caudate / Putamen R	surprise	0.0134708443973312
14	Caudate / Putamen R	surprise	0.01218353618672988
15	Caudate / Putamen R	surprise	-0.0372515238732233
17	Caudate / Putamen R	surprise	-0.018260380830578394
18	Caudate / Putamen R	surprise	-0.05545167332754646
19	Caudate / Putamen R	surprise	-0.16850942495905516
20	Caudate / Putamen R	surprise	0.04075101731071569
21	Caudate / Putamen R	surprise	-0.002926792794043895
22	Caudate / Putamen R	surprise	-0.01598474946037775
23	Caudate / Putamen R	surprise	0.02041015397562159
24	Caudate / Putamen R	surprise	-0.01632910917911951
25	Caudate / Putamen R	surprise	-0.07083342490728933
26	Caudate / Putamen R	surprise	0.2098278058768256
27	Caudate / Putamen R	surprise	0.022678292803836417
28	Caudate / Putamen R	surprise	0.025679730730839755
29	Caudate / Putamen R	surprise	-0.015850820874412492
30	Caudate / Putamen R	surprise	-0.007897230803460236
33	Caudate / Putamen R	surprise	0.013760834634652578
34	Caudate / Putamen R	surprise	0.005676915548272046
35	Caudate / Putamen R	surprise	0.10221432633059632
36	Caudate / Putamen R	surprise	-0.03989621886008143
37	Caudate / Putamen R	surprise	-0.0009538750327189978
38	Caudate / Putamen R	surprise	0.15539731684313576
39	Caudate / Putamen R	surprise	0.06046146234031663
40	Caudate / Putamen R	surprise	-0.020235735453850174
41	Caudate / Putamen R	surprise	0.06741815964769812
42	Caudate / Putamen R	surprise	-0.018367093527671564
43	Caudate / Putamen R	surprise	-0.006860874869861674
45	Caudate / Putamen R	surprise	0.0018350907318485103
46	Caudate / Putamen R	surprise	0.002549788327022945
47	Caudate / Putamen R	surprise	-0.04270491257812501
48	Caudate / Putamen R	surprise	-0.03249246660879094
49	Caudate / Putamen R	surprise	0.08506491771496968
50	Caudate / Putamen R	surprise	-0.0045036010563153945
51	Caudate / Putamen R	surprise	-0.006359567997526602
52	Caudate / Putamen R	surprise	-0.03950051149727447
53	Caudate / Putamen R	surprise	0.01831190091734616
54	Caudate / Putamen R	surprise	0.031488222220663685
55	Caudate / Putamen R	surprise	-0.07499047890581016
56	Caudate / Putamen R	surprise	0.10342431296052584
57	Caudate / Putamen R	surprise	-0.03750365377920495
58	Caudate / Putamen R	surprise	0.012830054652614904
59	Caudate / Putamen R	surprise	-0.13035119637056153
60	Caudate / Putamen R	surprise	-0.03205941329767999
61	Caudate / Putamen R	surprise	-0.008007339945074361
62	Caudate / Putamen R	surprise	0.03608143473438247
63	Caudate / Putamen R	surprise	0.07128319647062016
64	Caudate / Putamen R	surprise	0.014226652652993322
01	Caudate / Putamen R (2)	rpe	0.18533990238375322
02	Caudate / Putamen R (2)	rpe	0.5896186533060366
03	Caudate / Putamen R (2)	rpe	0.7259582910259452
04	Caudate / Putamen R (2)	rpe	0.1669492988472586
05	Caudate / Putamen R (2)	rpe	0.460646063848413
06	Caudate / Putamen R (2)	rpe	0.1710321371226312
07	Caudate / Putamen R (2)	rpe	-0.0998167938958941
09	Caudate / Putamen R (2)	rpe	0.3483880852369086
10	Caudate / Putamen R (2)	rpe	0.7352697840321617
11	Caudate / Putamen R (2)	rpe	0.5215624437197179
12	Caudate / Putamen R (2)	rpe	0.15910389260833446
14	Caudate / Putamen R (2)	rpe	0.26309898426576006
15	Caudate / Putamen R (2)	rpe	0.10117009411307898
17	Caudate / Putamen R (2)	rpe	0.1463436136969533
18	Caudate / Putamen R (2)	rpe	0.2833090210189898
19	Caudate / Putamen R (2)	rpe	0.45547820874321254
20	Caudate / Putamen R (2)	rpe	0.1635663962224641
21	Caudate / Putamen R (2)	rpe	0.42206637633763044
22	Caudate / Putamen R (2)	rpe	0.1689302792666043
23	Caudate / Putamen R (2)	rpe	0.013536166370460284
24	Caudate / Putamen R (2)	rpe	0.4993684993596768
25	Caudate / Putamen R (2)	rpe	0.3837441217121708
26	Caudate / Putamen R (2)	rpe	-0.2664804105487534
27	Caudate / Putamen R (2)	rpe	0.43379235487210954
28	Caudate / Putamen R (2)	rpe	0.3047323908844798
29	Caudate / Putamen R (2)	rpe	0.24665804624932347
30	Caudate / Putamen R (2)	rpe	0.40075189507848313
33	Caudate / Putamen R (2)	rpe	0.10244886527221088
34	Caudate / Putamen R (2)	rpe	0.0883509276467965
35	Caudate / Putamen R (2)	rpe	0.21624195034640653
36	Caudate / Putamen R (2)	rpe	0.2219071070587521
37	Caudate / Putamen R (2)	rpe	0.1974668292994857
38	Caudate / Putamen R (2)	rpe	-0.06232770060480214
39	Caudate / Putamen R (2)	rpe	0.3096495107523793
40	Caudate / Putamen R (2)	rpe	0.04133477195795786
41	Caudate / Putamen R (2)	rpe	0.6203546965469938
42	Caudate / Putamen R (2)	rpe	0.2545365738534227
43	Caudate / Putamen R (2)	rpe	0.3152074869949341
45	Caudate / Putamen R (2)	rpe	0.4783510504459599
46	Caudate / Putamen R (2)	rpe	0.10450004542188046
47	Caudate / Putamen R (2)	rpe	0.5624047436952383
48	Caudate / Putamen R (2)	rpe	0.2766080066606885
49	Caudate / Putamen R (2)	rpe	0.39050378621924675
50	Caudate / Putamen R (2)	rpe	0.07264186737615938
51	Caudate / Putamen R (2)	rpe	0.6067331412038007
52	Caudate / Putamen R (2)	rpe	0.37175479487005286
53	Caudate / Putamen R (2)	rpe	0.09446603034697915
54	Caudate / Putamen R (2)	rpe	0.2642954109174587
55	Caudate / Putamen R (2)	rpe	0.46425788449704847
56	Caudate / Putamen R (2)	rpe	0.16715856585723157
57	Caudate / Putamen R (2)	rpe	0.07303494227126048
58	Caudate / Putamen R (2)	rpe	0.4557612911883412
59	Caudate / Putamen R (2)	rpe	0.06361678767740314
60	Caudate / Putamen R (2)	rpe	0.04892307459210229
61	Caudate / Putamen R (2)	rpe	0.2905598704999293
62	Caudate / Putamen R (2)	rpe	-0.012561998869621747
63	Caudate / Putamen R (2)	rpe	-0.23657577587214154
64	Caudate / Putamen R (2)	rpe	0.3822368940866412
01	Caudate / Putamen R (2)	urpe	-0.10211439083340025
02	Caudate / Putamen R (2)	urpe	-0.39414940123766523
03	Caudate / Putamen R (2)	urpe	-0.21809891634804807
04	Caudate / Putamen R (2)	urpe	-0.4859820708308389
05	Caudate / Putamen R (2)	urpe	-0.2939140101743789
06	Caudate / Putamen R (2)	urpe	-0.1367013852393393
07	Caudate / Putamen R (2)	urpe	-0.05443932523822704
09	Caudate / Putamen R (2)	urpe	-0.415774238652757
10	Caudate / Putamen R (2)	urpe	-0.3242782043228536
11	Caudate / Putamen R (2)	urpe	-0.10999598918350269
12	Caudate / Putamen R (2)	urpe	-0.04911408019745021
14	Caudate / Putamen R (2)	urpe	-0.34986036141295285
15	Caudate / Putamen R (2)	urpe	0.037014348001949755
17	Caudate / Putamen R (2)	urpe	-0.26185536901230694
18	Caudate / Putamen R (2)	urpe	-0.0891325434235462
19	Caudate / Putamen R (2)	urpe	-0.13261427157495967
20	Caudate / Putamen R (2)	urpe	-0.3034212699558905
21	Caudate / Putamen R (2)	urpe	-0.004235252902369642
22	Caudate / Putamen R (2)	urpe	0.07178456259925488
23	Caudate / Putamen R (2)	urpe	-0.010253027693311594
24	Caudate / Putamen R (2)	urpe	-0.40473132608170215
25	Caudate / Putamen R (2)	urpe	-0.08202354147990627
26	Caudate / Putamen R (2)	urpe	-0.03768939187371367
27	Caudate / Putamen R (2)	urpe	-0.038248332268827935
28	Caudate / Putamen R (2)	urpe	-0.02124107453832472
29	Caudate / Putamen R (2)	urpe	0.2111527149496614
30	Caudate / Putamen R (2)	urpe	-0.20687543407598563
33	Caudate / Putamen R (2)	urpe	-0.0607203246626001
34	Caudate / Putamen R (2)	urpe	-0.03923016158827354
35	Caudate / Putamen R (2)	urpe	-0.14579612239426293
36	Caudate / Putamen R (2)	urpe	-0.1774077996259753
37	Caudate / Putamen R (2)	urpe	-0.0028035912718860946
38	Caudate / Putamen R (2)	urpe	-0.21004316755951705
39	Caudate / Putamen R (2)	urpe	-0.3244144622423577
40	Caudate / Putamen R (2)	urpe	-0.05958189899098638
41	Caudate / Putamen R (2)	urpe	-0.1938215314034028
42	Caudate / Putamen R (2)	urpe	-0.1509134211755901
43	Caudate / Putamen R (2)	urpe	-0.16055007678910446
45	Caudate / Putamen R (2)	urpe	-0.2314354119697979
46	Caudate / Putamen R (2)	urpe	-0.10532159196054057
47	Caudate / Putamen R (2)	urpe	-0.1379804359208621
48	Caudate / Putamen R (2)	urpe	-0.23042073576072206
49	Caudate / Putamen R (2)	urpe	-0.35155022095295774
50	Caudate / Putamen R (2)	urpe	-0.15456935481697046
51	Caudate / Putamen R (2)	urpe	-0.4893868128439059
52	Caudate / Putamen R (2)	urpe	-0.16489529566806876
53	Caudate / Putamen R (2)	urpe	-0.07452043737898556
54	Caudate / Putamen R (2)	urpe	-0.30652311088086814
55	Caudate / Putamen R (2)	urpe	-0.4040589370191477
56	Caudate / Putamen R (2)	urpe	-0.1001216294283995
57	Caudate / Putamen R (2)	urpe	-0.16230954041816736
58	Caudate / Putamen R (2)	urpe	-0.2189443583580447
59	Caudate / Putamen R (2)	urpe	0.11226053974383121
60	Caudate / Putamen R (2)	urpe	-0.031060392407403704
61	Caudate / Putamen R (2)	urpe	-0.17730827849195088
62	Caudate / Putamen R (2)	urpe	-0.05261287151978116
63	Caudate / Putamen R (2)	urpe	-0.13891475208797738
64	Caudate / Putamen R (2)	urpe	0.021977682220292467
01	Caudate / Putamen R (2)	surprise	-0.10724455515731837
02	Caudate / Putamen R (2)	surprise	-0.021492703589005336
03	Caudate / Putamen R (2)	surprise	-0.055412687825825604
04	Caudate / Putamen R (2)	surprise	-0.036068335890544416
05	Caudate / Putamen R (2)	surprise	0.11074843821589618
06	Caudate / Putamen R (2)	surprise	0.03309256170143581
07	Caudate / Putamen R (2)	surprise	0.025320923839080623
09	Caudate / Putamen R (2)	surprise	0.04365059061085031
10	Caudate / Putamen R (2)	surprise	0.013730479333447345
11	Caudate / Putamen R (2)	surprise	0.042920182244834244
12	Caudate / Putamen R (2)	surprise	-0.012241483210865484
14	Caudate / Putamen R (2)	surprise	0.0047072311533133395
15	Caudate / Putamen R (2)	surprise	-0.027614441637003467
17	Caudate / Putamen R (2)	surprise	-0.012959173780755584
18	Caudate / Putamen R (2)	surprise	-0.05642539873107596
19	Caudate / Putamen R (2)	surprise	-0.20020873216433616
20	Caudate / Putamen R (2)	surprise	0.013214098625563275
21	Caudate / Putamen R (2)	surprise	0.0005715707827657569
22	Caudate / Putamen R (2)	surprise	0.015123644338700393
23	Caudate / Putamen R (2)	surprise	0.0018870321030890471
24	Caudate / Putamen R (2)	surprise	-0.01458310073529992
25	Caudate / Putamen R (2)	surprise	-0.06758558909479491
26	Caudate / Putamen R (2)	surprise	0.30824067224111557
27	Caudate / Putamen R (2)	surprise	0.07003284608550733
28	Caudate / Putamen R (2)	surprise	0.02768906172569915
29	Caudate / Putamen R (2)	surprise	-0.007138514608930405
30	Caudate / Putamen R (2)	surprise	-0.023897468584417436
33	Caudate / Putamen R (2)	surprise	0.005829055738012131
34	Caudate / Putamen R (2)	surprise	0.013424608215167715
35	Caudate / Putamen R (2)	surprise	0.10641903706978115
36	Caudate / Putamen R (2)	surprise	-0.04453755307546444
37	Caudate / Putamen R (2)	surprise	0.00464791856159333
38	Caudate / Putamen R (2)	surprise	0.1801966467636265
39	Caudate / Putamen R (2)	surprise	0.03349738779238569
40	Caudate / Putamen R (2)	surprise	-0.004284809702654772
41	Caudate / Putamen R (2)	surprise	0.0708690913713075
42	Caudate / Putamen R (2)	surprise	-0.021695648097985288
43	Caudate / Putamen R (2)	surprise	-0.04737147025258865
45	Caudate / Putamen R (2)	surprise	-0.00943871699799286
46	Caudate / Putamen R (2)	surprise	0.022858194003750193
47	Caudate / Putamen R (2)	surprise	-0.05232878632890201
48	Caudate / Putamen R (2)	surprise	-0.026109450065049847
49	Caudate / Putamen R (2)	surprise	0.07639017095265056
50	Caudate / Putamen R (2)	surprise	-0.04257986992995457
51	Caudate / Putamen R (2)	surprise	-0.012917566649268365
52	Caudate / Putamen R (2)	surprise	-0.04014392046674343
53	Caudate / Putamen R (2)	surprise	0.018314509592015357
54	Caudate / Putamen R (2)	surprise	0.018697516170191244
55	Caudate / Putamen R (2)	surprise	-0.12290210460452039
56	Caudate / Putamen R (2)	surprise	0.12332046707565128
57	Caudate / Putamen R (2)	surprise	-0.040314557608035186
58	Caudate / Putamen R (2)	surprise	0.03298422041317763
59	Caudate / Putamen R (2)	surprise	-0.10656204509117463
60	Caudate / Putamen R (2)	surprise	-0.06505287877739996
61	Caudate / Putamen R (2)	surprise	-0.05656502366275328
62	Caudate / Putamen R (2)	surprise	0.05664640010515793
63	Caudate / Putamen R (2)	surprise	0.12465562561826264
64	Caudate / Putamen R (2)	surprise	0.032985616522788086
01	Middle Temporal Gyrus R	rpe	0.07381413951125247
02	Middle Temporal Gyrus R	rpe	0.5177991917865353
03	Middle Temporal Gyrus R	rpe	0.651877919242185
04	Middle Temporal Gyrus R	rpe	0.23480462959075035
05	Middle Temporal Gyrus R	rpe	0.48897860399902154
06	Middle Temporal Gyrus R	rpe	0.25160143641979255
07	Middle Temporal Gyrus R	rpe	0.3170870809086604
09	Middle Temporal Gyrus R	rpe	0.26881836477734605
10	Middle Temporal Gyrus R	rpe	0.6145325211286938
11	Middle Temporal Gyrus R	rpe	0.5478308803916714
12	Middle Temporal Gyrus R	rpe	0.1531960239944183
14	Middle Temporal Gyrus R	rpe	0.08885779489278807
15	Middle Temporal Gyrus R	rpe	0.0928689541926544
17	Middle Temporal Gyrus R	rpe	0.2888542531021494
18	Middle Temporal Gyrus R	rpe	0.06324503565242066
19	Middle Temporal Gyrus R	rpe	0.5269369828861059
20	Middle Temporal Gyrus R	rpe	0.3197850869217313
21	Middle Temporal Gyrus R	rpe	0.38614089601189616
22	Middle Temporal Gyrus R	rpe	0.14915288906960897
23	Middle Temporal Gyrus R	rpe	-0.021948720956063896
24	Middle Temporal Gyrus R	rpe	0.5589770946654627
25	Middle Temporal Gyrus R	rpe	0.3072577214283678
26	Middle Temporal Gyrus R	rpe	-0.23375915986057605
27	Middle Temporal Gyrus R	rpe	0.4371507479277191
28	Middle Temporal Gyrus R	rpe	0.40277379977394445
29	Middle Temporal Gyrus R	rpe	0.24634477563279114
30	Middle Temporal Gyrus R	rpe	0.1391798673502161
33	Middle Temporal Gyrus R	rpe	0.12267915979106543
34	Middle Temporal Gyrus R	rpe	0.2508109403442455
35	Middle Temporal Gyrus R	rpe	0.2053249219380806
36	Middle Temporal Gyrus R	rpe	0.34959787456849895
37	Middle Temporal Gyrus R	rpe	0.35256562287314147
38	Middle Temporal Gyrus R	rpe	0.023665018287734645
39	Middle Temporal Gyrus R	rpe	0.3235601602096244
40	Middle Temporal Gyrus R	rpe	0.16065057465594426
41	Middle Temporal Gyrus R	rpe	0.8527108681459137
42	Middle Temporal Gyrus R	rpe	0.45442687568342915
43	Middle Temporal Gyrus R	rpe	0.2609767166438578
45	Middle Temporal Gyrus R	rpe	0.42127090931900246
46	Middle Temporal Gyrus R	rpe	0.07197975524395218
47	Middle Temporal Gyrus R	rpe	0.42141382176972303
48	Middle Temporal Gyrus R	rpe	0.21726383434084096
49	Middle Temporal Gyrus R	rpe	0.4522711164886933
50	Middle Temporal Gyrus R	rpe	0.20402592566051064
51	Middle Temporal Gyrus R	rpe	0.44606140848698
52	Middle Temporal Gyrus R	rpe	0.2497402752223207
53	Middle Temporal Gyrus R	rpe	0.22766069936252453
54	Middle Temporal Gyrus R	rpe	0.11058788429321928
55	Middle Temporal Gyrus R	rpe	0.4689590794518137
56	Middle Temporal Gyrus R	rpe	0.4610149155233142
57	Middle Temporal Gyrus R	rpe	0.28173948513429264
58	Middle Temporal Gyrus R	rpe	0.41071180025762477
59	Middle Temporal Gyrus R	rpe	0.00650224570818997
60	Middle Temporal Gyrus R	rpe	0.1136794725598616
61	Middle Temporal Gyrus R	rpe	0.26285134449821623
62	Middle Temporal Gyrus R	rpe	0.23154532244638557
63	Middle Temporal Gyrus R	rpe	-0.22073993608507625
64	Middle Temporal Gyrus R	rpe	0.25333068802107134
01	Middle Temporal Gyrus R	urpe	-0.025430416865053068
02	Middle Temporal Gyrus R	urpe	-0.44941061460227355
03	Middle Temporal Gyrus R	urpe	-0.10368836969465543
04	Middle Temporal Gyrus R	urpe	-0.34039490781237414
05	Middle Temporal Gyrus R	urpe	-0.23309573116476107
06	Middle Temporal Gyrus R	urpe	-0.09138157298780702
07	Middle Temporal Gyrus R	urpe	-0.025752050080754752
09	Middle Temporal Gyrus R	urpe	-0.3499449186338193
10	Middle Temporal Gyrus R	urpe	-0.17775871921883685
11	Middle Temporal Gyrus R	urpe	-0.08376623361707732
12	Middle Temporal Gyrus R	urpe	-0.018098000333720218
14	Middle Temporal Gyrus R	urpe	-0.21482991039792732
15	Middle Temporal Gyrus R	urpe	-0.0873963007347132
17	Middle Temporal Gyrus R	urpe	-0.19515924477448415
18	Middle Temporal Gyrus R	urpe	-0.11107763520680015
19	Middle Temporal Gyrus R	urpe	-0.1378222138883067
20	Middle Temporal Gyrus R	urpe	-0.14030267444387126
21	Middle Temporal Gyrus R	urpe	0.060995403170980886
22	Middle Temporal Gyrus R	urpe	0.07454505430180429
23	Middle Temporal Gyrus R	urpe	-0.11496859087160916
24	Middle Temporal Gyrus R	urpe	-0.3964964610343268
25	Middle Temporal Gyrus R	urpe	-0.07737956625327622
26	Middle Temporal Gyrus R	urpe	0.0038623734542077215
27	Middle Temporal Gyrus R	urpe	-0.10893904117029002
28	Middle Temporal Gyrus R	urpe	-0.06638421480113763
29	Middle Temporal Gyrus R	urpe	0.13711020786501743
30	Middle Temporal Gyrus R	urpe	-0.07262504990373174
33	Middle Temporal Gyrus R	urpe	0.008990515816516382
34	Middle Temporal Gyrus R	urpe	0.1318206485089265
35	Middle Temporal Gyrus R	urpe	-0.22113459299199179
36	Middle Temporal Gyrus R	urpe	-0.2920804620714586
37	Middle Temporal Gyrus R	urpe	0.07967405865706544
38	Middle Temporal Gyrus R	urpe	-0.23849082699593024
39	Middle Temporal Gyrus R	urpe	-0.4575915892078537
40	Middle Temporal Gyrus R	urpe	-0.11798954379968615
41	Middle Temporal Gyrus R	urpe	-0.29272207969440867
42	Middle Temporal Gyrus R	urpe	-0.2641659270930575
43	Middle Temporal Gyrus R	urpe	-0.14887135322109807
45	Middle Temporal Gyrus R	urpe	-0.1694641910697452
46	Middle Temporal Gyrus R	urpe	-0.047812930315135824
47	Middle Temporal Gyrus R	urpe	-0.01419545997780162
48	Middle Temporal Gyrus R	urpe	-0.1902207314762802
49	Middle Temporal Gyrus R	urpe	-0.09345190809649487
50	Middle Temporal Gyrus R	urpe	-0.2985563403040314
51	Middle Temporal Gyrus R	urpe	-0.48548376518561537
52	Middle Temporal Gyrus R	urpe	-0.1408322880357215
53	Middle Temporal Gyrus R	urpe	-0.15687346460937746
54	Middle Temporal Gyrus R	urpe	-0.11961334192488682
55	Middle Temporal Gyrus R	urpe	-0.21501070230446956
56	Middle Temporal Gyrus R	urpe	-0.2803621762192479
57	Middle Temporal Gyrus R	urpe	-0.24504248958461727
58	Middle Temporal Gyrus R	urpe	-0.06913113293527948
59	Middle Temporal Gyrus R	urpe	0.11929871932656798
60	Middle Temporal Gyrus R	urpe	-0.010064844197777032
61	Middle Temporal Gyrus R	urpe	-0.12187116999698165
62	Middle Temporal Gyrus R	urpe	0.11994183766625774
63	Middle Temporal Gyrus R	urpe	-0.14825123848263974
64	Middle Temporal Gyrus R	urpe	0.0657938573305075
01	Middle Temporal Gyrus R	surprise	-0.10777072134987152
02	Middle Temporal Gyrus R	surprise	-0.02627471254835165
03	Middle Temporal Gyrus R	surprise	0.03172779863989641
04	Middle Temporal Gyrus R	surprise	-0.03626058840711807
05	Middle Temporal Gyrus R	surprise	0.015336989639503534
06	Middle Temporal Gyrus R	surprise	-0.0674276705209129
07	Middle Temporal Gyrus R	surprise	0.10067820222853398
09	Middle Temporal Gyrus R	surprise	-0.04881384157030179
10	Middle Temporal Gyrus R	surprise	0.05150346893063093
11	Middle Temporal Gyrus R	surprise	0.0188031904869328
12	Middle Temporal Gyrus R	surprise	0.06732042037249258
14	Middle Temporal Gyrus R	surprise	0.04152067714540982
15	Middle Temporal Gyrus R	surprise	-0.058302344981923195
17	Middle Temporal Gyrus R	surprise	0.018475682652622703
18	Middle Temporal Gyrus R	surprise	0.02655073700434116
19	Middle Temporal Gyrus R	surprise	-0.13302059182007633
20	Middle Temporal Gyrus R	surprise	0.051009880849003104
21	Middle Temporal Gyrus R	surprise	0.0026483674989773343
22	Middle Temporal Gyrus R	surprise	-0.040725942531585485
23	Middle Temporal Gyrus R	surprise	-0.0637893794312321
24	Middle Temporal Gyrus R	surprise	-0.0019371161754753161
25	Middle Temporal Gyrus R	surprise	-0.07269284460366465
26	Middle Temporal Gyrus R	surprise	0.18591584619787416
27	Middle Temporal Gyrus R	surprise	-0.022826434527749007
28	Middle Temporal Gyrus R	surprise	-0.00819643701079107
29	Middle Temporal Gyrus R	surprise	-0.03783351006604296
30	Middle Temporal Gyrus R	surprise	-0.028094944672985723
33	Middle Temporal Gyrus R	surprise	0.033219053764024405
34	Middle Temporal Gyrus R	surprise	-0.044727446406251335
35	Middle Temporal Gyrus R	surprise	0.16354688358442931
36	Middle Temporal Gyrus R	surprise	-0.03893171431089966
37	Middle Temporal Gyrus R	surprise	0.021507859877228606
38	Middle Temporal Gyrus R	surprise	0.19602560100497715
39	Middle Temporal Gyrus R	surprise	0.14507141187126843
40	Middle Temporal Gyrus R	surprise	-0.004401652611010652
41	Middle Temporal Gyrus R	surprise	0.06091423388560506
42	Middle Temporal Gyrus R	surprise	-0.0819230171520873
43	Middle Temporal Gyrus R	surprise	0.01612769726800875
45	Middle Temporal Gyrus R	surprise	-0.029335612226914977
46	Middle Temporal Gyrus R	surprise	-0.03617378962480377
47	Middle Temporal Gyrus R	surprise	0.04313054820785775
48	Middle Temporal Gyrus R	surprise	-0.07674385761086837
49	Middle Temporal Gyrus R	surprise	0.07854470947101452
50	Middle Temporal Gyrus R	surprise	0.023190495659005418
51	Middle Temporal Gyrus R	surprise	-0.013427589312696645
52	Middle Temporal Gyrus R	surprise	-0.019421345455632347
53	Middle Temporal Gyrus R	surprise	0.03882809966330878
54	Middle Temporal Gyrus R	surprise	0.09318561530557112
55	Middle Temporal Gyrus R	surprise	-0.08943711760605808
56	Middle Temporal Gyrus R	surprise	0.04322434641421977
57	Middle Temporal Gyrus R	surprise	-0.03679371047536532
58	Middle Temporal Gyrus R	surprise	-0.010206356872962301
59	Middle Temporal Gyrus R	surprise	-0.12131837370049664
60	Middle Temporal Gyrus R	surprise	-0.04836079263213764
61	Middle Temporal Gyrus R	surprise	-0.04081498269168735
62	Middle Temporal Gyrus R	surprise	0.05358144107895549
63	Middle Temporal Gyrus R	surprise	0.07244170325242216
64	Middle Temporal Gyrus R	surprise	0.018270663204422753
01	Insula R	rpe	-0.19744946402532945
02	Insula R	rpe	-0.10428484082360792
03	Insula R	rpe	-0.21002709351854723
04	Insula R	rpe	0.32224323177814673
05	Insula R	rpe	-0.4520204692982386
06	Insula R	rpe	-0.2349998915543572
07	Insula R	rpe	-0.25174034541685
09	Insula R	rpe	-0.19303359549574736
10	Insula R	rpe	0.22386137511202997
11	Insula R	rpe	-0.04959607227221621
12	Insula R	rpe	0.04864491752763185
14	Insula R	rpe	-0.1502185850694259
15	Insula R	rpe	0.26724640274691713
17	Insula R	rpe	-0.15492059743911588
18	Insula R	rpe	-0.5457123580161001
19	Insula R	rpe	-0.21921482304175693
20	Insula R	rpe	-0.2548956180440395
21	Insula R	rpe	-0.09238499749613731
22	Insula R	rpe	0.2635015733966958
23	Insula R	rpe	0.09929103737874313
24	Insula R	rpe	-0.017935155569274868
25	Insula R	rpe	0.08659604704801396
26	Insula R	rpe	-0.34715466164825753
27	Insula R	rpe	0.09634738172295917
28	Insula R	rpe	-0.11801995184739761
29	Insula R	rpe	-0.00213646701712154
30	Insula R	rpe	-0.5554399606027312
33	Insula R	rpe	0.07718275238174334
34	Insula R	rpe	-0.010721981637580561
35	Insula R	rpe	0.20168016629909816
36	Insula R	rpe	-0.15575618205228778
37	Insula R	rpe	0.2321783997489326
38	Insula R	rpe	-0.12971403749306304
39	Insula R	rpe	-0.362575089039968
40	Insula R	rpe	-0.20627432318636885
41	Insula R	rpe	0.24809383633215717
42	Insula R	rpe	-0.2655392574817906
43	Insula R	rpe	-0.2290011966571984
45	Insula R	rpe	-0.5976326847875845
46	Insula R	rpe	-0.49770436190797857
47	Insula R	rpe	0.15018902550626212
48	Insula R	rpe	-0.052237726102573746
49	Insula R	rpe	-0.17807315848388408
50	Insula R	rpe	0.09567550982762295
51	Insula R	rpe	-0.13776318833271997
52	Insula R	rpe	-0.2723286547500345
53	Insula R	rpe	0.11394770431794678
54	Insula R	rpe	-0.319535379659734
55	Insula R	rpe	-0.17180331057870993
56	Insula R	rpe	0.6416736195548527
57	Insula R	rpe	-0.25379823949080615
58	Insula R	rpe	-0.08948216005313578
59	Insula R	rpe	-0.14387668221957003
60	Insula R	rpe	0.12338181763723192
61	Insula R	rpe	-0.1790865132347672
62	Insula R	rpe	-0.03300178112456663
63	Insula R	rpe	-0.22750429931663488
64	Insula R	rpe	-0.40289147345328435
01	Insula R	urpe	0.4363521670212752
02	Insula R	urpe	0.30895108565041496
03	Insula R	urpe	0.5328514921750388
04	Insula R	urpe	0.06560549302963681
05	Insula R	urpe	0.33010905111073335
06	Insula R	urpe	0.228576642541263
07	Insula R	urpe	0.07556972623697568
09	Insula R	urpe	0.23648415943798876
10	Insula R	urpe	0.02022208419768035
11	Insula R	urpe	0.094924845504583
12	Insula R	urpe	0.07254714691775666
14	Insula R	urpe	0.07039498383700936
15	Insula R	urpe	0.08599347993409032
17	Insula R	urpe	0.010585781231886636
18	Insula R	urpe	0.2307104019178926
19	Insula R	urpe	0.03566143416143999
20	Insula R	urpe	0.03988237624660059
21	Insula R	urpe	-0.03215120480591928
22	Insula R	urpe	-0.14722277218912594
23	Insula R	urpe	0.3217601662348677
24	Insula R	urpe	0.16965372947765262
25	Insula R	urpe	0.195099800599949
26	Insula R	urpe	0.060635828817551925
27	Insula R	urpe	0.006634557939112801
28	Insula R	urpe	0.06686185372337973
29	Insula R	urpe	0.19480988004097086
30	Insula R	urpe	0.4377677142617304
33	Insula R	urpe	0.02430712073443314
34	Insula R	urpe	0.14100633434898205
35	Insula R	urpe	-0.10316792101547935
36	Insula R	urpe	0.04059522540865862
37	Insula R	urpe	0.10003545104883119
38	Insula R	urpe	-0.10494858762857617
39	Insula R	urpe	0.4348777122914747
40	Insula R	urpe	0.08412175423034055
41	Insula R	urpe	0.3310167214702036
42	Insula R	urpe	0.15172104794016508
43	Insula R	urpe	0.3479407658565819
45	Insula R	urpe	0.7651134836359795
46	Insula R	urpe	0.5684698711195096
47	Insula R	urpe	0.18350593369827092
48	Insula R	urpe	0.2682325047046272
49	Insula R	urpe	0.2028189942424488
50	Insula R	urpe	0.28875319852328835
51	Insula R	urpe	0.17425193180774284
52	Insula R	urpe	0.3643551722233874
53	Insula R	urpe	0.05731271568398529
54	Insula R	urpe	0.13625741638682212
55	Insula R	urpe	0.25481877383230994
56	Insula R	urpe	-0.36666075389280167
57	Insula R	urpe	0.22203934897906466
58	Insula R	urpe	0.2938135504540639
59	Insula R	urpe	0.6357028696480961
60	Insula R	urpe	-0.03242693489965594
61	Insula R	urpe	0.21272689448107773
62	Insula R	urpe	0.10649462296381668
63	Insula R	urpe	-0.06339934422367795
64	Insula R	urpe	0.2415253001949397
01	Insula R	surprise	-0.07659393781226871
02	Insula R	surprise	0.03882044105793436
03	Insula R	surprise	0.13195447581921596
04	Insula R	surprise	-0.11788162721309108
05	Insula R	surprise	-0.008893402318409746
06	Insula R	surprise	-0.03663227792137985
07	Insula R	surprise	-0.05764997463392973
09	Insula R	surprise	-0.03758468901583691
10	Insula R	surprise	-0.03595610907605047
11	Insula R	surprise	0.06634131976661531
12	Insula R	surprise	0.033399600151552286
14	Insula R	surprise	0.004067454576917638
15	Insula R	surprise	-0.07094434540839695
17	Insula R	surprise	0.09864115145194152
18	Insula R	surprise	-0.169012584846004
19	Insula R	surprise	-0.0682447169041413
20	Insula R	surprise	0.08554819300104057
21	Insula R	surprise	0.00472691396701268
22	Insula R	surprise	-0.007108718305836663
23	Insula R	surprise	0.05615992737811947
24	Insula R	surprise	0.02361922836836969
25	Insula R	surprise	-0.013380098716601459
26	Insula R	surprise	0.20244023970613623
27	Insula R	surprise	-0.05412576829043455
28	Insula R	surprise	-0.0013819932888188117
29	Insula R	surprise	0.016013362456399522
30	Insula R	surprise	0.14220358755102191
33	Insula R	surprise	0.06555806112064663
34	Insula R	surprise	0.017441698563953282
35	Insula R	surprise	0.10635736253396161
36	Insula R	surprise	0.14697110631321603
37	Insula R	surprise	-0.05109260533973152
38	Insula R	surprise	0.03236570306638184
39	Insula R	surprise	0.12205062178346995
40	Insula R	surprise	0.0020918572567459885
41	Insula R	surprise	0.152182865760858
42	Insula R	surprise	-0.016059002033053865
43	Insula R	surprise	0.24298997820110513
45	Insula R	surprise	0.024472402626703152
46	Insula R	surprise	0.03587085427493758
47	Insula R	surprise	-0.04848616055451704
48	Insula R	surprise	0.03879443428730839
49	Insula R	surprise	0.139081278272845
50	Insula R	surprise	0.03795044566995723
51	Insula R	surprise	-0.013925170892963754
52	Insula R	surprise	-0.07236704593572789
53	Insula R	surprise	0.030114543445687137
54	Insula R	surprise	-0.000290574147717263
55	Insula R	surprise	-0.13749944591884009
56	Insula R	surprise	-0.051291052873710725
57	Insula R	surprise	0.020606154094764982
58	Insula R	surprise	0.01945476618777967
59	Insula R	surprise	-0.23213245704213728
60	Insula R	surprise	-0.0040389139865406164
61	Insula R	surprise	0.1254055743187292
62	Insula R	surprise	0.020524982130515082
63	Insula R	surprise	-0.015289342567208484
64	Insula R	surprise	-0.023401751129017535
01	DLPFC L	rpe	-0.03282043153131111
02	DLPFC L	rpe	0.510632987934514
03	DLPFC L	rpe	0.5921840250888827
04	DLPFC L	rpe	0.23505928094542278
05	DLPFC L	rpe	0.5828767233990795
06	DLPFC L	rpe	0.04036741840153761
07	DLPFC L	rpe	-0.01155880236317324
09	DLPFC L	rpe	-0.05043473541426417
10	DLPFC L	rpe	0.6978319678932358
11	DLPFC L	rpe	0.46134506155641775
12	DLPFC L	rpe	0.19511000514084068
14	DLPFC L	rpe	0.2504895621248962
15	DLPFC L	rpe	0.08986783874292757
17	DLPFC L	rpe	0.03978875020785429
18	DLPFC L	rpe	0.17821465013204082
19	DLPFC L	rpe	0.4487959258304296
20	DLPFC L	rpe	0.15915178640448416
21	DLPFC L	rpe	0.3641109296816132
22	DLPFC L	rpe	0.27072891483016737
23	DLPFC L	rpe	0.20595447858106222
24	DLPFC L	rpe	0.4144603135937359
25	DLPFC L	rpe	0.1674845432977523
26	DLPFC L	rpe	0.10735494390476226
27	DLPFC L	rpe	0.4338936778774915
28	DLPFC L	rpe	0.19204778011695262
29	DLPFC L	rpe	0.16328643497859288
30	DLPFC L	rpe	0.7063578263562369
33	DLPFC L	rpe	0.2843887864330195
34	DLPFC L	rpe	-0.0001681948070702339
35	DLPFC L	rpe	0.41297166734186347
36	DLPFC L	rpe	-0.04345046971866395
37	DLPFC L	rpe	0.46769269653726186
38	DLPFC L	rpe	0.00241146024946877
39	DLPFC L	rpe	0.23384203311874635
40	DLPFC L	rpe	0.028414306506946513
41	DLPFC L	rpe	0.9065513997093627
42	DLPFC L	rpe	-0.03788302252206976
43	DLPFC L	rpe	0.5046459450528155
45	DLPFC L	rpe	0.6730173441985818
46	DLPFC L	rpe	0.21867488899136478
47	DLPFC L	rpe	0.6330178961984769
48	DLPFC L	rpe	0.755926721116626
49	DLPFC L	rpe	0.25148163723899514
50	DLPFC L	rpe	0.1136852727113843
51	DLPFC L	rpe	0.5362398755019776
52	DLPFC L	rpe	0.4698844042018448
53	DLPFC L	rpe	-0.03524696236567443
54	DLPFC L	rpe	0.40767596407539186
55	DLPFC L	rpe	0.4916395903856028
56	DLPFC L	rpe	0.22346513491509923
57	DLPFC L	rpe	0.35004177604844844
58	DLPFC L	rpe	0.7825638356765634
59	DLPFC L	rpe	0.0923353462327022
60	DLPFC L	rpe	0.2798212176176572
61	DLPFC L	rpe	0.23252998421575236
62	DLPFC L	rpe	0.07678892117263258
63	DLPFC L	rpe	-0.18688844195467505
64	DLPFC L	rpe	0.24664933879868936
01	DLPFC L	urpe	0.11801050718780684
02	DLPFC L	urpe	-0.4302755378517567
03	DLPFC L	urpe	-0.2764019349828902
04	DLPFC L	urpe	-0.20263338659500923
05	DLPFC L	urpe	-0.24674172643694633
06	DLPFC L	urpe	-0.12501626117323453
07	DLPFC L	urpe	0.04819744200023323
09	DLPFC L	urpe	-0.13614957203811318
10	DLPFC L	urpe	-0.3883111697194803
11	DLPFC L	urpe	-0.04357734365064397
12	DLPFC L	urpe	0.04228090159526082
14	DLPFC L	urpe	-0.14346802204779938
15	DLPFC L	urpe	0.13880021973569742
17	DLPFC L	urpe	-0.3418953031528202
18	DLPFC L	urpe	0.245797454456088
19	DLPFC L	urpe	-0.2249007954797698
20	DLPFC L	urpe	-0.37503564184666366
21	DLPFC L	urpe	-0.0307789557043993
22	DLPFC L	urpe	-0.03619994420104807
23	DLPFC L	urpe	0.10916335385282812
24	DLPFC L	urpe	-0.36130575168384604
25	DLPFC L	urpe	-0.07196448556006592
26	DLPFC L	urpe	0.03923214287428173
27	DLPFC L	urpe	-0.058071676115536035
28	DLPFC L	urpe	0.01594020919528224
29	DLPFC L	urpe	0.06461863319868587
30	DLPFC L	urpe	-0.325914663313597
33	DLPFC L	urpe	0.0485377202638981
34	DLPFC L	urpe	0.06963160432764869
35	DLPFC L	urpe	-0.1501875534242189
36	DLPFC L	urpe	-0.20873946502787907
37	DLPFC L	urpe	0.016968018685809893
38	DLPFC L	urpe	-0.14972652502393957
39	DLPFC L	urpe	-0.2071805575484943
40	DLPFC L	urpe	0.017182578475034172
41	DLPFC L	urpe	-0.19792332097667417
42	DLPFC L	urpe	-0.1594379712999063
43	DLPFC L	urpe	-0.09750960312579225
45	DLPFC L	urpe	-0.44090619856222857
46	DLPFC L	urpe	-0.2512295113387824
47	DLPFC L	urpe	-0.10807026033695652
48	DLPFC L	urpe	-0.4676928771556337
49	DLPFC L	urpe	-0.31219444244082917
50	DLPFC L	urpe	-0.2397518084265022
51	DLPFC L	urpe	-0.4239277890485123
52	DLPFC L	urpe	-0.22918701563972527
53	DLPFC L	urpe	-0.05738984272628793
54	DLPFC L	urpe	-0.38771549442830483
55	DLPFC L	urpe	-0.2613181374921336
56	DLPFC L	urpe	-0.1412347640551544
57	DLPFC L	urpe	-0.2722650479745904
58	DLPFC L	urpe	-0.3376077044219863
59	DLPFC L	urpe	-0.03728004944461741
60	DLPFC L	urpe	-0.047281611549566914
61	DLPFC L	urpe	-0.15841930094833706
62	DLPFC L	urpe	0.03915071492213572
63	DLPFC L	urpe	-0.13048571374862436
64	DLPFC L	urpe	0.10885968605840676
01	DLPFC L	surprise	0.053807239332328255
02	DLPFC L	surprise	0.07142078486293413
03	DLPFC L	surprise	-0.04429735484039778
04	DLPFC L	surprise	-0.07762228123972723
05	DLPFC L	surprise	0.25143305561535173
06	DLPFC L	surprise	0.1881263492285047
07	DLPFC L	surprise	0.059332473995725735
09	DLPFC L	surprise	0.04885899782675551
10	DLPFC L	surprise	0.06240278242105552
11	DLPFC L	surprise	0.09363664570455991
12	DLPFC L	surprise	-0.014022642266354524
14	DLPFC L	surprise	0.0030583292160420235
15	DLPFC L	surprise	-0.03544527857579133
17	DLPFC L	surprise	0.036750010938129365
18	DLPFC L	surprise	-0.1210623602995551
19	DLPFC L	surprise	-0.12099157710594897
20	DLPFC L	surprise	0.053548221647935476
21	DLPFC L	surprise	-0.052108750242520104
22	DLPFC L	surprise	0.14839398540827556
23	DLPFC L	surprise	0.20767684518336624
24	DLPFC L	surprise	0.020722009243232413
25	DLPFC L	surprise	-0.053711932548666436
26	DLPFC L	surprise	0.2599829469425841
27	DLPFC L	surprise	0.1419327449256774
28	DLPFC L	surprise	0.04087873038085826
29	DLPFC L	surprise	-0.03049927986428788
30	DLPFC L	surprise	0.03998418986693172
33	DLPFC L	surprise	-0.012278088881238977
34	DLPFC L	surprise	0.0023107815374810584
35	DLPFC L	surprise	0.041904766775970576
36	DLPFC L	surprise	-0.046539232226342916
37	DLPFC L	surprise	0.07385624835205817
38	DLPFC L	surprise	0.1329641023012779
39	DLPFC L	surprise	0.11463307317229153
40	DLPFC L	surprise	0.017418551971020765
41	DLPFC L	surprise	0.08947423363693624
42	DLPFC L	surprise	0.19225481137523034
43	DLPFC L	surprise	-0.05559929935295833
45	DLPFC L	surprise	0.012913121033067765
46	DLPFC L	surprise	0.0673947295906481
47	DLPFC L	surprise	-0.011771499557880816
48	DLPFC L	surprise	-0.05425281324029416
49	DLPFC L	surprise	0.19960021396094052
50	DLPFC L	surprise	-0.027451247469224126
51	DLPFC L	surprise	0.001536072811416632
52	DLPFC L	surprise	-0.06764731975334526
53	DLPFC L	surprise	0.014287707888702005
54	DLPFC L	surprise	0.0003558037864853472
55	DLPFC L	surprise	0.08571297983170505
56	DLPFC L	surprise	0.33719982545344945
57	DLPFC L	surprise	0.01743786930302648
58	DLPFC L	surprise	0.06290078968767805
59	DLPFC L	surprise	-0.1419392505891952
60	DLPFC L	surprise	0.01751705614673196
61	DLPFC L	surprise	-0.017021137768384313
62	DLPFC L	surprise	0.1430758681419416
63	DLPFC L	surprise	0.06740702239736301
64	DLPFC L	surprise	0.08720033545882631
01	dmPFC R	rpe	-0.24406654600842068
02	dmPFC R	rpe	-0.13817301723930087
03	dmPFC R	rpe	-0.30126399591617303
04	dmPFC R	rpe	-0.11232400611338882
05	dmPFC R	rpe	-0.49682611580252845
06	dmPFC R	rpe	-0.2742178818922689
07	dmPFC R	rpe	-0.27258070893402686
09	dmPFC R	rpe	-0.06252994977971882
10	dmPFC R	rpe	0.24465875158176553
11	dmPFC R	rpe	0.0029965611641921326
12	dmPFC R	rpe	-0.011772905229544111
14	dmPFC R	rpe	-0.08865791627744767
15	dmPFC R	rpe	0.23817018574776508
17	dmPFC R	rpe	-0.61705398638686
18	dmPFC R	rpe	-0.32223884833479816
19	dmPFC R	rpe	-0.09399318981979565
20	dmPFC R	rpe	-0.2795342192862473
21	dmPFC R	rpe	-0.1342940161237396
22	dmPFC R	rpe	0.4235119280423545
23	dmPFC R	rpe	0.25560459291389565
24	dmPFC R	rpe	-0.16029550879210605
25	dmPFC R	rpe	-0.028933678076985637
26	dmPFC R	rpe	-0.1994653526880178
27	dmPFC R	rpe	-0.02093011852202744
28	dmPFC R	rpe	-0.19811694939577185
29	dmPFC R	rpe	0.05136166488515045
30	dmPFC R	rpe	-0.4172220782355022
33	dmPFC R	rpe	0.204871891141771
34	dmPFC R	rpe	-0.18276120966493486
35	dmPFC R	rpe	0.10223526434048567
36	dmPFC R	rpe	-0.17415104261938213
37	dmPFC R	rpe	0.25473513491654204
38	dmPFC R	rpe	-0.19102191935240034
39	dmPFC R	rpe	-0.3537513363886824
40	dmPFC R	rpe	-0.5118170231752047
41	dmPFC R	rpe	0.08731062547848825
42	dmPFC R	rpe	-0.6227805724859636
43	dmPFC R	rpe	0.06569133885633076
45	dmPFC R	rpe	-0.4874373652059647
46	dmPFC R	rpe	-0.2188686018351802
47	dmPFC R	rpe	0.4325693809336992
48	dmPFC R	rpe	-0.2944845485424679
49	dmPFC R	rpe	-0.29670787035809976
50	dmPFC R	rpe	0.005150560875518449
51	dmPFC R	rpe	0.008033952778547902
52	dmPFC R	rpe	-0.3745838770125821
53	dmPFC R	rpe	-0.007383810419723217
54	dmPFC R	rpe	-0.36457335700850974
55	dmPFC R	rpe	-0.09979790267408989
56	dmPFC R	rpe	0.6423965594248479
57	dmPFC R	rpe	-0.11783680507165098
58	dmPFC R	rpe	-0.10449449011641726
59	dmPFC R	rpe	-0.23654960599388417
60	dmPFC R	rpe	0.3243575203279189
61	dmPFC R	rpe	-0.15490330570672536
62	dmPFC R	rpe	-0.3248115690276307
63	dmPFC R	rpe	-0.37573734486715427
64	dmPFC R	rpe	-0.3898040413464043
01	dmPFC R	urpe	0.3543772974097673
02	dmPFC R	urpe	0.2290691310492341
03	dmPFC R	urpe	0.3270028193798975
04	dmPFC R	urpe	0.01618757396356287
05	dmPFC R	urpe	0.2835369272482948
06	dmPFC R	urpe	0.19153110835102408
07	dmPFC R	urpe	-0.09782972896314322
09	dmPFC R	urpe	0.1978785415331095
10	dmPFC R	urpe	-0.11360447345552445
11	dmPFC R	urpe	0.01976424932303094
12	dmPFC R	urpe	0.2023415880532387
14	dmPFC R	urpe	0.12022797150366447
15	dmPFC R	urpe	0.12824355805556314
17	dmPFC R	urpe	0.14711856867212422
18	dmPFC R	urpe	0.22888130657873226
19	dmPFC R	urpe	0.1190350376202703
20	dmPFC R	urpe	-0.0982738350705714
21	dmPFC R	urpe	-0.053786047214539376
22	dmPFC R	urpe	0.07550892009388929
23	dmPFC R	urpe	0.29343208429180895
24	dmPFC R	urpe	0.17208306788511452
25	dmPFC R	urpe	0.2684577751747429
26	dmPFC R	urpe	0.049072703460202614
27	dmPFC R	urpe	-0.06189496194416996
28	dmPFC R	urpe	0.20135106318783097
29	dmPFC R	urpe	0.21090452576813018
30	dmPFC R	urpe	0.4748908414390175
33	dmPFC R	urpe	0.2093935987933922
34	dmPFC R	urpe	0.1996454898988085
35	dmPFC R	urpe	-0.14429396497791191
36	dmPFC R	urpe	-0.15583604434037887
37	dmPFC R	urpe	0.08500111435733533
38	dmPFC R	urpe	-0.12757709795575242
39	dmPFC R	urpe	0.5151901362326781
40	dmPFC R	urpe	0.17097438118392508
41	dmPFC R	urpe	0.4934013993720708
42	dmPFC R	urpe	0.1836929907026038
43	dmPFC R	urpe	0.18710174090205614
45	dmPFC R	urpe	0.7222047519424687
46	dmPFC R	urpe	0.27843126282952474
47	dmPFC R	urpe	0.23848094418489166
48	dmPFC R	urpe	0.33811582276444996
49	dmPFC R	urpe	0.041736613092383364
50	dmPFC R	urpe	0.24953069107170547
51	dmPFC R	urpe	-0.0002937480062869281
52	dmPFC R	urpe	0.3880199347910811
53	dmPFC R	urpe	0.2979681522310571
54	dmPFC R	urpe	0.4907065605932386
55	dmPFC R	urpe	0.09370126009371325
56	dmPFC R	urpe	-0.32931118708354634
57	dmPFC R	urpe	0.22416108045656932
58	dmPFC R	urpe	0.17771109788469117
59	dmPFC R	urpe	0.6457251931998542
60	dmPFC R	urpe	-0.06323191777645902
61	dmPFC R	urpe	0.21299541417262471
62	dmPFC R	urpe	0.08611169290404928
63	dmPFC R	urpe	-0.1128834418201119
64	dmPFC R	urpe	0.29069303367816435
01	dmPFC R	surprise	-0.030841906946292616
02	dmPFC R	surprise	0.06445463855497198
03	dmPFC R	surprise	0.06509217789262707
04	dmPFC R	surprise	-0.06320847671850668
05	dmPFC R	surprise	-0.042678786746154614
06	dmPFC R	surprise	-0.030422194013701064
07	dmPFC R	surprise	-0.12308844680104399
09	dmPFC R	surprise	-0.048422971000139765
10	dmPFC R	surprise	0.008829648634512289
11	dmPFC R	surprise	0.0826767250555988
12	dmPFC R	surprise	0.03210782797451919
14	dmPFC R	surprise	-0.03250886860355559
15	dmPFC R	surprise	-0.05446016802353221
17	dmPFC R	surprise	-0.014419759119499512
18	dmPFC R	surprise	-0.20174059851919185
19	dmPFC R	surprise	-0.08082149610288182
20	dmPFC R	surprise	0.10508414115988413
21	dmPFC R	surprise	-0.0004274215590890908
22	dmPFC R	surprise	0.20494867983214982
23	dmPFC R	surprise	0.14444315077384223
24	dmPFC R	surprise	0.12192325042868282
25	dmPFC R	surprise	-0.07919469646280974
26	dmPFC R	surprise	0.22441028211776629
27	dmPFC R	surprise	0.0034032957492097214
28	dmPFC R	surprise	0.0747408706877446
29	dmPFC R	surprise	0.027081245276726545
30	dmPFC R	surprise	0.1157642055667289
33	dmPFC R	surprise	0.023889043297306466
34	dmPFC R	surprise	-0.07746766931684937
35	dmPFC R	surprise	0.15274648407351904
36	dmPFC R	surprise	0.03361452364457777
37	dmPFC R	surprise	0.06820270072648935
38	dmPFC R	surprise	-0.019851506657623547
39	dmPFC R	surprise	0.1168252412668962
40	dmPFC R	surprise	-0.034024619861424354
41	dmPFC R	surprise	0.16935834117512333
42	dmPFC R	surprise	0.03863325125804906
43	dmPFC R	surprise	0.23740521148427304
45	dmPFC R	surprise	-0.0020094566931208304
46	dmPFC R	surprise	-0.0367974085411303
47	dmPFC R	surprise	-0.07091928269506984
48	dmPFC R	surprise	0.021497723318824862
49	dmPFC R	surprise	0.26668003748130537
50	dmPFC R	surprise	0.035608731818394766
51	dmPFC R	surprise	0.021782194924982533
52	dmPFC R	surprise	-0.015744354282157345
53	dmPFC R	surprise	-0.013082294123970287
54	dmPFC R	surprise	-0.040701775928855294
55	dmPFC R	surprise	-0.10589175366856027
56	dmPFC R	surprise	-0.14510002869541871
57	dmPFC R	surprise	0.12842777996554886
58	dmPFC R	surprise	0.015790841507775644
59	dmPFC R	surprise	-0.28878619861173876
60	dmPFC R	surprise	-0.05632379946760665
61	dmPFC R	surprise	0.07539925666658923
62	dmPFC R	surprise	0.07982799343336108
63	dmPFC R	surprise	0.01565008076891614
64	dmPFC R	surprise	-0.032073731956918594
01	Inferior Parietal Lobule L	rpe	0.1477336923596165
02	Inferior Parietal Lobule L	rpe	0.33271407953216453
03	Inferior Parietal Lobule L	rpe	0.49446854745628127
04	Inferior Parietal Lobule L	rpe	0.15891821865875605
05	Inferior Parietal Lobule L	rpe	0.24975796498712416
06	Inferior Parietal Lobule L	rpe	0.12650597918376397
07	Inferior Parietal Lobule L	rpe	-0.23242981735553522
09	Inferior Parietal Lobule L	rpe	0.22447607539017017
10	Inferior Parietal Lobule L	rpe	0.350221289656201
11	Inferior Parietal Lobule L	rpe	0.43347352550052404
12	Inferior Parietal Lobule L	rpe	0.0743724424863385
14	Inferior Parietal Lobule L	rpe	0.1492893629633065
15	Inferior Parietal Lobule L	rpe	0.12029227855397517
17	Inferior Parietal Lobule L	rpe	0.07201472323955181
18	Inferior Parietal Lobule L	rpe	0.19557308784670727
19	Inferior Parietal Lobule L	rpe	0.11109343971755135
20	Inferior Parietal Lobule L	rpe	-0.17133612230123882
21	Inferior Parietal Lobule L	rpe	0.35281500031410806
22	Inferior Parietal Lobule L	rpe	0.0914485961567182
23	Inferior Parietal Lobule L	rpe	-0.1400112943647827
24	Inferior Parietal Lobule L	rpe	0.26795826536633877
25	Inferior Parietal Lobule L	rpe	0.30182877588094714
26	Inferior Parietal Lobule L	rpe	-0.32709122482389913
27	Inferior Parietal Lobule L	rpe	0.26528422445268696
28	Inferior Parietal Lobule L	rpe	-0.08581895121545946
29	Inferior Parietal Lobule L	rpe	0.04181149433585028
30	Inferior Parietal Lobule L	rpe	0.11347464003661394
33	Inferior Parietal Lobule L	rpe	-0.0296907584160407
34	Inferior Parietal Lobule L	rpe	-0.05885002404225098
35	Inferior Parietal Lobule L	rpe	-0.00866852236797972
36	Inferior Parietal Lobule L	rpe	0.22573619268773376
37	Inferior Parietal Lobule L	rpe	-0.1460086505148481
38	Inferior Parietal Lobule L	rpe	-0.1337172856134638
39	Inferior Parietal Lobule L	rpe	0.030037939495737468
40	Inferior Parietal Lobule L	rpe	0.11161976118387322
41	Inferior Parietal Lobule L	rpe	0.565919561810057
42	Inferior Parietal Lobule L	rpe	0.08858893964122085
43	Inferior Parietal Lobule L	rpe	0.25528170436428327
45	Inferior Parietal Lobule L	rpe	-0.011124136597940155
46	Inferior Parietal Lobule L	rpe	-0.15080539533237713
47	Inferior Parietal Lobule L	rpe	0.2685233949587414
48	Inferior Parietal Lobule L	rpe	0.20456571837856014
49	Inferior Parietal Lobule L	rpe	0.12550341301901538
50	Inferior Parietal Lobule L	rpe	-0.20182290091780516
51	Inferior Parietal Lobule L	rpe	0.5384121597504042
52	Inferior Parietal Lobule L	rpe	0.20142922663685162
53	Inferior Parietal Lobule L	rpe	0.09909333362371962
54	Inferior Parietal Lobule L	rpe	0.10074517686215684
55	Inferior Parietal Lobule L	rpe	0.41658870380756036
56	Inferior Parietal Lobule L	rpe	-0.21978550207142022
57	Inferior Parietal Lobule L	rpe	-0.2057890623340333
58	Inferior Parietal Lobule L	rpe	0.37946036169436614
59	Inferior Parietal Lobule L	rpe	0.00042118581201544493
60	Inferior Parietal Lobule L	rpe	0.009647000348741984
61	Inferior Parietal Lobule L	rpe	0.06442857334953776
62	Inferior Parietal Lobule L	rpe	-0.26661250400116465
63	Inferior Parietal Lobule L	rpe	-0.46713078978685707
64	Inferior Parietal Lobule L	rpe	0.24402628057229686
01	Inferior Parietal Lobule L	urpe	-0.27959542965052975
02	Inferior Parietal Lobule L	urpe	-0.2211330846102882
03	Inferior Parietal Lobule L	urpe	0.04202722083269444
04	Inferior Parietal Lobule L	urpe	-0.6403650034901122
05	Inferior Parietal Lobule L	urpe	-0.1526902761566398
06	Inferior Parietal Lobule L	urpe	-0.1336721613597504
07	Inferior Parietal Lobule L	urpe	-0.05886163839418878
09	Inferior Parietal Lobule L	urpe	-0.21206370714832995
10	Inferior Parietal Lobule L	urpe	-0.061821281704439526
11	Inferior Parietal Lobule L	urpe	0.06559237078195132
12	Inferior Parietal Lobule L	urpe	-0.07183088432776659
14	Inferior Parietal Lobule L	urpe	-0.3633631894008602
15	Inferior Parietal Lobule L	urpe	0.07547408230004268
17	Inferior Parietal Lobule L	urpe	-0.12966863040925997
18	Inferior Parietal Lobule L	urpe	-0.12257311197774957
19	Inferior Parietal Lobule L	urpe	-0.21765435106584752
20	Inferior Parietal Lobule L	urpe	-0.16257379589462434
21	Inferior Parietal Lobule L	urpe	-0.1006124293510343
22	Inferior Parietal Lobule L	urpe	-0.02195637110629482
23	Inferior Parietal Lobule L	urpe	-0.040972313946965606
24	Inferior Parietal Lobule L	urpe	-0.20823956878654692
25	Inferior Parietal Lobule L	urpe	-0.048494562793068345
26	Inferior Parietal Lobule L	urpe	-0.11033070175898087
27	Inferior Parietal Lobule L	urpe	-0.11557854195081677
28	Inferior Parietal Lobule L	urpe	0.10926193364637908
29	Inferior Parietal Lobule L	urpe	0.0922096649182876
30	Inferior Parietal Lobule L	urpe	-0.14026933657786997
33	Inferior Parietal Lobule L	urpe	-0.1834426414781193
34	Inferior Parietal Lobule L	urpe	0.09706263991696935
35	Inferior Parietal Lobule L	urpe	-0.08541341673035148
36	Inferior Parietal Lobule L	urpe	-0.10183934622088339
37	Inferior Parietal Lobule L	urpe	0.07010910416417099
38	Inferior Parietal Lobule L	urpe	-0.07732684174014891
39	Inferior Parietal Lobule L	urpe	-0.12233415850057779
40	Inferior Parietal Lobule L	urpe	-0.3055760536584435
41	Inferior Parietal Lobule L	urpe	-0.17467435511012733
42	Inferior Parietal Lobule L	urpe	-0.06602733838590553
43	Inferior Parietal Lobule L	urpe	-0.18740523930055858
45	Inferior Parietal Lobule L	urpe	-0.09656989689467654
46	Inferior Parietal Lobule L	urpe	0.11469746107386398
47	Inferior Parietal Lobule L	urpe	-0.24438914449605653
48	Inferior Parietal Lobule L	urpe	-0.17795668423564956
49	Inferior Parietal Lobule L	urpe	-0.4595134483449196
50	Inferior Parietal Lobule L	urpe	0.14235906115024757
51	Inferior Parietal Lobule L	urpe	-0.6636253238214014
52	Inferior Parietal Lobule L	urpe	-0.05658510545221652
53	Inferior Parietal Lobule L	urpe	-0.10134336807379202
54	Inferior Parietal Lobule L	urpe	-0.13219088213717753
55	Inferior Parietal Lobule L	urpe	-0.34197366970674326
56	Inferior Parietal Lobule L	urpe	0.1002094856643188
57	Inferior Parietal Lobule L	urpe	0.10610673099413553
58	Inferior Parietal Lobule L	urpe	-0.2225838613897527
59	Inferior Parietal Lobule L	urpe	0.15002437012569056
60	Inferior Parietal Lobule L	urpe	-0.0821930144145864
61	Inferior Parietal Lobule L	urpe	-0.06511683240281461
62	Inferior Parietal Lobule L	urpe	-0.02230399945519095
63	Inferior Parietal Lobule L	urpe	-0.38674614135997953
64	Inferior Parietal Lobule L	urpe	-0.01203599309919297
01	Inferior Parietal Lobule L	surprise	-0.12233066715151421
02	Inferior Parietal Lobule L	surprise	-0.010734563159184944
03	Inferior Parietal Lobule L	surprise	0.017059812034773227
04	Inferior Parietal Lobule L	surprise	0.03907379103079001
05	Inferior Parietal Lobule L	surprise	-0.06965770701341606
06	Inferior Parietal Lobule L	surprise	-0.020198755692659186
07	Inferior Parietal Lobule L	surprise	-0.04498411161067268
09	Inferior Parietal Lobule L	surprise	-0.03213894698058885
10	Inferior Parietal Lobule L	surprise	0.049681416179541006
11	Inferior Parietal Lobule L	surprise	-0.045225830751410005
12	Inferior Parietal Lobule L	surprise	-0.027042360692678517
14	Inferior Parietal Lobule L	surprise	-0.05780381839580292
15	Inferior Parietal Lobule L	surprise	-0.05040287715697141
17	Inferior Parietal Lobule L	surprise	-0.051101283142588085
18	Inferior Parietal Lobule L	surprise	-0.02430381404838258
19	Inferior Parietal Lobule L	surprise	-0.1330137928162686
20	Inferior Parietal Lobule L	surprise	0.001975932928073294
21	Inferior Parietal Lobule L	surprise	0.0017127056669377166
22	Inferior Parietal Lobule L	surprise	0.20156523713321717
23	Inferior Parietal Lobule L	surprise	0.0005411874406431045
24	Inferior Parietal Lobule L	surprise	-0.036403641174041816
25	Inferior Parietal Lobule L	surprise	-0.05630841068382388
26	Inferior Parietal Lobule L	surprise	0.20770254962096
27	Inferior Parietal Lobule L	surprise	0.034702814513084504
28	Inferior Parietal Lobule L	surprise	0.016357174048471066
29	Inferior Parietal Lobule L	surprise	-0.05745064835129699
30	Inferior Parietal Lobule L	surprise	-0.031110020268837864
33	Inferior Parietal Lobule L	surprise	0.01953806588207612
34	Inferior Parietal Lobule L	surprise	0.021804456454767307
35	Inferior Parietal Lobule L	surprise	0.21521326372216285
36	Inferior Parietal Lobule L	surprise	-0.027894643727590783
37	Inferior Parietal Lobule L	surprise	-0.014814056832056196
38	Inferior Parietal Lobule L	surprise	0.04853308696776384
39	Inferior Parietal Lobule L	surprise	-0.026662186004588723
40	Inferior Parietal Lobule L	surprise	0.06343269509103744
41	Inferior Parietal Lobule L	surprise	0.062139913544141875
42	Inferior Parietal Lobule L	surprise	0.00944598239055122
43	Inferior Parietal Lobule L	surprise	0.005267561754941976
45	Inferior Parietal Lobule L	surprise	-0.09670993884612189
46	Inferior Parietal Lobule L	surprise	-0.10668478126773182
47	Inferior Parietal Lobule L	surprise	0.04909021277396017
48	Inferior Parietal Lobule L	surprise	0.002399189297947158
49	Inferior Parietal Lobule L	surprise	0.14792684470893633
50	Inferior Parietal Lobule L	surprise	-0.07056785289658903
51	Inferior Parietal Lobule L	surprise	-0.05506559604414883
52	Inferior Parietal Lobule L	surprise	-0.06555593646874218
53	Inferior Parietal Lobule L	surprise	0.03371019820882742
54	Inferior Parietal Lobule L	surprise	-0.06548943963055412
55	Inferior Parietal Lobule L	surprise	-0.2256232989261128
56	Inferior Parietal Lobule L	surprise	-0.06654148977501274
57	Inferior Parietal Lobule L	surprise	-0.009853068901569706
58	Inferior Parietal Lobule L	surprise	-0.059040566722145346
59	Inferior Parietal Lobule L	surprise	-0.17623486084056836
60	Inferior Parietal Lobule L	surprise	-0.1466332232469459
61	Inferior Parietal Lobule L	surprise	-0.10252161849040906
62	Inferior Parietal Lobule L	surprise	0.042539244287859365
63	Inferior Parietal Lobule L	surprise	0.12588782307031637
64	Inferior Parietal Lobule L	surprise	0.1670483664564128
01	Angular gyrus L (surprise)	rpe	-0.12594609573042143
02	Angular gyrus L (surprise)	rpe	0.4819269261959582
03	Angular gyrus L (surprise)	rpe	0.7007891727969219
04	Angular gyrus L (surprise)	rpe	-0.06492339147996068
05	Angular gyrus L (surprise)	rpe	0.6885513844820907
06	Angular gyrus L (surprise)	rpe	0.027329723307952327
07	Angular gyrus L (surprise)	rpe	-0.11341597933695773
09	Angular gyrus L (surprise)	rpe	0.28884262170466346
10	Angular gyrus L (surprise)	rpe	0.7591378769632113
11	Angular gyrus L (surprise)	rpe	0.5419893520890793
12	Angular gyrus L (surprise)	rpe	0.3851963355716339
14	Angular gyrus L (surprise)	rpe	0.180234464003815
15	Angular gyrus L (surprise)	rpe	-0.1039300191255279
17	Angular gyrus L (surprise)	rpe	0.0766552864734378
18	Angular gyrus L (surprise)	rpe	0.19630990100826864
19	Angular gyrus L (surprise)	rpe	0.3593299764111154
20	Angular gyrus L (surprise)	rpe	0.3698928752429994
21	Angular gyrus L (surprise)	rpe	0.4543948438292169
22	Angular gyrus L (surprise)	rpe	0.3661423559316387
23	Angular gyrus L (surprise)	rpe	0.12692654528786654
24	Angular gyrus L (surprise)	rpe	0.7634892847578404
25	Angular gyrus L (surprise)	rpe	0.6794601843855476
26	Angular gyrus L (surprise)	rpe	0.16665833888675408
27	Angular gyrus L (surprise)	rpe	0.355095720528967
28	Angular gyrus L (surprise)	rpe	0.3035928341851104
29	Angular gyrus L (surprise)	rpe	0.44399420508725496
30	Angular gyrus L (surprise)	rpe	0.3675253647642663
33	Angular gyrus L (surprise)	rpe	0.06736782631418525
34	Angular gyrus L (surprise)	rpe	-0.051846152495087706
35	Angular gyrus L (surprise)	rpe	0.34591281960197423
36	Angular gyrus L (surprise)	rpe	0.07654567783610305
37	Angular gyrus L (surprise)	rpe	0.47844087154641324
38	Angular gyrus L (surprise)	rpe	-0.06465313444579991
39	Angular gyrus L (surprise)	rpe	-0.012666746070292794
40	Angular gyrus L (surprise)	rpe	0.015317529091337895
41	Angular gyrus L (surprise)	rpe	0.9078586029972734
42	Angular gyrus L (surprise)	rpe	0.15316525130995712
43	Angular gyrus L (surprise)	rpe	0.2842065699261713
45	Angular gyrus L (surprise)	rpe	0.6886097479462909
46	Angular gyrus L (surprise)	rpe	0.4300031428683107
47	Angular gyrus L (surprise)	rpe	0.6053612264409914
48	Angular gyrus L (surprise)	rpe	0.20134303816800542
49	Angular gyrus L (surprise)	rpe	0.5597119333464547
50	Angular gyrus L (surprise)	rpe	-0.0022304790906113505
51	Angular gyrus L (surprise)	rpe	0.3813871344838207
52	Angular gyrus L (surprise)	rpe	0.5436268178719795
53	Angular gyrus L (surprise)	rpe	-0.1308784256878343
54	Angular gyrus L (surprise)	rpe	0.2563950197815916
55	Angular gyrus L (surprise)	rpe	0.5024985166340225
56	Angular gyrus L (surprise)	rpe	0.26232282464697665
57	Angular gyrus L (surprise)	rpe	0.09843561698690499
58	Angular gyrus L (surprise)	rpe	0.5277380512680038
59	Angular gyrus L (surprise)	rpe	0.11390177271260464
60	Angular gyrus L (surprise)	rpe	0.09143691670896399
61	Angular gyrus L (surprise)	rpe	0.17430355925952207
62	Angular gyrus L (surprise)	rpe	0.056094366232969796
63	Angular gyrus L (surprise)	rpe	-0.14176103740464896
64	Angular gyrus L (surprise)	rpe	0.3172296109861868
01	Angular gyrus L (surprise)	urpe	0.209962992035747
02	Angular gyrus L (surprise)	urpe	-0.5281712125123894
03	Angular gyrus L (surprise)	urpe	-0.16465556323541444
04	Angular gyrus L (surprise)	urpe	-0.03385120313904001
05	Angular gyrus L (surprise)	urpe	-0.6332755859330886
06	Angular gyrus L (surprise)	urpe	-0.25101145217195153
07	Angular gyrus L (surprise)	urpe	-0.1241354341018553
09	Angular gyrus L (surprise)	urpe	-0.47249220271554043
10	Angular gyrus L (surprise)	urpe	-0.16547936494728258
11	Angular gyrus L (surprise)	urpe	-0.03218764364245837
12	Angular gyrus L (surprise)	urpe	0.04542205455163125
14	Angular gyrus L (surprise)	urpe	0.016229348733368735
15	Angular gyrus L (surprise)	urpe	-0.1456036438894495
17	Angular gyrus L (surprise)	urpe	-0.2676957607490279
18	Angular gyrus L (surprise)	urpe	0.15278195090904978
19	Angular gyrus L (surprise)	urpe	0.21358988422895175
20	Angular gyrus L (surprise)	urpe	-0.26125449677376805
21	Angular gyrus L (surprise)	urpe	0.05239660525283418
22	Angular gyrus L (surprise)	urpe	0.1201968688496762
23	Angular gyrus L (surprise)	urpe	0.268589375021678
24	Angular gyrus L (surprise)	urpe	-0.7828978119933673
25	Angular gyrus L (surprise)	urpe	-0.3612212466896843
26	Angular gyrus L (surprise)	urpe	0.1391381644012438
27	Angular gyrus L (surprise)	urpe	-0.1577508715755835
28	Angular gyrus L (surprise)	urpe	0.0979966241708499
29	Angular gyrus L (surprise)	urpe	0.11131250153763989
30	Angular gyrus L (surprise)	urpe	-0.26731271429729286
33	Angular gyrus L (surprise)	urpe	0.018475032639249076
34	Angular gyrus L (surprise)	urpe	-0.20919042428176704
35	Angular gyrus L (surprise)	urpe	-0.27619449484903935
36	Angular gyrus L (surprise)	urpe	-0.1527272703681512
37	Angular gyrus L (surprise)	urpe	-0.24593263798745843
38	Angular gyrus L (surprise)	urpe	-0.21071918870290837
39	Angular gyrus L (surprise)	urpe	-0.22093152847551442
40	Angular gyrus L (surprise)	urpe	-0.01532531499179964
41	Angular gyrus L (surprise)	urpe	-0.24192840877642835
42	Angular gyrus L (surprise)	urpe	-0.11305230268340369
43	Angular gyrus L (surprise)	urpe	-0.27819079198179986
45	Angular gyrus L (surprise)	urpe	-0.1192803133626358
46	Angular gyrus L (surprise)	urpe	-0.4406303100992983
47	Angular gyrus L (surprise)	urpe	-0.06975163377988422
48	Angular gyrus L (surprise)	urpe	-0.23277335462757612
49	Angular gyrus L (surprise)	urpe	-0.5424002765093819
50	Angular gyrus L (surprise)	urpe	-0.3244747770779193
51	Angular gyrus L (surprise)	urpe	-0.3128632320154269
52	Angular gyrus L (surprise)	urpe	-0.3237160760185834
53	Angular gyrus L (surprise)	urpe	-0.08909884006828123
54	Angular gyrus L (surprise)	urpe	-0.49987380660144287
55	Angular gyrus L (surprise)	urpe	-0.46317067245642346
56	Angular gyrus L (surprise)	urpe	-0.23645952124198594
57	Angular gyrus L (surprise)	urpe	-0.112650333816254
58	Angular gyrus L (surprise)	urpe	-0.2921071742413997
59	Angular gyrus L (surprise)	urpe	0.05238839471844251
60	Angular gyrus L (surprise)	urpe	0.059590445560768854
61	Angular gyrus L (surprise)	urpe	-0.06166035733963455
62	Angular gyrus L (surprise)	urpe	0.06378741084669037
63	Angular gyrus L (surprise)	urpe	-0.0014041694128454406
64	Angular gyrus L (surprise)	urpe	0.24748146940696206
01	Angular gyrus L (surprise)	surprise	0.12113580804339237
02	Angular gyrus L (surprise)	surprise	0.1052846395671052
03	Angular gyrus L (surprise)	surprise	0.12745450319880805
04	Angular gyrus L (surprise)	surprise	-0.028057587044944956
05	Angular gyrus L (surprise)	surprise	0.35643683091637357
06	Angular gyrus L (surprise)	surprise	0.29894885556814443
07	Angular gyrus L (surprise)	surprise	0.029825090485760458
09	Angular gyrus L (surprise)	surprise	0.1899470061979304
10	Angular gyrus L (surprise)	surprise	0.11035946154661772
11	Angular gyrus L (surprise)	surprise	0.1512606336950919
12	Angular gyrus L (surprise)	surprise	-0.0684070738471813
14	Angular gyrus L (surprise)	surprise	0.0692776312413928
15	Angular gyrus L (surprise)	surprise	-0.0050394176719262985
17	Angular gyrus L (surprise)	surprise	0.051037667567537436
18	Angular gyrus L (surprise)	surprise	-0.001950872053246219
19	Angular gyrus L (surprise)	surprise	0.0016362904524956803
20	Angular gyrus L (surprise)	surprise	0.04624530951634555
21	Angular gyrus L (surprise)	surprise	0.022989534267479565
22	Angular gyrus L (surprise)	surprise	0.22104283587449353
23	Angular gyrus L (surprise)	surprise	0.03874733115679264
24	Angular gyrus L (surprise)	surprise	0.003866508601780581
25	Angular gyrus L (surprise)	surprise	0.0956801597303895
26	Angular gyrus L (surprise)	surprise	0.1287776368372879
27	Angular gyrus L (surprise)	surprise	0.07976096108066455
28	Angular gyrus L (surprise)	surprise	0.02431866945090472
29	Angular gyrus L (surprise)	surprise	0.004792060280458128
30	Angular gyrus L (surprise)	surprise	-0.035358316834626646
33	Angular gyrus L (surprise)	surprise	0.040685167622382196
34	Angular gyrus L (surprise)	surprise	0.006221280405366935
35	Angular gyrus L (surprise)	surprise	-0.10058540635049017
36	Angular gyrus L (surprise)	surprise	-0.021434932888622294
37	Angular gyrus L (surprise)	surprise	0.14858764858842738
38	Angular gyrus L (surprise)	surprise	0.1996007216936451
39	Angular gyrus L (surprise)	surprise	0.23895667603049994
40	Angular gyrus L (surprise)	surprise	-0.018815699516776502
41	Angular gyrus L (surprise)	surprise	0.07668276966712569
42	Angular gyrus L (surprise)	surprise	0.13351850634661772
43	Angular gyrus L (surprise)	surprise	-0.13239682302251196
45	Angular gyrus L (surprise)	surprise	0.10357239574560959
46	Angular gyrus L (surprise)	surprise	0.05881335021263497
47	Angular gyrus L (surprise)	surprise	0.0824377659989763
48	Angular gyrus L (surprise)	surprise	-0.022294425710741073
49	Angular gyrus L (surprise)	surprise	0.04509967891573393
50	Angular gyrus L (surprise)	surprise	0.04424599753612176
51	Angular gyrus L (surprise)	surprise	0.03670598495104429
52	Angular gyrus L (surprise)	surprise	-0.020160292463027214
53	Angular gyrus L (surprise)	surprise	-0.008554015409248739
54	Angular gyrus L (surprise)	surprise	0.06699428435495271
55	Angular gyrus L (surprise)	surprise	0.0665513598735018
56	Angular gyrus L (surprise)	surprise	0.195577112540187
57	Angular gyrus L (surprise)	surprise	0.007036990605789305
58	Angular gyrus L (surprise)	surprise	0.04798200451354575
59	Angular gyrus L (surprise)	surprise	-0.04422474290695802
60	Angular gyrus L (surprise)	surprise	-0.03421341396189469
61	Angular gyrus L (surprise)	surprise	0.01627927036406104
62	Angular gyrus L (surprise)	surprise	0.1320572424927295
63	Angular gyrus L (surprise)	surprise	0.18358701640098107
64	Angular gyrus L (surprise)	surprise	0.09426844835272821
01	Precuneus L	rpe	0.1724253289596459
02	Precuneus L	rpe	0.291934383723898
03	Precuneus L	rpe	0.945120383573826
04	Precuneus L	rpe	-0.3134857196913122
05	Precuneus L	rpe	0.2634889564076222
06	Precuneus L	rpe	-0.09869165646201974
07	Precuneus L	rpe	-0.35954506350559357
09	Precuneus L	rpe	0.17943333067760672
10	Precuneus L	rpe	0.8500904206099898
11	Precuneus L	rpe	0.5748432140884011
12	Precuneus L	rpe	0.0844026293475614
14	Precuneus L	rpe	0.28436909020041806
15	Precuneus L	rpe	-0.09556040616684355
17	Precuneus L	rpe	-0.052188410598319024
18	Precuneus L	rpe	-0.21190678395874404
19	Precuneus L	rpe	0.2878242037259042
20	Precuneus L	rpe	-0.017301582114034614
21	Precuneus L	rpe	0.44742774486617554
22	Precuneus L	rpe	0.2504011915667053
23	Precuneus L	rpe	-0.03158375868292222
24	Precuneus L	rpe	0.805671589838904
25	Precuneus L	rpe	0.764899325751981
26	Precuneus L	rpe	0.13092482846154463
27	Precuneus L	rpe	0.3184057999979962
28	Precuneus L	rpe	0.36884960706676034
29	Precuneus L	rpe	0.011428308095187382
30	Precuneus L	rpe	0.3981369685619896
33	Precuneus L	rpe	-0.05774170068921088
34	Precuneus L	rpe	0.04454611361075496
35	Precuneus L	rpe	0.6275578500286048
36	Precuneus L	rpe	-0.14226635229207987
37	Precuneus L	rpe	0.3304534222535399
38	Precuneus L	rpe	-0.0964912598689363
39	Precuneus L	rpe	0.2865673329885562
40	Precuneus L	rpe	-0.49067525045545557
41	Precuneus L	rpe	0.8530848060929498
42	Precuneus L	rpe	-0.188467638961007
43	Precuneus L	rpe	0.08204523012851538
45	Precuneus L	rpe	0.14803408990007674
46	Precuneus L	rpe	0.07063067906473894
47	Precuneus L	rpe	0.6518657293825865
48	Precuneus L	rpe	0.3060546853680852
49	Precuneus L	rpe	0.419554075935509
50	Precuneus L	rpe	0.22510858758171307
51	Precuneus L	rpe	0.7365301310323006
52	Precuneus L	rpe	0.4156703616947282
53	Precuneus L	rpe	-0.02671487587179209
54	Precuneus L	rpe	0.1649292985973663
55	Precuneus L	rpe	0.6406796870016774
56	Precuneus L	rpe	0.5458854791548557
57	Precuneus L	rpe	0.20122552827422963
58	Precuneus L	rpe	0.35359508999850775
59	Precuneus L	rpe	0.06533529289621118
60	Precuneus L	rpe	0.002841399542968395
61	Precuneus L	rpe	0.22336224821087536
62	Precuneus L	rpe	0.22121940967004183
63	Precuneus L	rpe	-0.5358226665317319
64	Precuneus L	rpe	-0.01767457375958762
01	Precuneus L	urpe	0.14175485610842792
02	Precuneus L	urpe	0.01946069718322305
03	Precuneus L	urpe	-0.16987310363004135
04	Precuneus L	urpe	-0.15078077021834635
05	Precuneus L	urpe	0.2013252444470455
06	Precuneus L	urpe	-0.11876503803170296
07	Precuneus L	urpe	-0.3323716806074561
09	Precuneus L	urpe	-0.23853240791081484
10	Precuneus L	urpe	-0.15756459100859585
11	Precuneus L	urpe	-0.2526219400528515
12	Precuneus L	urpe	0.1619180913337406
14	Precuneus L	urpe	0.1870963815457545
15	Precuneus L	urpe	-0.07839902449936638
17	Precuneus L	urpe	-0.4183374352883114
18	Precuneus L	urpe	0.22572011737759376
19	Precuneus L	urpe	0.15073044553626164
20	Precuneus L	urpe	-0.5902277139600279
21	Precuneus L	urpe	0.15051335102315386
22	Precuneus L	urpe	-0.21582009846501615
23	Precuneus L	urpe	0.249883270769334
24	Precuneus L	urpe	-0.67062101064813
25	Precuneus L	urpe	-0.4426404928875177
26	Precuneus L	urpe	0.037236017672660444
27	Precuneus L	urpe	-0.034003047957856664
28	Precuneus L	urpe	-0.05649328555358976
29	Precuneus L	urpe	0.21111475645358402
30	Precuneus L	urpe	-0.07370044424863219
33	Precuneus L	urpe	0.005074309502582087
34	Precuneus L	urpe	0.1382805620804754
35	Precuneus L	urpe	-0.45682876682731993
36	Precuneus L	urpe	-0.17594134573063944
37	Precuneus L	urpe	-0.1134074002580154
38	Precuneus L	urpe	-0.13947547342916572
39	Precuneus L	urpe	-0.01333065674475091
40	Precuneus L	urpe	0.23922433395501833
41	Precuneus L	urpe	-0.04323049954295721
42	Precuneus L	urpe	0.1220239742420787
43	Precuneus L	urpe	-0.31028014547083266
45	Precuneus L	urpe	0.33889722478776346
46	Precuneus L	urpe	-0.1895569666775542
47	Precuneus L	urpe	0.4010639392315995
48	Precuneus L	urpe	-0.28490174587932415
49	Precuneus L	urpe	-0.4050516211481895
50	Precuneus L	urpe	-0.5918777227580417
51	Precuneus L	urpe	-0.38993922034874123
52	Precuneus L	urpe	-0.15767730832462698
53	Precuneus L	urpe	-0.15543685563119822
54	Precuneus L	urpe	-0.5099405280720825
55	Precuneus L	urpe	-0.30696940288857316
56	Precuneus L	urpe	-0.2910763450050835
57	Precuneus L	urpe	-0.12183400931792486
58	Precuneus L	urpe	0.12198355661158256
59	Precuneus L	urpe	0.3387872086740424
60	Precuneus L	urpe	0.07586624568834532
61	Precuneus L	urpe	-0.06316514852724775
62	Precuneus L	urpe	-0.0747171459356756
63	Precuneus L	urpe	-0.072531389995738
64	Precuneus L	urpe	0.23264587429121306
01	Precuneus L	surprise	-0.03621628768044946
02	Precuneus L	surprise	0.11148967589356606
03	Precuneus L	surprise	0.29757272096913917
04	Precuneus L	surprise	0.07052932626116713
05	Precuneus L	surprise	0.27210133488771915
06	Precuneus L	surprise	0.2597399334708191
07	Precuneus L	surprise	0.13448838142053424
09	Precuneus L	surprise	0.21500875188990734
10	Precuneus L	surprise	0.19377859514531529
11	Precuneus L	surprise	0.15215809412891462
12	Precuneus L	surprise	-0.07135568198959105
14	Precuneus L	surprise	0.2675816977591535
15	Precuneus L	surprise	-0.05058039117910423
17	Precuneus L	surprise	0.02846633861850552
18	Precuneus L	surprise	-0.007239655861603963
19	Precuneus L	surprise	-0.0880185186982745
20	Precuneus L	surprise	-0.02647824313993793
21	Precuneus L	surprise	0.0750541023149962
22	Precuneus L	surprise	0.16912615463424605
23	Precuneus L	surprise	-0.08849151611100878
24	Precuneus L	surprise	0.165253835639559
25	Precuneus L	surprise	0.12635691597418816
26	Precuneus L	surprise	0.3179280942571241
27	Precuneus L	surprise	0.012313255427342969
28	Precuneus L	surprise	0.028504619662186977
29	Precuneus L	surprise	-0.05715757234689633
30	Precuneus L	surprise	0.0938005964122821
33	Precuneus L	surprise	-0.024768792923951392
34	Precuneus L	surprise	-0.03461239213729007
35	Precuneus L	surprise	0.08053290811137209
36	Precuneus L	surprise	0.07046065346857663
37	Precuneus L	surprise	0.10700290189882697
38	Precuneus L	surprise	0.290672037373148
39	Precuneus L	surprise	0.11735862397303166
40	Precuneus L	surprise	-0.11979447033013986
41	Precuneus L	surprise	0.16348631682549875
42	Precuneus L	surprise	0.08952074990757378
43	Precuneus L	surprise	-0.1048146345090699
45	Precuneus L	surprise	0.15458162850835686
46	Precuneus L	surprise	0.17890769152273966
47	Precuneus L	surprise	0.224218207586091
48	Precuneus L	surprise	0.16716012364080132
49	Precuneus L	surprise	0.21140558621304673
50	Precuneus L	surprise	0.01491553178679761
51	Precuneus L	surprise	0.09191580150438186
52	Precuneus L	surprise	0.04902009422001483
53	Precuneus L	surprise	0.09742089245603068
54	Precuneus L	surprise	0.05905673844981086
55	Precuneus L	surprise	0.13101247274354072
56	Precuneus L	surprise	0.19349583294692715
57	Precuneus L	surprise	-0.027447645483419384
58	Precuneus L	surprise	0.15958297293874174
59	Precuneus L	surprise	-0.2196418401557779
60	Precuneus L	surprise	-0.06288904914268896
61	Precuneus L	surprise	0.23768930515744127
62	Precuneus L	surprise	0.009464093967920256
63	Precuneus L	surprise	0.24780290708119093
64	Precuneus L	surprise	0.2338428253772923
01	Inferior parietal lobule R	rpe	0.06976466243970209
02	Inferior parietal lobule R	rpe	0.02116823519580066
03	Inferior parietal lobule R	rpe	-0.08892484427895397
04	Inferior parietal lobule R	rpe	0.9234453152120113
05	Inferior parietal lobule R	rpe	0.4924350710585713
06	Inferior parietal lobule R	rpe	-0.03769888082984835
07	Inferior parietal lobule R	rpe	0.1816418176610023
09	Inferior parietal lobule R	rpe	-0.24419986978638916
10	Inferior parietal lobule R	rpe	0.7572980552911759
11	Inferior parietal lobule R	rpe	-0.017994932585861535
12	Inferior parietal lobule R	rpe	0.0682494017726276
14	Inferior parietal lobule R	rpe	0.2562078638514504
15	Inferior parietal lobule R	rpe	1.247462075650692
17	Inferior parietal lobule R	rpe	-0.10877224909723736
18	Inferior parietal lobule R	rpe	-0.756088982373476
19	Inferior parietal lobule R	rpe	-0.16244648260995745
20	Inferior parietal lobule R	rpe	0.14375725905410947
21	Inferior parietal lobule R	rpe	0.06804317286121658
22	Inferior parietal lobule R	rpe	0.4117109805159271
23	Inferior parietal lobule R	rpe	0.04594687129145313
24	Inferior parietal lobule R	rpe	0.5202316952217371
25	Inferior parietal lobule R	rpe	0.5252106822654605
26	Inferior parietal lobule R	rpe	-0.43500155276618896
27	Inferior parietal lobule R	rpe	0.04285652256803587
28	Inferior parietal lobule R	rpe	0.14352889871690422
29	Inferior parietal lobule R	rpe	0.22678652678616346
30	Inferior parietal lobule R	rpe	-0.42698660721536724
33	Inferior parietal lobule R	rpe	0.5128147681057453
34	Inferior parietal lobule R	rpe	0.30209163825027646
35	Inferior parietal lobule R	rpe	0.09709049660712481
36	Inferior parietal lobule R	rpe	0.1179357365029864
37	Inferior parietal lobule R	rpe	1.3140826320648193
38	Inferior parietal lobule R	rpe	0.15333375863730908
39	Inferior parietal lobule R	rpe	0.19701821848982945
40	Inferior parietal lobule R	rpe	-0.4607404856011271
41	Inferior parietal lobule R	rpe	0.6255710122548044
42	Inferior parietal lobule R	rpe	-0.13133279026835226
43	Inferior parietal lobule R	rpe	-0.10665996826370247
45	Inferior parietal lobule R	rpe	-0.5840251243487
46	Inferior parietal lobule R	rpe	-0.3955884567834437
47	Inferior parietal lobule R	rpe	0.4025819920678623
48	Inferior parietal lobule R	rpe	-0.14450890205800535
49	Inferior parietal lobule R	rpe	0.5394478034041822
50	Inferior parietal lobule R	rpe	0.37324003079906104
51	Inferior parietal lobule R	rpe	0.2643978183250874
52	Inferior parietal lobule R	rpe	-0.1066400691634044
53	Inferior parietal lobule R	rpe	-0.12191275831282837
54	Inferior parietal lobule R	rpe	-0.5383190225437283
55	Inferior parietal lobule R	rpe	-0.09699820029243711
56	Inferior parietal lobule R	rpe	1.6198942217230796
57	Inferior parietal lobule R	rpe	0.19903524293098598
58	Inferior parietal lobule R	rpe	0.2160292050940916
59	Inferior parietal lobule R	rpe	-0.20785945834591985
60	Inferior parietal lobule R	rpe	0.3264758403599262
61	Inferior parietal lobule R	rpe	0.06673506430000999
62	Inferior parietal lobule R	rpe	0.19514472980750724
63	Inferior parietal lobule R	rpe	-0.0012597794035173137
64	Inferior parietal lobule R	rpe	-0.46681232715956866
01	Inferior parietal lobule R	urpe	0.8283519002050161
02	Inferior parietal lobule R	urpe	0.09377136316732504
03	Inferior parietal lobule R	urpe	0.6816127575375139
04	Inferior parietal lobule R	urpe	-0.1557329108760314
05	Inferior parietal lobule R	urpe	0.32383126626431474
06	Inferior parietal lobule R	urpe	0.47883550183847545
07	Inferior parietal lobule R	urpe	0.2679278095019981
09	Inferior parietal lobule R	urpe	0.46570755042135714
10	Inferior parietal lobule R	urpe	-0.10575171685701207
11	Inferior parietal lobule R	urpe	-0.10501618267502635
12	Inferior parietal lobule R	urpe	0.08838909987709485
14	Inferior parietal lobule R	urpe	-0.06749789166962727
15	Inferior parietal lobule R	urpe	0.22549683356191963
17	Inferior parietal lobule R	urpe	0.22267706272017676
18	Inferior parietal lobule R	urpe	0.2628906214586459
19	Inferior parietal lobule R	urpe	0.2224642796535045
20	Inferior parietal lobule R	urpe	-0.0034148142056073996
21	Inferior parietal lobule R	urpe	-0.03885180046054302
22	Inferior parietal lobule R	urpe	-0.3401450802758336
23	Inferior parietal lobule R	urpe	0.8393760752677918
24	Inferior parietal lobule R	urpe	-0.18251406807336024
25	Inferior parietal lobule R	urpe	0.09977728700265288
26	Inferior parietal lobule R	urpe	-0.32147033248096707
27	Inferior parietal lobule R	urpe	-0.03653663253411651
28	Inferior parietal lobule R	urpe	-0.07552366075688041
29	Inferior parietal lobule R	urpe	0.3048820602893829
30	Inferior parietal lobule R	urpe	0.2977225927374093
33	Inferior parietal lobule R	urpe	0.014947960919816978
34	Inferior parietal lobule R	urpe	0.24943490211386232
35	Inferior parietal lobule R	urpe	0.03600489604170434
36	Inferior parietal lobule R	urpe	-0.4488026114739478
37	Inferior parietal lobule R	urpe	0.2997819779627025
38	Inferior parietal lobule R	urpe	-0.37521204145654335
39	Inferior parietal lobule R	urpe	0.13520588194951416
40	Inferior parietal lobule R	urpe	0.24417141875252127
41	Inferior parietal lobule R	urpe	0.45908881556242703
42	Inferior parietal lobule R	urpe	0.1235625356377568
43	Inferior parietal lobule R	urpe	0.3966743872966617
45	Inferior parietal lobule R	urpe	0.9754627281427384
46	Inferior parietal lobule R	urpe	0.7039972718060017
47	Inferior parietal lobule R	urpe	0.556227357685566
48	Inferior parietal lobule R	urpe	0.18151339231058955
49	Inferior parietal lobule R	urpe	0.4445798808953259
50	Inferior parietal lobule R	urpe	0.470748445764184
51	Inferior parietal lobule R	urpe	0.3956690372619778
52	Inferior parietal lobule R	urpe	0.5598562687635422
53	Inferior parietal lobule R	urpe	0.15226843890966849
54	Inferior parietal lobule R	urpe	0.1466556836343807
55	Inferior parietal lobule R	urpe	0.5594724670797586
56	Inferior parietal lobule R	urpe	-0.6493532933224924
57	Inferior parietal lobule R	urpe	-0.046396074199001304
58	Inferior parietal lobule R	urpe	0.35464394216425715
59	Inferior parietal lobule R	urpe	1.122076052427292
60	Inferior parietal lobule R	urpe	0.2268117727013305
61	Inferior parietal lobule R	urpe	-0.02215267454273999
62	Inferior parietal lobule R	urpe	0.3250443300791085
63	Inferior parietal lobule R	urpe	0.03714123890735209
64	Inferior parietal lobule R	urpe	0.3883496775850654
01	Inferior parietal lobule R	surprise	-0.017072101919134185
02	Inferior parietal lobule R	surprise	0.13641958637163043
03	Inferior parietal lobule R	surprise	0.028346896008588373
04	Inferior parietal lobule R	surprise	-0.34153244718210773
05	Inferior parietal lobule R	surprise	0.06434816379682161
06	Inferior parietal lobule R	surprise	-0.045814090502099135
07	Inferior parietal lobule R	surprise	-0.11591698408592492
09	Inferior parietal lobule R	surprise	-0.17612386720255016
10	Inferior parietal lobule R	surprise	-0.04987100334139541
11	Inferior parietal lobule R	surprise	0.08010177572279645
12	Inferior parietal lobule R	surprise	0.08057956881588325
14	Inferior parietal lobule R	surprise	0.07156039761379361
15	Inferior parietal lobule R	surprise	-0.1592466171574779
17	Inferior parietal lobule R	surprise	0.23371388828381895
18	Inferior parietal lobule R	surprise	-0.22733926370739937
19	Inferior parietal lobule R	surprise	-0.23958582202438264
20	Inferior parietal lobule R	surprise	0.05862034974852577
21	Inferior parietal lobule R	surprise	0.007826752778364608
22	Inferior parietal lobule R	surprise	-0.1439531292533502
23	Inferior parietal lobule R	surprise	0.13700247329194098
24	Inferior parietal lobule R	surprise	0.07149171486264094
25	Inferior parietal lobule R	surprise	-0.05413972694892436
26	Inferior parietal lobule R	surprise	0.19256033752753865
27	Inferior parietal lobule R	surprise	0.05097060952102765
28	Inferior parietal lobule R	surprise	-0.04036147087870631
29	Inferior parietal lobule R	surprise	0.0016332254336157348
30	Inferior parietal lobule R	surprise	0.10218439160846174
33	Inferior parietal lobule R	surprise	0.023570929660927505
34	Inferior parietal lobule R	surprise	0.16437379385344683
35	Inferior parietal lobule R	surprise	0.007648148200532887
36	Inferior parietal lobule R	surprise	0.08204956711582781
37	Inferior parietal lobule R	surprise	-0.16773363303975203
38	Inferior parietal lobule R	surprise	0.14917542211071122
39	Inferior parietal lobule R	surprise	0.13819065254181623
40	Inferior parietal lobule R	surprise	-0.12256620222469791
41	Inferior parietal lobule R	surprise	0.16796959227009212
42	Inferior parietal lobule R	surprise	-0.06559551945567364
43	Inferior parietal lobule R	surprise	0.41262900963425636
45	Inferior parietal lobule R	surprise	0.06149612145731226
46	Inferior parietal lobule R	surprise	-0.08632638734765351
47	Inferior parietal lobule R	surprise	0.03668912110850215
48	Inferior parietal lobule R	surprise	0.04372898514033295
49	Inferior parietal lobule R	surprise	0.41268548492342233
50	Inferior parietal lobule R	surprise	0.16208324399136473
51	Inferior parietal lobule R	surprise	-0.08246041838894598
52	Inferior parietal lobule R	surprise	-0.1893850451335311
53	Inferior parietal lobule R	surprise	0.08723484233720229
54	Inferior parietal lobule R	surprise	0.09602847859663598
55	Inferior parietal lobule R	surprise	-0.06238310432061553
56	Inferior parietal lobule R	surprise	-0.3205227955337614
57	Inferior parietal lobule R	surprise	-0.12516921782662394
58	Inferior parietal lobule R	surprise	0.14813263117335737
59	Inferior parietal lobule R	surprise	-0.5689422054588795
60	Inferior parietal lobule R	surprise	0.013136451821192168
61	Inferior parietal lobule R	surprise	0.15593921467196195
62	Inferior parietal lobule R	surprise	-0.08871995395165869
63	Inferior parietal lobule R	surprise	0.01932176412869012
64	Inferior parietal lobule R	surprise	-0.12609073037605412
01	DLPFC L (2)	rpe	-0.004841156240500924
02	DLPFC L (2)	rpe	0.6084129047062662
03	DLPFC L (2)	rpe	0.43706917588392064
04	DLPFC L (2)	rpe	0.26608391653539404
05	DLPFC L (2)	rpe	0.4092453854520702
06	DLPFC L (2)	rpe	0.001063059790370365
07	DLPFC L (2)	rpe	-0.12599604949355125
09	DLPFC L (2)	rpe	-0.010408156871562824
10	DLPFC L (2)	rpe	0.6906340344084634
11	DLPFC L (2)	rpe	0.46100968644022944
12	DLPFC L (2)	rpe	0.23661030593017737
14	DLPFC L (2)	rpe	0.22173856015627583
15	DLPFC L (2)	rpe	0.2427437752795716
17	DLPFC L (2)	rpe	0.027748198688883955
18	DLPFC L (2)	rpe	0.10581916814149331
19	DLPFC L (2)	rpe	0.3769059445295069
20	DLPFC L (2)	rpe	0.10925844214184002
21	DLPFC L (2)	rpe	0.2883469300551547
22	DLPFC L (2)	rpe	0.28088879383479554
23	DLPFC L (2)	rpe	0.14950882693131765
24	DLPFC L (2)	rpe	0.4108490195539263
25	DLPFC L (2)	rpe	0.38080642642970713
26	DLPFC L (2)	rpe	0.08515308249948753
27	DLPFC L (2)	rpe	0.3873357698528303
28	DLPFC L (2)	rpe	0.11582538949894822
29	DLPFC L (2)	rpe	0.16018140106461942
30	DLPFC L (2)	rpe	0.4921876580195708
33	DLPFC L (2)	rpe	0.28868825948900645
34	DLPFC L (2)	rpe	-0.04628833743045106
35	DLPFC L (2)	rpe	0.3872237012721598
36	DLPFC L (2)	rpe	0.07448871047106675
37	DLPFC L (2)	rpe	0.35063919625762435
38	DLPFC L (2)	rpe	0.08355401376934929
39	DLPFC L (2)	rpe	0.155607961379509
40	DLPFC L (2)	rpe	-0.05354946717723376
41	DLPFC L (2)	rpe	0.7613701519038942
42	DLPFC L (2)	rpe	-0.2191628658471422
43	DLPFC L (2)	rpe	0.4790081420602898
45	DLPFC L (2)	rpe	0.7720465931627486
46	DLPFC L (2)	rpe	0.24991848447049658
47	DLPFC L (2)	rpe	0.5446640125993225
48	DLPFC L (2)	rpe	0.8090685519907209
49	DLPFC L (2)	rpe	0.29495655797008014
50	DLPFC L (2)	rpe	0.22633106327072408
51	DLPFC L (2)	rpe	0.4219638072057731
52	DLPFC L (2)	rpe	0.36763473028937976
53	DLPFC L (2)	rpe	-0.025433754781261086
54	DLPFC L (2)	rpe	0.29508354720763036
55	DLPFC L (2)	rpe	0.5577464283340507
56	DLPFC L (2)	rpe	0.10118705408466566
57	DLPFC L (2)	rpe	0.32441577245998715
58	DLPFC L (2)	rpe	0.6632173808084594
59	DLPFC L (2)	rpe	0.1294295316594394
60	DLPFC L (2)	rpe	0.290633605249847
61	DLPFC L (2)	rpe	0.27793746636145644
62	DLPFC L (2)	rpe	-0.0625903594876743
63	DLPFC L (2)	rpe	-0.22760524412927527
64	DLPFC L (2)	rpe	0.12183115364362797
01	DLPFC L (2)	urpe	0.13452526866587708
02	DLPFC L (2)	urpe	-0.5147803412957324
03	DLPFC L (2)	urpe	3.679006153510677e-05
04	DLPFC L (2)	urpe	-0.16406072249843015
05	DLPFC L (2)	urpe	-0.05323646266220344
06	DLPFC L (2)	urpe	-0.11577448752036111
07	DLPFC L (2)	urpe	0.04260611368550195
09	DLPFC L (2)	urpe	-0.15750872405608082
10	DLPFC L (2)	urpe	-0.3554412270378735
11	DLPFC L (2)	urpe	-0.0695163735990516
12	DLPFC L (2)	urpe	0.05664036062015738
14	DLPFC L (2)	urpe	-0.11414628917118534
15	DLPFC L (2)	urpe	0.24246099984480274
17	DLPFC L (2)	urpe	-0.39617083520731994
18	DLPFC L (2)	urpe	0.33799467430863944
19	DLPFC L (2)	urpe	-0.20740980203522164
20	DLPFC L (2)	urpe	-0.38106134798791674
21	DLPFC L (2)	urpe	-0.011889402653711538
22	DLPFC L (2)	urpe	-0.08236527770964636
23	DLPFC L (2)	urpe	0.23193438903609703
24	DLPFC L (2)	urpe	-0.33580304985193327
25	DLPFC L (2)	urpe	-0.21277856993902888
26	DLPFC L (2)	urpe	0.023152692873393083
27	DLPFC L (2)	urpe	-0.15027468084202458
28	DLPFC L (2)	urpe	-0.011006943156502934
29	DLPFC L (2)	urpe	0.03001360103694929
30	DLPFC L (2)	urpe	-0.12357417809673482
33	DLPFC L (2)	urpe	0.010227246741609027
34	DLPFC L (2)	urpe	0.12200134200255787
35	DLPFC L (2)	urpe	-0.16960417252008078
36	DLPFC L (2)	urpe	-0.23115752724697813
37	DLPFC L (2)	urpe	-0.06314438758417965
38	DLPFC L (2)	urpe	-0.12571370227896195
39	DLPFC L (2)	urpe	-0.014472510374616832
40	DLPFC L (2)	urpe	0.09972561777879795
41	DLPFC L (2)	urpe	-0.15749940085483508
42	DLPFC L (2)	urpe	-0.1370456715217895
43	DLPFC L (2)	urpe	-0.10075770681206551
45	DLPFC L (2)	urpe	-0.47890346323450406
46	DLPFC L (2)	urpe	-0.3182631338332107
47	DLPFC L (2)	urpe	-0.042880727019574905
48	DLPFC L (2)	urpe	-0.4983119381798638
49	DLPFC L (2)	urpe	-0.38133371024289064
50	DLPFC L (2)	urpe	-0.19424840175650185
51	DLPFC L (2)	urpe	-0.42139945179224014
52	DLPFC L (2)	urpe	-0.16035199475785097
53	DLPFC L (2)	urpe	-0.007820298419230515
54	DLPFC L (2)	urpe	-0.4126207527083655
55	DLPFC L (2)	urpe	-0.22448437811496358
56	DLPFC L (2)	urpe	-0.028172545397602437
57	DLPFC L (2)	urpe	-0.2390956271853712
58	DLPFC L (2)	urpe	-0.2732826019727832
59	DLPFC L (2)	urpe	0.018013554081941646
60	DLPFC L (2)	urpe	-0.08820021606257392
61	DLPFC L (2)	urpe	-0.18359262683014904
62	DLPFC L (2)	urpe	-0.06676041891591417
63	DLPFC L (2)	urpe	-0.13174526931511032
64	DLPFC L (2)	urpe	0.11135202184345366
01	DLPFC L (2)	surprise	0.06952528703000603
02	DLPFC L (2)	surprise	0.09645229488249041
03	DLPFC L (2)	surprise	0.06748276587523934
04	DLPFC L (2)	surprise	-0.06990216153208166
05	DLPFC L (2)	surprise	0.33827740436212883
06	DLPFC L (2)	surprise	0.18457750400735273
07	DLPFC L (2)	surprise	0.10869008883989105
09	DLPFC L (2)	surprise	0.09489250564300973
10	DLPFC L (2)	surprise	0.012361590834593194
11	DLPFC L (2)	surprise	0.110939852524704
12	DLPFC L (2)	surprise	0.017209637405661244
14	DLPFC L (2)	surprise	0.05518399440916255
15	DLPFC L (2)	surprise	-0.0492763958839027
17	DLPFC L (2)	surprise	0.08388262843816645
18	DLPFC L (2)	surprise	-0.11044214428661184
19	DLPFC L (2)	surprise	-0.08977681227519901
20	DLPFC L (2)	surprise	0.048744804942463006
21	DLPFC L (2)	surprise	-0.03632526237213622
22	DLPFC L (2)	surprise	0.19719715686514974
23	DLPFC L (2)	surprise	0.2045038581929273
24	DLPFC L (2)	surprise	0.0660837450879626
25	DLPFC L (2)	surprise	0.015976209095808575
26	DLPFC L (2)	surprise	0.17523105048264068
27	DLPFC L (2)	surprise	0.07052638553496864
28	DLPFC L (2)	surprise	5.2827363833785054e-05
29	DLPFC L (2)	surprise	0.0014796595606538984
30	DLPFC L (2)	surprise	0.12261060253561785
33	DLPFC L (2)	surprise	-0.015334437185406892
34	DLPFC L (2)	surprise	0.04780855185203513
35	DLPFC L (2)	surprise	0.02810278663673671
36	DLPFC L (2)	surprise	-0.056176042758549254
37	DLPFC L (2)	surprise	0.07341267066286593
38	DLPFC L (2)	surprise	0.06694691767010631
39	DLPFC L (2)	surprise	0.13806047599710938
40	DLPFC L (2)	surprise	0.04527219156152569
41	DLPFC L (2)	surprise	0.06335630956972535
42	DLPFC L (2)	surprise	0.20524218247996437
43	DLPFC L (2)	surprise	0.0004265658932531046
45	DLPFC L (2)	surprise	0.0663635470231788
46	DLPFC L (2)	surprise	0.12142342899751384
47	DLPFC L (2)	surprise	-0.002761310582799423
48	DLPFC L (2)	surprise	-0.034187796442872946
49	DLPFC L (2)	surprise	0.23379399006565413
50	DLPFC L (2)	surprise	0.0038446903995160635
51	DLPFC L (2)	surprise	0.011620963166933507
52	DLPFC L (2)	surprise	-0.037086434206220376
53	DLPFC L (2)	surprise	0.03651348831028574
54	DLPFC L (2)	surprise	0.018131050444773995
55	DLPFC L (2)	surprise	0.07686193653434101
56	DLPFC L (2)	surprise	0.2917195721218983
57	DLPFC L (2)	surprise	0.028043109182059805
58	DLPFC L (2)	surprise	0.051394386236400656
59	DLPFC L (2)	surprise	-0.06720716047048983
60	DLPFC L (2)	surprise	0.08491792447037166
61	DLPFC L (2)	surprise	-0.03225198039888508
62	DLPFC L (2)	surprise	0.19285421950949563
63	DLPFC L (2)	surprise	0.10889563841952218
64	DLPFC L (2)	surprise	0.042183948546234105
01	Angular gyrus R	rpe	0.2815538872308819
02	Angular gyrus R	rpe	0.4985848866193227
03	Angular gyrus R	rpe	0.436691019185622
04	Angular gyrus R	rpe	0.15866416017852827
05	Angular gyrus R	rpe	0.3427918423098368
06	Angular gyrus R	rpe	0.06585498186300548
07	Angular gyrus R	rpe	-0.3485831098867134
09	Angular gyrus R	rpe	0.028920298632444212
10	Angular gyrus R	rpe	1.1290678860436023
11	Angular gyrus R	rpe	0.5433455243916578
12	Angular gyrus R	rpe	0.129931832035728
14	Angular gyrus R	rpe	0.20603751637284237
15	Angular gyrus R	rpe	0.02596299763454098
17	Angular gyrus R	rpe	-0.25046514999777286
18	Angular gyrus R	rpe	0.32963749477770965
19	Angular gyrus R	rpe	0.1257096365074509
20	Angular gyrus R	rpe	0.273936352784365
21	Angular gyrus R	rpe	0.40911520067864743
22	Angular gyrus R	rpe	0.5560871550000049
23	Angular gyrus R	rpe	0.198077028800494
24	Angular gyrus R	rpe	0.7591089623075136
25	Angular gyrus R	rpe	0.5979062457319716
26	Angular gyrus R	rpe	0.07110438311577473
27	Angular gyrus R	rpe	0.31604761527982395
28	Angular gyrus R	rpe	0.5172133451248978
29	Angular gyrus R	rpe	0.2925279970136537
30	Angular gyrus R	rpe	0.13100632870058254
33	Angular gyrus R	rpe	0.18547927520096852
34	Angular gyrus R	rpe	0.13276251564031913
35	Angular gyrus R	rpe	0.39643198923325873
36	Angular gyrus R	rpe	0.24119463703975502
37	Angular gyrus R	rpe	0.49147887981142585
38	Angular gyrus R	rpe	0.11312774476319762
39	Angular gyrus R	rpe	0.33472350878562307
40	Angular gyrus R	rpe	0.32183508758603685
41	Angular gyrus R	rpe	0.7214290028516676
42	Angular gyrus R	rpe	0.3771658251455552
43	Angular gyrus R	rpe	0.08907480246689119
45	Angular gyrus R	rpe	0.5726403033387073
46	Angular gyrus R	rpe	0.31066589771022257
47	Angular gyrus R	rpe	0.4943104444045416
48	Angular gyrus R	rpe	0.30011244147071536
49	Angular gyrus R	rpe	-0.022196074441062207
50	Angular gyrus R	rpe	0.23339693662776073
51	Angular gyrus R	rpe	0.4374377614438114
52	Angular gyrus R	rpe	0.5596620069003441
53	Angular gyrus R	rpe	-0.19236003263840373
54	Angular gyrus R	rpe	-0.0018056936407933983
55	Angular gyrus R	rpe	0.2484123792997758
56	Angular gyrus R	rpe	0.6622435258911319
57	Angular gyrus R	rpe	0.12065243923505374
58	Angular gyrus R	rpe	0.1266867317993876
59	Angular gyrus R	rpe	0.014180617931653077
60	Angular gyrus R	rpe	-0.011004863251131815
61	Angular gyrus R	rpe	0.24594935423261682
62	Angular gyrus R	rpe	0.11234200654492359
63	Angular gyrus R	rpe	-0.1493611696723875
64	Angular gyrus R	rpe	-0.24991205181191925
01	Angular gyrus R	urpe	-0.023052080298288608
02	Angular gyrus R	urpe	-0.47796910833305034
03	Angular gyrus R	urpe	-0.012271018574197948
04	Angular gyrus R	urpe	-0.02521222613384606
05	Angular gyrus R	urpe	-0.4020053852926677
06	Angular gyrus R	urpe	-0.1670154114286612
07	Angular gyrus R	urpe	-0.038544701959964046
09	Angular gyrus R	urpe	-0.07637415327210452
10	Angular gyrus R	urpe	-0.2628000790030289
11	Angular gyrus R	urpe	-0.29194188204554605
12	Angular gyrus R	urpe	0.1611756863462752
14	Angular gyrus R	urpe	-0.030887930490024074
15	Angular gyrus R	urpe	-0.09348012501714935
17	Angular gyrus R	urpe	0.089758526888007
18	Angular gyrus R	urpe	0.18974053108094024
19	Angular gyrus R	urpe	0.33470933768950717
20	Angular gyrus R	urpe	-0.22842226096127236
21	Angular gyrus R	urpe	0.029072390319156448
22	Angular gyrus R	urpe	-0.20273900490162344
23	Angular gyrus R	urpe	0.38155079702518774
24	Angular gyrus R	urpe	-0.613710816897137
25	Angular gyrus R	urpe	-0.07735317826113651
26	Angular gyrus R	urpe	0.11723378255084471
27	Angular gyrus R	urpe	-0.18390872737910913
28	Angular gyrus R	urpe	-0.04437723353875696
29	Angular gyrus R	urpe	0.12736055187720716
30	Angular gyrus R	urpe	-0.4387110078733572
33	Angular gyrus R	urpe	0.037766134700882185
34	Angular gyrus R	urpe	-0.076616681607204
35	Angular gyrus R	urpe	-0.19179005271584634
36	Angular gyrus R	urpe	-0.31600064403233186
37	Angular gyrus R	urpe	-0.03879109778257848
38	Angular gyrus R	urpe	-0.09821727431156266
39	Angular gyrus R	urpe	-0.2594938641217288
40	Angular gyrus R	urpe	-0.021538348944733103
41	Angular gyrus R	urpe	0.1985410140223906
42	Angular gyrus R	urpe	-0.2691715275999946
43	Angular gyrus R	urpe	-0.10868194691908979
45	Angular gyrus R	urpe	0.13941157029443224
46	Angular gyrus R	urpe	-0.1960075262337136
47	Angular gyrus R	urpe	0.3343374066441779
48	Angular gyrus R	urpe	-0.3230430399736678
49	Angular gyrus R	urpe	-0.005437554770664142
50	Angular gyrus R	urpe	-0.41553110298766216
51	Angular gyrus R	urpe	-0.016140682806431408
52	Angular gyrus R	urpe	-0.4827686993169113
53	Angular gyrus R	urpe	-0.0044718528163134
54	Angular gyrus R	urpe	-0.6530347742192762
55	Angular gyrus R	urpe	-0.34424805187318525
56	Angular gyrus R	urpe	-0.40860908301416
57	Angular gyrus R	urpe	-0.2074568296100577
58	Angular gyrus R	urpe	0.09258198495757516
59	Angular gyrus R	urpe	0.15187030520763997
60	Angular gyrus R	urpe	0.06703693190143561
61	Angular gyrus R	urpe	-0.14946054473048334
62	Angular gyrus R	urpe	0.11201987509668188
63	Angular gyrus R	urpe	-0.0027766923984171637
64	Angular gyrus R	urpe	0.35434843804424915
01	Angular gyrus R	surprise	-0.0548197247717582
02	Angular gyrus R	surprise	0.030478476316948475
03	Angular gyrus R	surprise	0.23439383142116205
04	Angular gyrus R	surprise	-0.13769812435961107
05	Angular gyrus R	surprise	0.568385554451338
06	Angular gyrus R	surprise	0.1037050948697995
07	Angular gyrus R	surprise	0.14136160426104152
09	Angular gyrus R	surprise	0.06361160263202717
10	Angular gyrus R	surprise	0.17819437709912447
11	Angular gyrus R	surprise	0.14826573127172363
12	Angular gyrus R	surprise	-0.03614189005481459
14	Angular gyrus R	surprise	0.06780067575820001
15	Angular gyrus R	surprise	-0.06478764257610212
17	Angular gyrus R	surprise	0.17364822958045129
18	Angular gyrus R	surprise	-0.013730491424827101
19	Angular gyrus R	surprise	-0.025071916903342893
20	Angular gyrus R	surprise	0.042717725814903865
21	Angular gyrus R	surprise	0.059296601209264825
22	Angular gyrus R	surprise	0.06713522120680608
23	Angular gyrus R	surprise	-0.09810981317095353
24	Angular gyrus R	surprise	0.07513660201507712
25	Angular gyrus R	surprise	0.10878851013756144
26	Angular gyrus R	surprise	0.05615556746150259
27	Angular gyrus R	surprise	0.01349285136232756
28	Angular gyrus R	surprise	0.06544611893322083
29	Angular gyrus R	surprise	0.018409383811161553
30	Angular gyrus R	surprise	0.03402207622101242
33	Angular gyrus R	surprise	-0.06066522580238623
34	Angular gyrus R	surprise	0.00020147447390678587
35	Angular gyrus R	surprise	0.02332655993188997
36	Angular gyrus R	surprise	0.09924850571231628
37	Angular gyrus R	surprise	0.04760946292581011
38	Angular gyrus R	surprise	0.22669766943009806
39	Angular gyrus R	surprise	0.3063617600521571
40	Angular gyrus R	surprise	0.08432601280444839
41	Angular gyrus R	surprise	0.09379348620480503
42	Angular gyrus R	surprise	0.05734832960338345
43	Angular gyrus R	surprise	0.04515431429469355
45	Angular gyrus R	surprise	0.11068173034877425
46	Angular gyrus R	surprise	0.08748885053357529
47	Angular gyrus R	surprise	0.04812333822696352
48	Angular gyrus R	surprise	0.180631852472647
49	Angular gyrus R	surprise	0.13050841610070357
50	Angular gyrus R	surprise	0.10841112669137581
51	Angular gyrus R	surprise	0.15078684752544677
52	Angular gyrus R	surprise	-0.04885190029622016
53	Angular gyrus R	surprise	-0.0069748833193443716
54	Angular gyrus R	surprise	0.11336535927642818
55	Angular gyrus R	surprise	0.08854602935763312
56	Angular gyrus R	surprise	0.21139708351553746
57	Angular gyrus R	surprise	0.15495742467874793
58	Angular gyrus R	surprise	0.11057339386332413
59	Angular gyrus R	surprise	-0.11281871422469406
60	Angular gyrus R	surprise	-0.030806868566646124
61	Angular gyrus R	surprise	0.09238789065963995
62	Angular gyrus R	surprise	-0.0042613377224024335
63	Angular gyrus R	surprise	0.20676356637981577
64	Angular gyrus R	surprise	0.022055152475728954
01	Insula L	rpe	-0.5822571570026702
02	Insula L	rpe	-0.09201887266649662
03	Insula L	rpe	-0.2935004184373479
04	Insula L	rpe	0.21717648008379384
05	Insula L	rpe	-0.7231138993756495
06	Insula L	rpe	-0.3744158297777176
07	Insula L	rpe	-0.36130049759927
09	Insula L	rpe	-0.22952165479596326
10	Insula L	rpe	0.33082747475608537
11	Insula L	rpe	-0.038833358406048755
12	Insula L	rpe	0.1761619071813597
14	Insula L	rpe	-0.040956451692550945
15	Insula L	rpe	0.5051740008419838
17	Insula L	rpe	-0.3766318475422652
18	Insula L	rpe	-0.14751210345117294
19	Insula L	rpe	-0.07680721530029415
20	Insula L	rpe	-0.33838168240111804
21	Insula L	rpe	0.06992118585554451
22	Insula L	rpe	0.11935984478180256
23	Insula L	rpe	0.24354053651104154
24	Insula L	rpe	0.00940718402262723
25	Insula L	rpe	0.3159885341107535
26	Insula L	rpe	-0.23909151895255173
27	Insula L	rpe	0.31025910917399585
28	Insula L	rpe	-0.20415870723840984
29	Insula L	rpe	0.08704060587046696
30	Insula L	rpe	-0.0015403534744636736
33	Insula L	rpe	-0.009246351310402912
34	Insula L	rpe	-0.10096008834037659
35	Insula L	rpe	0.20582293468844687
36	Insula L	rpe	-0.21443929785754587
37	Insula L	rpe	0.12617829624745672
38	Insula L	rpe	-0.3705921273988982
39	Insula L	rpe	-0.40847633649136167
40	Insula L	rpe	-0.17781613467504148
41	Insula L	rpe	0.4251941798551791
42	Insula L	rpe	-0.2838946475674385
43	Insula L	rpe	0.2772961093449313
45	Insula L	rpe	-0.729942700461201
46	Insula L	rpe	-0.48793178956037847
47	Insula L	rpe	0.03684686251875499
48	Insula L	rpe	0.15456411080515903
49	Insula L	rpe	0.010012673446908593
50	Insula L	rpe	-0.21640952752162432
51	Insula L	rpe	0.17531624699433346
52	Insula L	rpe	-0.13933700008614772
53	Insula L	rpe	0.1615211084464808
54	Insula L	rpe	-0.2723871050942419
55	Insula L	rpe	-0.009654656288794417
56	Insula L	rpe	0.5092302286268576
57	Insula L	rpe	-0.2285133535919738
58	Insula L	rpe	0.21244019902635203
59	Insula L	rpe	-0.6928304761000301
60	Insula L	rpe	0.33953062515111937
61	Insula L	rpe	-0.020314776358883017
62	Insula L	rpe	0.21603952743706928
63	Insula L	rpe	-0.26869131741451396
64	Insula L	rpe	-0.2729200400088144
01	Insula L	urpe	0.5491116457227347
02	Insula L	urpe	0.4884722776764977
03	Insula L	urpe	0.5282209749077109
04	Insula L	urpe	-0.173884191725781
05	Insula L	urpe	0.4436283878901083
06	Insula L	urpe	0.040762780871971147
07	Insula L	urpe	-0.027602889338859182
09	Insula L	urpe	0.22803007752594093
10	Insula L	urpe	-0.013117379124235847
11	Insula L	urpe	0.3021245421031895
12	Insula L	urpe	-0.015432304604842828
14	Insula L	urpe	0.28145200448731583
15	Insula L	urpe	0.04689347244888979
17	Insula L	urpe	0.16980958866981277
18	Insula L	urpe	0.6254808440588523
19	Insula L	urpe	-0.07557268828099621
20	Insula L	urpe	-0.005552017924513337
21	Insula L	urpe	-0.14198359394567492
22	Insula L	urpe	-0.17007473383800706
23	Insula L	urpe	-0.054101760466701176
24	Insula L	urpe	0.08813582634067406
25	Insula L	urpe	0.13318947764059555
26	Insula L	urpe	-0.061426428258014115
27	Insula L	urpe	-0.09420852080675894
28	Insula L	urpe	0.05944727278699208
29	Insula L	urpe	0.21294803892353387
30	Insula L	urpe	0.4231585529835328
33	Insula L	urpe	0.014971699624700283
34	Insula L	urpe	0.15236323292407652
35	Insula L	urpe	-0.13724282376495175
36	Insula L	urpe	0.08039639449502894
37	Insula L	urpe	0.35883290587209055
38	Insula L	urpe	-0.044967976908293975
39	Insula L	urpe	0.42382167638751905
40	Insula L	urpe	0.05957587924575015
41	Insula L	urpe	0.4247104109035454
42	Insula L	urpe	0.13582594432881562
43	Insula L	urpe	0.09499265925040927
45	Insula L	urpe	0.4764285566474217
46	Insula L	urpe	0.42760127883377497
47	Insula L	urpe	0.4363610240212385
48	Insula L	urpe	0.09791556096541276
49	Insula L	urpe	0.0035028699448035245
50	Insula L	urpe	0.45617001606286434
51	Insula L	urpe	-0.2162203659451958
52	Insula L	urpe	0.12717888118577717
53	Insula L	urpe	0.17355275340378284
54	Insula L	urpe	0.18724897290256037
55	Insula L	urpe	0.22567742066525354
56	Insula L	urpe	-0.27961409075752547
57	Insula L	urpe	0.05750339151785264
58	Insula L	urpe	0.21871300546479397
59	Insula L	urpe	0.8811514470456303
60	Insula L	urpe	-0.0980665437148317
61	Insula L	urpe	0.14165821004038057
62	Insula L	urpe	0.18964647835051385
63	Insula L	urpe	-0.12850232507723072
64	Insula L	urpe	0.37117122109655454
01	Insula L	surprise	-0.07467197336634432
02	Insula L	surprise	0.07300465136126993
03	Insula L	surprise	0.14513648794694006
04	Insula L	surprise	0.005395388606922242
05	Insula L	surprise	-0.04557684669692906
06	Insula L	surprise	-0.04741871033756406
07	Insula L	surprise	-0.11840901280621714
09	Insula L	surprise	-0.04402141385556509
10	Insula L	surprise	-0.04466377837799382
11	Insula L	surprise	0.12769019765192238
12	Insula L	surprise	0.03171359788056166
14	Insula L	surprise	0.0027033828580212116
15	Insula L	surprise	-0.04143254871081993
17	Insula L	surprise	-0.07418750352023737
18	Insula L	surprise	-0.1607682873778369
19	Insula L	surprise	-0.058887436452821115
20	Insula L	surprise	0.13671330664900766
21	Insula L	surprise	0.023075680601903223
22	Insula L	surprise	0.17059778047226154
23	Insula L	surprise	0.005390816158108899
24	Insula L	surprise	0.1031825275875736
25	Insula L	surprise	-0.0677278531658648
26	Insula L	surprise	0.3010072559118271
27	Insula L	surprise	0.030766886024587395
28	Insula L	surprise	0.10060720335341235
29	Insula L	surprise	0.01170050315187731
30	Insula L	surprise	0.07108861312904544
33	Insula L	surprise	0.07641889655834361
34	Insula L	surprise	-0.02095765997385741
35	Insula L	surprise	0.1455620348089091
36	Insula L	surprise	0.01184536123553804
37	Insula L	surprise	0.02491826241147583
38	Insula L	surprise	-0.08150075628435698
39	Insula L	surprise	0.022892080496682825
40	Insula L	surprise	-0.03641741193807346
41	Insula L	surprise	0.17876052579748025
42	Insula L	surprise	0.08867459667785822
43	Insula L	surprise	0.019983964719964813
45	Insula L	surprise	0.010168196573563298
46	Insula L	surprise	-0.07425201922466142
47	Insula L	surprise	-0.037970487838206085
48	Insula L	surprise	-0.059814974884975
49	Insula L	surprise	0.08539232109551845
50	Insula L	surprise	-0.018375836983424328
51	Insula L	surprise	0.032057470584969334
52	Insula L	surprise	-0.06376420865948919
53	Insula L	surprise	0.18268360493137784
54	Insula L	surprise	-0.05288901995273604
55	Insula L	surprise	-0.18919224907522617
56	Insula L	surprise	0.09321296907812897
57	Insula L	surprise	-0.11884981583621677
58	Insula L	surprise	-0.017046895040118176
59	Insula L	surprise	-0.37123760300270026
60	Insula L	surprise	-0.06155977217375935
61	Insula L	surprise	-0.08497194294983089
62	Insula L	surprise	-0.02430613758548608
63	Insula L	surprise	0.08701642512924214
64	Insula L	surprise	-0.0609857677485232
