subject	name	signal	value
01	Caudate / Putamen R	rpe	0.12198372241453893
02	Caudate / Putamen R	rpe	0.48274707996362565
03	Caudate / Putamen R	rpe	0.5339107932809625
04	Caudate / Putamen R	rpe	0.25263108875915713
05	Caudate / Putamen R	rpe	0.394443158516323
06	Caudate / Putamen R	rpe	0.17226571593230572
07	Caudate / Putamen R	rpe	-0.060757861696536075
09	Caudate / Putamen R	rpe	0.10912732554832398
10	Caudate / Putamen R	rpe	0.7821991552723732
11	Caudate / Putamen R	rpe	0.46048819671336894
12	Caudate / Putamen R	rpe	0.15554035797747032
14	Caudate / Putamen R	rpe	0.0883972114398672
15	Caudate / Putamen R	rpe	0.2031833277542332
17	Caudate / Putamen R	rpe	0.10982594029716694
18	Caudate / Putamen R	rpe	0.05954040356204664
19	Caudate / Putamen R	rpe	0.36171316015806326
20	Caudate / Putamen R	rpe	0.11485057150067494
21	Caudate / Putamen R	rpe	0.3074510723515937
22	Caudate / Putamen R	rpe	0.1447370427034934
23	Caudate / Putamen R	rpe	0.09159098147400882
24	Caudate / Putamen R	rpe	0.40686910177783203
25	Caudate / Putamen R	rpe	0.5189990267907052
26	Caudate / Putamen R	rpe	-0.17443948618350416
27	Caudate / Putamen R	rpe	0.37791604680097896
28	Caudate / Putamen R	rpe	0.28414029096644866
29	Caudate / Putamen R	rpe	0.33356937943640164
30	Caudate / Putamen R	rpe	0.27810505107455863
33	Caudate / Putamen R	rpe	0.15314817629935576
34	Caudate / Putamen R	rpe	0.11488949599244849
35	Caudate / Putamen R	rpe	0.23397301397298245
36	Caudate / Putamen R	rpe	0.13288951464937657
37	Caudate / Putamen R	rpe	0.31375016017437757
38	Caudate / Putamen R	rpe	-0.09627448523298478
39	Caudate / Putamen R	rpe	0.1441638034464044
40	Caudate / Putamen R	rpe	-0.02370536618194505
41	Caudate / Putamen R	rpe	0.5921925517845225
42	Caudate / Putamen R	rpe	0.19375167559313264
43	Caudate / Putamen R	rpe	0.19391493436298846
45	Caudate / Putamen R	rpe	0.3848581909030784
46	Caudate / Putamen R	rpe	0.10599555894539386
47	Caudate / Putamen R	rpe	0.5250963341791004
48	Caudate / Putamen R	rpe	0.3972476223222229
49	Caudate / Putamen R	rpe	0.3621760004022144
50	Caudate / Putamen R	rpe	0.12488528088895842
51	Caudate / Putamen R	rpe	0.436849777900766
52	Caudate / Putamen R	rpe	0.23698702760171944
53	Caudate / Putamen R	rpe	0.1289468881684008
54	Caudate / Putamen R	rpe	0.16235408872211032
55	Caudate / Putamen R	rpe	0.3282673875084314
56	Caudate / Putamen R	rpe	0.43382407961047914
57	Caudate / Putamen R	rpe	0.06533203466888439
58	Caudate / Putamen R	rpe	0.5407929050501118
59	Caudate / Putamen R	rpe	0.04261475781734214
60	Caudate / Putamen R	rpe	0.1282222314090139
61	Caudate / Putamen R	rpe	0.2787354514525202
62	Caudate / Putamen R	rpe	0.04038468742940975
63	Caudate / Putamen R	rpe	-0.1591627206089278
64	Caudate / Putamen R	rpe	0.2777156977783648
01	Caudate / Putamen R	urpe	0.08820662695630781
02	Caudate / Putamen R	urpe	-0.2687151161954944
03	Caudate / Putamen R	urpe	-0.060955010725478966
04	Caudate / Putamen R	urpe	-0.3349090021569242
05	Caudate / Putamen R	urpe	-0.12331426245120297
06	Caudate / Putamen R	urpe	-0.019943821286467645
07	Caudate / Putamen R	urpe	0.010449853576184474
09	Caudate / Putamen R	urpe	-0.20205451127917592
10	Caudate / Putamen R	urpe	-0.24924616707416422
11	Caudate / Putamen R	urpe	-0.0665559828585704
12	Caudate / Putamen R	urpe	-0.029131996867922994
14	Caudate / Putamen R	urpe	-0.1741318751196017
15	Caudate / Putamen R	urpe	0.045375901869732456
17	Caudate / Putamen R	urpe	-0.1865667528200266
18	Caudate / Putamen R	urpe	0.061895067497827166
19	Caudate / Putamen R	urpe	-0.1013753027383827
20	Caudate / Putamen R	urpe	-0.14603694010574272
21	Caudate / Putamen R	urpe	0.033730706136880374
22	Caudate / Putamen R	urpe	0.03283956712706352
23	Caudate / Putamen R	urpe	0.10087767903373215
24	Caudate / Putamen R	urpe	-0.27002406345626523
25	Caudate / Putamen R	urpe	-0.09157666505862805
26	Caudate / Putamen R	urpe	0.022857363964413645
27	Caudate / Putamen R	urpe	-0.028592760880699494
28	Caudate / Putamen R	urpe	0.0231388783938587
29	Caudate / Putamen R	urpe	0.17970824275941877
30	Caudate / Putamen R	urpe	-0.0829740587288854
33	Caudate / Putamen R	urpe	-0.0007966168011571441
34	Caudate / Putamen R	urpe	0.0782353273518608
35	Caudate / Putamen R	urpe	-0.12478193954449139
36	Caudate / Putamen R	urpe	-0.20657331615472638
37	Caudate / Putamen R	urpe	0.07534102268729323
38	Caudate / Putamen R	urpe	-0.2142785633973973
39	Caudate / Putamen R	urpe	-0.18873623982306884
40	Caudate / Putamen R	urpe	-0.006647111259045514
41	Caudate / Putamen R	urpe	-0.07064589708229517
42	Caudate / Putamen R	urpe	-0.10649206338935338
43	Caudate / Putamen R	urpe	-0.04758714879673903
45	Caudate / Putamen R	urpe	-0.0054007746996802344
46	Caudate / Putamen R	urpe	-0.045177156029349116
47	Caudate / Putamen R	urpe	0.010413955283674305
48	Caudate / Putamen R	urpe	-0.17191533472744333
49	Caudate / Putamen R	urpe	-0.13786428078235005
50	Caudate / Putamen R	urpe	-0.07504319420019685
51	Caudate / Putamen R	urpe	-0.31624802178538225
52	Caudate / Putamen R	urpe	-0.03377193486478046
53	Caudate / Putamen R	urpe	-0.026209505059239767
54	Caudate / Putamen R	urpe	-0.12631279218476993
55	Caudate / Putamen R	urpe	-0.18457969876186836
56	Caudate / Putamen R	urpe	-0.20101125904180608
57	Caudate / Putamen R	urpe	-0.15532677488457802
58	Caudate / Putamen R	urpe	-0.07746208118610191
59	Caudate / Putamen R	urpe	0.19585771359823
60	Caudate / Putamen R	urpe	0.019790478023047932
61	Caudate / Putamen R	urpe	-0.0966861852783313
62	Caudate / Putamen R	urpe	0.042986589480693026
63	Caudate / Putamen R	urpe	-0.08322450847766684
64	Caudate / Putamen R	urpe	0.02064301319845188
01	Caudate / Putamen R	surprise	-0.060441271840349725
02	Caudate / Putamen R	surprise	0.01456076236797054
03	Caudate / Putamen R	surprise	-0.02502653086151633
04	Caudate / Putamen R	surprise	-0.06662220261692789
05	Caudate / Putamen R	surprise	0.04006917499234813
06	Caudate / Putamen R	surprise	0.02618452962457841
07	Caudate / Putamen R	surprise	0.0008408366870701664
09	Caudate / Putamen R	surprise	-0.0062168054783259055
10	Caudate / Putamen R	surprise	-0.005914346659697289
11	Caudate / Putamen R	surprise	0.03888227590797713
12	Caudate / Putamen R	surprise	0.016971081413798154
14	Caudate / Putamen R	surprise	0.02081991606605212
15	Caudate / Putamen R	surprise	-0.03455587635721269
17	Caudate / Putamen R	surprise	-0.010614269175946408
18	Caudate / Putamen R	surprise	-0.06407614986699807
19	Caudate / Putamen R	surprise	-0.1699198851945711
20	Caudate / Putamen R	surprise	0.044746354334977825
21	Caudate / Putamen R	surprise	-0.014998389904751214
22	Caudate / Putamen R	surprise	-0.027007555047759653
23	Caudate / Putamen R	surprise	0.019365287179674315
24	Caudate / Putamen R	surprise	-0.009186948570735199
25	Caudate / Putamen R	surprise	-0.07077469228532066
26	Caudate / Putamen R	surprise	0.2141935235678601
27	Caudate / Putamen R	surprise	0.017733827734863903
28	Caudate / Putamen R	surprise	0.024052974585980037
29	Caudate / Putamen R	surprise	-0.019221861094079067
30	Caudate / Putamen R	surprise	-0.005145912355793054
33	Caudate / Putamen R	surprise	0.012238787529120124
34	Caudate / Putamen R	surprise	0.003241040317921511
35	Caudate / Putamen R	surprise	0.1103398651471886
36	Caudate / Putamen R	surprise	-0.03093531140086114
37	Caudate / Putamen R	surprise	-0.009863491951806868
38	Caudate / Putamen R	surprise	0.1735148069669402
39	Caudate / Putamen R	surprise	0.07566184704779058
40	Caudate / Putamen R	surprise	-0.021332439842920985
41	Caudate / Putamen R	surprise	0.06751765557481397
42	Caudate / Putamen R	surprise	-0.022754791861746233
43	Caudate / Putamen R	surprise	0.0033168198376978034
45	Caudate / Putamen R	surprise	0.004730616566213203
46	Caudate / Putamen R	surprise	-0.0006551622692968958
47	Caudate / Putamen R	surprise	-0.04856886956078391
48	Caudate / Putamen R	surprise	-0.04194727384795609
49	Caudate / Putamen R	surprise	0.10068307569568057
50	Caudate / Putamen R	surprise	0.006036499714785128
51	Caudate / Putamen R	surprise	0.007052116900800709
52	Caudate / Putamen R	surprise	-0.043066902063385315
53	Caudate / Putamen R	surprise	0.02212404525590228
54	Caudate / Putamen R	surprise	0.022626240746776917
55	Caudate / Putamen R	surprise	-0.0773196677322233
56	Caudate / Putamen R	surprise	0.10286451577900492
57	Caudate / Putamen R	surprise	-0.03792644223202107
58	Caudate / Putamen R	surprise	0.013227455272987262
59	Caudate / Putamen R	surprise	-0.14225732200349842
60	Caudate / Putamen R	surprise	-0.027061329628681796
61	Caudate / Putamen R	surprise	-0.005398099836044617
62	Caudate / Putamen R	surprise	0.034987439217838104
63	Caudate / Putamen R	surprise	0.06730917104100241
64	Caudate / Putamen R	surprise	0.0062781246312657015
01	Caudate / Putamen R (2)	rpe	0.12471697846280769
02	Caudate / Putamen R (2)	rpe	0.5210407138312819
03	Caudate / Putamen R (2)	rpe	0.6484024477298809
04	Caudate / Putamen R (2)	rpe	0.16639364620963146
05	Caudate / Putamen R (2)	rpe	0.44564787878809387
06	Caudate / Putamen R (2)	rpe	0.18738967618240293
07	Caudate / Putamen R (2)	rpe	-0.12356885759570216
09	Caudate / Putamen R (2)	rpe	0.14959797958704457
10	Caudate / Putamen R (2)	rpe	0.8235619597789733
11	Caudate / Putamen R (2)	rpe	0.5212994976470062
12	Caudate / Putamen R (2)	rpe	0.15936987811704367
14	Caudate / Putamen R (2)	rpe	0.066698452399345
15	Caudate / Putamen R (2)	rpe	0.09138815912844699
17	Caudate / Putamen R (2)	rpe	0.06094571641510762
18	Caudate / Putamen R (2)	rpe	0.2868245824383483
19	Caudate / Putamen R (2)	rpe	0.4141876617189909
20	Caudate / Putamen R (2)	rpe	0.11656943100965036
21	Caudate / Putamen R (2)	rpe	0.3765906308613212
22	Caudate / Putamen R (2)	rpe	0.1951386800025886
23	Caudate / Putamen R (2)	rpe	0.02268931166411183
24	Caudate / Putamen R (2)	rpe	0.333488243340273
25	Caudate / Putamen R (2)	rpe	0.5020329070021542
26	Caudate / Putamen R (2)	rpe	-0.24913104387292664
27	Caudate / Putamen R (2)	rpe	0.4384222834487731
28	Caudate / Putamen R (2)	rpe	0.31402608416522404
29	Caudate / Putamen R (2)	rpe	0.3598754705242302
30	Caudate / Putamen R (2)	rpe	0.35503750405530277
33	Caudate / Putamen R (2)	rpe	0.11440748346248755
34	Caudate / Putamen R (2)	rpe	0.08177205035693022
35	Caudate / Putamen R (2)	rpe	0.20996189452619324
36	Caudate / Putamen R (2)	rpe	0.181556474985884
37	Caudate / Putamen R (2)	rpe	0.2261055268432826
38	Caudate / Putamen R (2)	rpe	-0.15237951871333313
39	Caudate / Putamen R (2)	rpe	0.15250479110922247
40	Caudate / Putamen R (2)	rpe	0.03071417108082707
41	Caudate / Putamen R (2)	rpe	0.5878903694210107
42	Caudate / Putamen R (2)	rpe	0.23018844259989052
43	Caudate / Putamen R (2)	rpe	0.29009276054069066
45	Caudate / Putamen R (2)	rpe	0.4838762866800798
46	Caudate / Putamen R (2)	rpe	0.0847984090988494
47	Caudate / Putamen R (2)	rpe	0.5672053359266254
48	Caudate / Putamen R (2)	rpe	0.23651084265096411
49	Caudate / Putamen R (2)	rpe	0.3116479125084729
50	Caudate / Putamen R (2)	rpe	0.06009997885936693
51	Caudate / Putamen R (2)	rpe	0.5047580771437394
52	Caudate / Putamen R (2)	rpe	0.34505292927559
53	Caudate / Putamen R (2)	rpe	0.08304497033729942
54	Caudate / Putamen R (2)	rpe	0.21620383134881146
55	Caudate / Putamen R (2)	rpe	0.3272470814262182
56	Caudate / Putamen R (2)	rpe	0.3215708556790034
57	Caudate / Putamen R (2)	rpe	-0.0772089128864856
58	Caudate / Putamen R (2)	rpe	0.47764200176334326
59	Caudate / Putamen R (2)	rpe	0.05904016337260224
60	Caudate / Putamen R (2)	rpe	0.046471322281334757
61	Caudate / Putamen R (2)	rpe	0.2849803698025757
62	Caudate / Putamen R (2)	rpe	-0.0068881720104711185
63	Caudate / Putamen R (2)	rpe	-0.23546030714038818
64	Caudate / Putamen R (2)	rpe	0.3916894096642137
01	Caudate / Putamen R (2)	urpe	-0.10211439083340025
02	Caudate / Putamen R (2)	urpe	-0.39414940123766523
03	Caudate / Putamen R (2)	urpe	-0.21809891634804807
04	Caudate / Putamen R (2)	urpe	-0.4859820708308389
05	Caudate / Putamen R (2)	urpe	-0.2939140101743789
06	Caudate / Putamen R (2)	urpe	-0.1367013852393393
07	Caudate / Putamen R (2)	urpe	-0.05443932523822704
09	Caudate / Putamen R (2)	urpe	-0.415774238652757
10	Caudate / Putamen R (2)	urpe	-0.3242782043228536
11	Caudate / Putamen R (2)	urpe	-0.10999598918350269
12	Caudate / Putamen R (2)	urpe	-0.04911408019745021
14	Caudate / Putamen R (2)	urpe	-0.34986036141295285
15	Caudate / Putamen R (2)	urpe	0.037014348001949755
17	Caudate / Putamen R (2)	urpe	-0.26185536901230694
18	Caudate / Putamen R (2)	urpe	-0.0891325434235462
19	Caudate / Putamen R (2)	urpe	-0.13261427157495967
20	Caudate / Putamen R (2)	urpe	-0.3034212699558905
21	Caudate / Putamen R (2)	urpe	-0.004235252902369642
22	Caudate / Putamen R (2)	urpe	0.07178456259925488
23	Caudate / Putamen R (2)	urpe	-0.010253027693311594
24	Caudate / Putamen R (2)	urpe	-0.40473132608170215
25	Caudate / Putamen R (2)	urpe	-0.08202354147990627
26	Caudate / Putamen R (2)	urpe	-0.03768939187371367
27	Caudate / Putamen R (2)	urpe	-0.038248332268827935
28	Caudate / Putamen R (2)	urpe	-0.02124107453832472
29	Caudate / Putamen R (2)	urpe	0.2111527149496614
30	Caudate / Putamen R (2)	urpe	-0.20687543407598563
33	Caudate / Putamen R (2)	urpe	-0.0607203246626001
34	Caudate / Putamen R (2)	urpe	-0.03923016158827354
35	Caudate / Putamen R (2)	urpe	-0.14579612239426293
36	Caudate / Putamen R (2)	urpe	-0.1774077996259753
37	Caudate / Putamen R (2)	urpe	-0.0028035912718860946
38	Caudate / Putamen R (2)	urpe	-0.21004316755951705
39	Caudate / Putamen R (2)	urpe	-0.3244144622423577
40	Caudate / Putamen R (2)	urpe	-0.05958189899098638
41	Caudate / Putamen R (2)	urpe	-0.1938215314034028
42	Caudate / Putamen R (2)	urpe	-0.1509134211755901
43	Caudate / Putamen R (2)	urpe	-0.16055007678910446
45	Caudate / Putamen R (2)	urpe	-0.2314354119697979
46	Caudate / Putamen R (2)	urpe	-0.10532159196054057
47	Caudate / Putamen R (2)	urpe	-0.1379804359208621
48	Caudate / Putamen R (2)	urpe	-0.23042073576072206
49	Caudate / Putamen R (2)	urpe	-0.35155022095295774
50	Caudate / Putamen R (2)	urpe	-0.15456935481697046
51	Caudate / Putamen R (2)	urpe	-0.4893868128439059
52	Caudate / Putamen R (2)	urpe	-0.16489529566806876
53	Caudate / Putamen R (2)	urpe	-0.07452043737898556
54	Caudate / Putamen R (2)	urpe	-0.30652311088086814
55	Caudate / Putamen R (2)	urpe	-0.4040589370191477
56	Caudate / Putamen R (2)	urpe	-0.1001216294283995
57	Caudate / Putamen R (2)	urpe	-0.16230954041816736
58	Caudate / Putamen R (2)	urpe	-0.2189443583580447
59	Caudate / Putamen R (2)	urpe	0.11226053974383121
60	Caudate / Putamen R (2)	urpe	-0.031060392407403704
61	Caudate / Putamen R (2)	urpe	-0.17730827849195088
62	Caudate / Putamen R (2)	urpe	-0.05261287151978116
63	Caudate / Putamen R (2)	urpe	-0.13891475208797738
64	Caudate / Putamen R (2)	urpe	0.021977682220292467
01	Caudate / Putamen R (2)	surprise	-0.09883739973210484
02	Caudate / Putamen R (2)	surprise	-0.008002423087538308
03	Caudate / Putamen R (2)	surprise	-0.0516440980807737
04	Caudate / Putamen R (2)	surprise	-0.026643115657328624
05	Caudate / Putamen R (2)	surprise	0.11643949384540553
06	Caudate / Putamen R (2)	surprise	0.03477875052961994
07	Caudate / Putamen R (2)	surprise	0.026606265186041686
09	Caudate / Putamen R (2)	surprise	0.05656500087928476
10	Caudate / Putamen R (2)	surprise	0.0029668771389635257
11	Caudate / Putamen R (2)	surprise	0.047088397113551554
12	Caudate / Putamen R (2)	surprise	-0.006455547880984388
14	Caudate / Putamen R (2)	surprise	0.020848206249421773
15	Caudate / Putamen R (2)	surprise	-0.018904033240918838
17	Caudate / Putamen R (2)	surprise	-0.004398743472374846
18	Caudate / Putamen R (2)	surprise	-0.05996082928429229
19	Caudate / Putamen R (2)	surprise	-0.19934904648325988
20	Caudate / Putamen R (2)	surprise	0.020347882339979275
21	Caudate / Putamen R (2)	surprise	-0.010842166376638875
22	Caudate / Putamen R (2)	surprise	0.0045919813445788405
23	Caudate / Putamen R (2)	surprise	0.011266821432518573
24	Caudate / Putamen R (2)	surprise	-0.0032144637290004055
25	Caudate / Putamen R (2)	surprise	-0.07025081632041778
26	Caudate / Putamen R (2)	surprise	0.313220275590948
27	Caudate / Putamen R (2)	surprise	0.06620583497981494
28	Caudate / Putamen R (2)	surprise	0.026980350985173453
29	Caudate / Putamen R (2)	surprise	-0.007731885723676737
30	Caudate / Putamen R (2)	surprise	-0.019802517367032528
33	Caudate / Putamen R (2)	surprise	0.004946690313356708
34	Caudate / Putamen R (2)	surprise	0.016193925087629554
35	Caudate / Putamen R (2)	surprise	0.11034484948256858
36	Caudate / Putamen R (2)	surprise	-0.040731963848084404
37	Caudate / Putamen R (2)	surprise	-0.00010464052954654618
38	Caudate / Putamen R (2)	surprise	0.19755391965752045
39	Caudate / Putamen R (2)	surprise	0.05014055705011326
40	Caudate / Putamen R (2)	surprise	-0.0033671230039785264
41	Caudate / Putamen R (2)	surprise	0.07359707379216954
42	Caudate / Putamen R (2)	surprise	-0.01804396449865222
43	Caudate / Putamen R (2)	surprise	-0.04069599495912721
45	Caudate / Putamen R (2)	surprise	-0.003557495239544883
46	Caudate / Putamen R (2)	surprise	0.024864082997041306
47	Caudate / Putamen R (2)	surprise	-0.051923900319070036
48	Caudate / Putamen R (2)	surprise	-0.028102468933124004
49	Caudate / Putamen R (2)	surprise	0.098495751202648
50	Caudate / Putamen R (2)	surprise	-0.03139636177376885
51	Caudate / Putamen R (2)	surprise	0.004668950905420846
52	Caudate / Putamen R (2)	surprise	-0.03606330442419027
53	Caudate / Putamen R (2)	surprise	0.02471895545983149
54	Caudate / Putamen R (2)	surprise	0.012684327065971996
55	Caudate / Putamen R (2)	surprise	-0.11952973929282082
56	Caudate / Putamen R (2)	surprise	0.13049027486262113
57	Caudate / Putamen R (2)	surprise	-0.035566278091136
58	Caudate / Putamen R (2)	surprise	0.04055930172518508
59	Caudate / Putamen R (2)	surprise	-0.10377094305974847
60	Caudate / Putamen R (2)	surprise	-0.06280535826269053
61	Caudate / Putamen R (2)	surprise	-0.05449223653280902
62	Caudate / Putamen R (2)	surprise	0.05709379358934524
63	Caudate / Putamen R (2)	surprise	0.12207006600719729
64	Caudate / Putamen R (2)	surprise	0.029325609985719293
01	Middle Temporal Gyrus R	rpe	0.036022427724268294
02	Middle Temporal Gyrus R	rpe	0.37037681378540055
03	Middle Temporal Gyrus R	rpe	0.6933606047353421
04	Middle Temporal Gyrus R	rpe	0.24164778936597614
05	Middle Temporal Gyrus R	rpe	0.4636383678901152
06	Middle Temporal Gyrus R	rpe	0.2887495786067607
07	Middle Temporal Gyrus R	rpe	0.30152057816339783
09	Middle Temporal Gyrus R	rpe	0.11855697184870459
10	Middle Temporal Gyrus R	rpe	0.7692079217711163
11	Middle Temporal Gyrus R	rpe	0.5599379014563753
12	Middle Temporal Gyrus R	rpe	0.1865244410166673
14	Middle Temporal Gyrus R	rpe	-0.09149645390209382
15	Middle Temporal Gyrus R	rpe	0.07544857636188472
17	Middle Temporal Gyrus R	rpe	0.28995461910182346
18	Middle Temporal Gyrus R	rpe	0.06049814339190784
19	Middle Temporal Gyrus R	rpe	0.5383200165688788
20	Middle Temporal Gyrus R	rpe	0.3017888203071715
21	Middle Temporal Gyrus R	rpe	0.35979282467848683
22	Middle Temporal Gyrus R	rpe	0.19167897850416607
23	Middle Temporal Gyrus R	rpe	-0.032287811198620835
24	Middle Temporal Gyrus R	rpe	0.4082219953341647
25	Middle Temporal Gyrus R	rpe	0.40072602560398835
26	Middle Temporal Gyrus R	rpe	-0.225831993483661
27	Middle Temporal Gyrus R	rpe	0.44415340676579235
28	Middle Temporal Gyrus R	rpe	0.3940768637280907
29	Middle Temporal Gyrus R	rpe	0.3261409816248537
30	Middle Temporal Gyrus R	rpe	0.12095470249201742
33	Middle Temporal Gyrus R	rpe	0.17486967750816912
34	Middle Temporal Gyrus R	rpe	0.23934016519669582
35	Middle Temporal Gyrus R	rpe	0.18562549419709243
36	Middle Temporal Gyrus R	rpe	0.29001823624989187
37	Middle Temporal Gyrus R	rpe	0.3863481213347837
38	Middle Temporal Gyrus R	rpe	-0.07405632188995005
39	Middle Temporal Gyrus R	rpe	0.08113050443331182
40	Middle Temporal Gyrus R	rpe	0.16016944084766613
41	Middle Temporal Gyrus R	rpe	0.8027140736347416
42	Middle Temporal Gyrus R	rpe	0.41351867726970454
43	Middle Temporal Gyrus R	rpe	0.22313513492079007
45	Middle Temporal Gyrus R	rpe	0.5016919457576473
46	Middle Temporal Gyrus R	rpe	0.09207663485959744
47	Middle Temporal Gyrus R	rpe	0.4366549817909491
48	Middle Temporal Gyrus R	rpe	0.14509999088068
49	Middle Temporal Gyrus R	rpe	0.4434499130805761
50	Middle Temporal Gyrus R	rpe	0.1358946679295817
51	Middle Temporal Gyrus R	rpe	0.319426468436738
52	Middle Temporal Gyrus R	rpe	0.1948915670511206
53	Middle Temporal Gyrus R	rpe	0.2149319268445162
54	Middle Temporal Gyrus R	rpe	0.08685859185665004
55	Middle Temporal Gyrus R	rpe	0.4104940426257333
56	Middle Temporal Gyrus R	rpe	0.4895730419100836
57	Middle Temporal Gyrus R	rpe	0.14751521242643495
58	Middle Temporal Gyrus R	rpe	0.5687028692573798
59	Middle Temporal Gyrus R	rpe	0.02822137832888128
60	Middle Temporal Gyrus R	rpe	0.13180848309070242
61	Middle Temporal Gyrus R	rpe	0.2844091142049455
62	Middle Temporal Gyrus R	rpe	0.22169604790846495
63	Middle Temporal Gyrus R	rpe	-0.2246634587531398
64	Middle Temporal Gyrus R	rpe	0.285008857866142
01	Middle Temporal Gyrus R	urpe	-0.025430416865053068
02	Middle Temporal Gyrus R	urpe	-0.44941061460227355
03	Middle Temporal Gyrus R	urpe	-0.10368836969465543
04	Middle Temporal Gyrus R	urpe	-0.34039490781237414
05	Middle Temporal Gyrus R	urpe	-0.23309573116476107
06	Middle Temporal Gyrus R	urpe	-0.09138157298780702
07	Middle Temporal Gyrus R	urpe	-0.025752050080754752
09	Middle Temporal Gyrus R	urpe	-0.3499449186338193
10	Middle Temporal Gyrus R	urpe	-0.17775871921883685
11	Middle Temporal Gyrus R	urpe	-0.08376623361707732
12	Middle Temporal Gyrus R	urpe	-0.018098000333720218
14	Middle Temporal Gyrus R	urpe	-0.21482991039792732
15	Middle Temporal Gyrus R	urpe	-0.0873963007347132
17	Middle Temporal Gyrus R	urpe	-0.19515924477448415
18	Middle Temporal Gyrus R	urpe	-0.11107763520680015
19	Middle Temporal Gyrus R	urpe	-0.1378222138883067
20	Middle Temporal Gyrus R	urpe	-0.14030267444387126
21	Middle Temporal Gyrus R	urpe	0.060995403170980886
22	Middle Temporal Gyrus R	urpe	0.07454505430180429
23	Middle Temporal Gyrus R	urpe	-0.11496859087160916
24	Middle Temporal Gyrus R	urpe	-0.3964964610343268
25	Middle Temporal Gyrus R	urpe	-0.07737956625327622
26	Middle Temporal Gyrus R	urpe	0.0038623734542077215
27	Middle Temporal Gyrus R	urpe	-0.10893904117029002
28	Middle Temporal Gyrus R	urpe	-0.06638421480113763
29	Middle Temporal Gyrus R	urpe	0.13711020786501743
30	Middle Temporal Gyrus R	urpe	-0.07262504990373174
33	Middle Temporal Gyrus R	urpe	0.008990515816516382
34	Middle Temporal Gyrus R	urpe	0.1318206485089265
35	Middle Temporal Gyrus R	urpe	-0.22113459299199179
36	Middle Temporal Gyrus R	urpe	-0.2920804620714586
37	Middle Temporal Gyrus R	urpe	0.07967405865706544
38	Middle Temporal Gyrus R	urpe	-0.23849082699593024
39	Middle Temporal Gyrus R	urpe	-0.4575915892078537
40	Middle Temporal Gyrus R	urpe	-0.11798954379968615
41	Middle Temporal Gyrus R	urpe	-0.29272207969440867
42	Middle Temporal Gyrus R	urpe	-0.2641659270930575
43	Middle Temporal Gyrus R	urpe	-0.14887135322109807
45	Middle Temporal Gyrus R	urpe	-0.1694641910697452
46	Middle Temporal Gyrus R	urpe	-0.047812930315135824
47	Middle Temporal Gyrus R	urpe	-0.01419545997780162
48	Middle Temporal Gyrus R	urpe	-0.1902207314762802
49	Middle Temporal Gyrus R	urpe	-0.09345190809649487
50	Middle Temporal Gyrus R	urpe	-0.2985563403040314
51	Middle Temporal Gyrus R	urpe	-0.48548376518561537
52	Middle Temporal Gyrus R	urpe	-0.1408322880357215
53	Middle Temporal Gyrus R	urpe	-0.15687346460937746
54	Middle Temporal Gyrus R	urpe	-0.11961334192488682
55	Middle Temporal Gyrus R	urpe	-0.21501070230446956
56	Middle Temporal Gyrus R	urpe	-0.2803621762192479
57	Middle Temporal Gyrus R	urpe	-0.24504248958461727
58	Middle Temporal Gyrus R	urpe	-0.06913113293527948
59	Middle Temporal Gyrus R	urpe	0.11929871932656798
60	Middle Temporal Gyrus R	urpe	-0.010064844197777032
61	Middle Temporal Gyrus R	urpe	-0.12187116999698165
62	Middle Temporal Gyrus R	urpe	0.11994183766625774
63	Middle Temporal Gyrus R	urpe	-0.14825123848263974
64	Middle Temporal Gyrus R	urpe	0.0657938573305075
01	Middle Temporal Gyrus R	surprise	-0.10573434985188045
02	Middle Temporal Gyrus R	surprise	-0.01290313977141952
03	Middle Temporal Gyrus R	surprise	0.02644386874296698
04	Middle Temporal Gyrus R	surprise	-0.033933085119769425
05	Middle Temporal Gyrus R	surprise	0.02277919977400436
06	Middle Temporal Gyrus R	surprise	-0.06397307583361828
07	Middle Temporal Gyrus R	surprise	0.09966689245213348
09	Middle Temporal Gyrus R	surprise	-0.03822957141967576
10	Middle Temporal Gyrus R	surprise	0.0371495898998409
11	Middle Temporal Gyrus R	surprise	0.019433598127974426
12	Middle Temporal Gyrus R	surprise	0.07046803607713209
14	Middle Temporal Gyrus R	surprise	0.05273789684491373
15	Middle Temporal Gyrus R	surprise	-0.04939105232619851
17	Middle Temporal Gyrus R	surprise	0.022974364037004258
18	Middle Temporal Gyrus R	surprise	0.03315092219725976
19	Middle Temporal Gyrus R	surprise	-0.12964856346746192
20	Middle Temporal Gyrus R	surprise	0.04905986654295077
21	Middle Temporal Gyrus R	surprise	-0.009533760784283996
22	Middle Temporal Gyrus R	surprise	-0.04876748102765476
23	Middle Temporal Gyrus R	surprise	-0.04731786762507577
24	Middle Temporal Gyrus R	surprise	0.007509235163635978
25	Middle Temporal Gyrus R	surprise	-0.06958474343658769
26	Middle Temporal Gyrus R	surprise	0.19139202674704206
27	Middle Temporal Gyrus R	surprise	-0.024352964169496276
28	Middle Temporal Gyrus R	surprise	-0.005998357403073255
29	Middle Temporal Gyrus R	surprise	-0.040892635573225034
30	Middle Temporal Gyrus R	surprise	-0.024317269371452038
33	Middle Temporal Gyrus R	surprise	0.03392458987785932
34	Middle Temporal Gyrus R	surprise	-0.04422895042487346
35	Middle Temporal Gyrus R	surprise	0.17361527825984235
36	Middle Temporal Gyrus R	surprise	-0.037657817096293185
37	Middle Temporal Gyrus R	surprise	0.012582066014789128
38	Middle Temporal Gyrus R	surprise	0.21072465400370202
39	Middle Temporal Gyrus R	surprise	0.1613247361509367
40	Middle Temporal Gyrus R	surprise	-0.009905716216131599
41	Middle Temporal Gyrus R	surprise	0.06982967098434421
42	Middle Temporal Gyrus R	surprise	-0.07277010305005292
43	Middle Temporal Gyrus R	surprise	0.023512206806745598
45	Middle Temporal Gyrus R	surprise	-0.029559427095024782
46	Middle Temporal Gyrus R	surprise	-0.03569735684232686
47	Middle Temporal Gyrus R	surprise	0.033957801072578626
48	Middle Temporal Gyrus R	surprise	-0.0753824462600658
49	Middle Temporal Gyrus R	surprise	0.08355403424229049
50	Middle Temporal Gyrus R	surprise	0.04406379223250725
51	Middle Temporal Gyrus R	surprise	-0.0005515549975855199
52	Middle Temporal Gyrus R	surprise	-0.015783387180348975
53	Middle Temporal Gyrus R	surprise	0.04872473413362988
54	Middle Temporal Gyrus R	surprise	0.08692888661877311
55	Middle Temporal Gyrus R	surprise	-0.09951485413820925
56	Middle Temporal Gyrus R	surprise	0.048642648187760124
57	Middle Temporal Gyrus R	surprise	-0.027076818971218677
58	Middle Temporal Gyrus R	surprise	-0.014068630317591584
59	Middle Temporal Gyrus R	surprise	-0.12406431211563947
60	Middle Temporal Gyrus R	surprise	-0.04421294219535636
61	Middle Temporal Gyrus R	surprise	-0.04108474131292086
62	Middle Temporal Gyrus R	surprise	0.053099103507337896
63	Middle Temporal Gyrus R	surprise	0.06842852704983884
64	Middle Temporal Gyrus R	surprise	0.01261922703737607
01	Insula R	rpe	0.007043275897880343
02	Insula R	rpe	0.13093706183229892
03	Insula R	rpe	0.0040520999514447285
04	Insula R	rpe	0.376834438463619
05	Insula R	rpe	-0.3455857599916915
06	Insula R	rpe	-0.16425544849100826
07	Insula R	rpe	-0.2548790576722204
09	Insula R	rpe	-0.04653645533693764
10	Insula R	rpe	0.3661646597202507
11	Insula R	rpe	0.019337069211325594
12	Insula R	rpe	0.12663564937360472
14	Insula R	rpe	-0.11594748490546146
15	Insula R	rpe	0.30796603224201197
17	Insula R	rpe	-0.08089755550336952
18	Insula R	rpe	-0.541460980464287
19	Insula R	rpe	-0.18899482504709286
20	Insula R	rpe	-0.24736156823329167
21	Insula R	rpe	-0.0674214206484368
22	Insula R	rpe	0.25172805477635796
23	Insula R	rpe	0.12661261048538866
24	Insula R	rpe	0.15701889521419388
25	Insula R	rpe	0.34945167265822374
26	Insula R	rpe	-0.3383174000843198
27	Insula R	rpe	0.10584727302702106
28	Insula R	rpe	-0.10600775622215257
29	Insula R	rpe	0.12119782015347667
30	Insula R	rpe	-0.5479669007751172
33	Insula R	rpe	0.17792475206200975
34	Insula R	rpe	0.0015379368117730548
35	Insula R	rpe	0.18677582217412847
36	Insula R	rpe	-0.1485963047444895
37	Insula R	rpe	0.3122645877221307
38	Insula R	rpe	-0.202340107051381
39	Insula R	rpe	-0.213093779569558
40	Insula R	rpe	-0.16808852925003073
41	Insula R	rpe	0.3503816724192459
42	Insula R	rpe	-0.19507264768984398
43	Insula R	rpe	-0.14607735426265214
45	Insula R	rpe	-0.2809304587003854
46	Insula R	rpe	-0.13871871839607888
47	Insula R	rpe	0.12271833463107452
48	Insula R	rpe	0.3249105791525491
49	Insula R	rpe	-0.1060081230280272
50	Insula R	rpe	0.2076127608046171
51	Insula R	rpe	-0.131166701498984
52	Insula R	rpe	-0.2282294764236717
53	Insula R	rpe	0.13813645885261086
54	Insula R	rpe	-0.2715564313500835
55	Insula R	rpe	-0.12818561097718337
56	Insula R	rpe	0.7776721941663753
57	Insula R	rpe	-0.16409650788854627
58	Insula R	rpe	0.1431432524205067
59	Insula R	rpe	-0.09064412660291447
60	Insula R	rpe	0.1581316118870871
61	Insula R	rpe	-0.06825231038018557
62	Insula R	rpe	-0.06489812255365189
63	Insula R	rpe	-0.20060796506851325
64	Insula R	rpe	-0.3604574320048643
01	Insula R	urpe	0.4748360045527972
02	Insula R	urpe	0.28783772431872956
03	Insula R	urpe	0.5043597143743005
04	Insula R	urpe	0.06673455219544118
05	Insula R	urpe	0.3734539664147755
06	Insula R	urpe	0.25552288246250326
07	Insula R	urpe	0.09148023675131134
09	Insula R	urpe	0.23677764132084342
10	Insula R	urpe	0.03407443092510669
11	Insula R	urpe	0.08827933336088262
12	Insula R	urpe	0.06682214429207456
14	Insula R	urpe	0.07159751981862708
15	Insula R	urpe	0.10392566642177573
17	Insula R	urpe	-0.007552635332009617
18	Insula R	urpe	0.26404686629227864
19	Insula R	urpe	0.02980332030998985
20	Insula R	urpe	0.056952224590479134
21	Insula R	urpe	-0.021520201292134288
22	Insula R	urpe	-0.1552158962022727
23	Insula R	urpe	0.3383407517045701
24	Insula R	urpe	0.17938491111522323
25	Insula R	urpe	0.18156511989617652
26	Insula R	urpe	0.06194319044574172
27	Insula R	urpe	0.018217330306899617
28	Insula R	urpe	0.05542036051950832
29	Insula R	urpe	0.19837236053829035
30	Insula R	urpe	0.43038765793927425
33	Insula R	urpe	0.03583178222771897
34	Insula R	urpe	0.16220369207484803
35	Insula R	urpe	-0.09630178311502072
36	Insula R	urpe	0.03779186921638612
37	Insula R	urpe	0.107020063481985
38	Insula R	urpe	-0.09517065774174677
39	Insula R	urpe	0.4517155957852379
40	Insula R	urpe	0.0823912587497411
41	Insula R	urpe	0.3332504405758114
42	Insula R	urpe	0.14404568841715193
43	Insula R	urpe	0.3761176887252104
45	Insula R	urpe	0.8444526411358838
46	Insula R	urpe	0.573599706663513
47	Insula R	urpe	0.22774716527930447
48	Insula R	urpe	0.24588056351998408
49	Insula R	urpe	0.23438603646791667
50	Insula R	urpe	0.31119684397597375
51	Insula R	urpe	0.2115917041838633
52	Insula R	urpe	0.38073589918536677
53	Insula R	urpe	0.0567321747070204
54	Insula R	urpe	0.13743795082793078
55	Insula R	urpe	0.2643542290694923
56	Insula R	urpe	-0.3811663990537722
57	Insula R	urpe	0.19742567913948975
58	Insula R	urpe	0.284826050710047
59	Insula R	urpe	0.6268705685541743
60	Insula R	urpe	-0.02503426730698526
61	Insula R	urpe	0.21842862190912696
62	Insula R	urpe	0.11927358178046771
63	Insula R	urpe	-0.05473780151927854
64	Insula R	urpe	0.23113338224551677
01	Insula R	surprise	-0.09141948717777931
02	Insula R	surprise	0.03346161242604436
03	Insula R	surprise	0.100510097065314
04	Insula R	surprise	-0.1430134690129046
05	Insula R	surprise	-0.0348215910944351
06	Insula R	surprise	-0.04934207662567812
07	Insula R	surprise	-0.05617096421880644
09	Insula R	surprise	-0.04504369681597496
10	Insula R	surprise	-0.0398534865602208
11	Insula R	surprise	0.05234929528578213
12	Insula R	surprise	0.038437158877588445
14	Insula R	surprise	0.00022760400816585548
15	Insula R	surprise	-0.0692016713235943
17	Insula R	surprise	0.10913758406380018
18	Insula R	surprise	-0.1879554687411801
19	Insula R	surprise	-0.06665374502087396
20	Insula R	surprise	0.08296663497477949
21	Insula R	surprise	0.0024810262683966832
22	Insula R	surprise	-0.0334810832877524
23	Insula R	surprise	0.023605988582180763
24	Insula R	surprise	0.015369122558266987
25	Insula R	surprise	-0.009494621609090013
26	Insula R	surprise	0.1923380878718935
27	Insula R	surprise	-0.062086086689222386
28	Insula R	surprise	-0.009536297243151347
29	Insula R	surprise	0.008260282417223874
30	Insula R	surprise	0.14617858944988207
33	Insula R	surprise	0.053717258309804214
34	Insula R	surprise	0.012567813882725326
35	Insula R	surprise	0.1103999365335583
36	Insula R	surprise	0.14857231856933273
37	Insula R	surprise	-0.07383564917084519
38	Insula R	surprise	0.027683003761383714
39	Insula R	surprise	0.11779069716006611
40	Insula R	surprise	-8.140302488710111e-05
41	Insula R	surprise	0.10797504757713793
42	Insula R	surprise	-0.02384286234272825
43	Insula R	surprise	0.2395719187873193
45	Insula R	surprise	0.0010672822093956273
46	Insula R	surprise	0.02406131034377766
47	Insula R	surprise	-0.0767473599239156
48	Insula R	surprise	0.024625936173546817
49	Insula R	surprise	0.15083975893966456
50	Insula R	surprise	0.038347378775970345
51	Insula R	surprise	-0.00014802611643227698
52	Insula R	surprise	-0.08749265683781222
53	Insula R	surprise	0.026898150000628344
54	Insula R	surprise	-0.0166927118980614
55	Insula R	surprise	-0.1359371248887893
56	Insula R	surprise	-0.07018074488556045
57	Insula R	surprise	0.033663560185788435
58	Insula R	surprise	0.0050977862943588975
59	Insula R	surprise	-0.23357855596346494
60	Insula R	surprise	0.01622605690552476
61	Insula R	surprise	0.14229377375989716
62	Insula R	surprise	0.009947810494534585
63	Insula R	surprise	-0.0277082339245353
64	Insula R	surprise	-0.026850379813653878
01	DLPFC L	rpe	0.0011599875719854793
02	DLPFC L	rpe	0.4423140510258044
03	DLPFC L	rpe	0.43364209781918217
04	DLPFC L	rpe	0.2282794682725676
05	DLPFC L	rpe	0.5777402899709015
06	DLPFC L	rpe	0.05497807892496846
07	DLPFC L	rpe	-0.018120979662757906
09	DLPFC L	rpe	-0.21333434498611545
10	DLPFC L	rpe	0.7036590346693916
11	DLPFC L	rpe	0.46877761449248184
12	DLPFC L	rpe	0.23133943260089787
14	DLPFC L	rpe	0.21815289228671694
15	DLPFC L	rpe	0.10151670095843943
17	DLPFC L	rpe	-0.09689385784584278
18	DLPFC L	rpe	0.18690625184037918
19	DLPFC L	rpe	0.3744140068715512
20	DLPFC L	rpe	0.08212508774656606
21	DLPFC L	rpe	0.3152553118875642
22	DLPFC L	rpe	0.2531949311384156
23	DLPFC L	rpe	0.22915127900916177
24	DLPFC L	rpe	0.2565744172354339
25	DLPFC L	rpe	0.19578707593169192
26	DLPFC L	rpe	0.11165413735426755
27	DLPFC L	rpe	0.43709450816325107
28	DLPFC L	rpe	0.19855896864981715
29	DLPFC L	rpe	0.23178735643465953
30	DLPFC L	rpe	0.6680616742424287
33	DLPFC L	rpe	0.294380529829811
34	DLPFC L	rpe	0.014838169319199025
35	DLPFC L	rpe	0.40575871083542314
36	DLPFC L	rpe	-0.14792594884209775
37	DLPFC L	rpe	0.4565611396484249
38	DLPFC L	rpe	-0.016851149924964136
39	DLPFC L	rpe	0.09655852672145365
40	DLPFC L	rpe	0.052860746366557
41	DLPFC L	rpe	0.909766647964716
42	DLPFC L	rpe	-0.04088216457430941
43	DLPFC L	rpe	0.5025580072374156
45	DLPFC L	rpe	0.5758013516529709
46	DLPFC L	rpe	0.09326537714725036
47	DLPFC L	rpe	0.6524185744316415
48	DLPFC L	rpe	0.8328235224915644
49	DLPFC L	rpe	0.1746291960650859
50	DLPFC L	rpe	0.08288021642680944
51	DLPFC L	rpe	0.4263233780098074
52	DLPFC L	rpe	0.4542266277130693
53	DLPFC L	rpe	-0.05588820803218129
54	DLPFC L	rpe	0.325931885684871
55	DLPFC L	rpe	0.457011407780412
56	DLPFC L	rpe	0.46589012773026633
57	DLPFC L	rpe	0.1698633286040077
58	DLPFC L	rpe	0.873599640902524
59	DLPFC L	rpe	0.03354414965609689
60	DLPFC L	rpe	0.278694485358612
61	DLPFC L	rpe	0.2298437195426423
62	DLPFC L	rpe	0.06773448299286668
63	DLPFC L	rpe	-0.1724856489100172
64	DLPFC L	rpe	0.26253472484447565
01	DLPFC L	urpe	0.11801050718780684
02	DLPFC L	urpe	-0.4302755378517567
03	DLPFC L	urpe	-0.2764019349828902
04	DLPFC L	urpe	-0.20263338659500923
05	DLPFC L	urpe	-0.24674172643694633
06	DLPFC L	urpe	-0.12501626117323453
07	DLPFC L	urpe	0.04819744200023323
09	DLPFC L	urpe	-0.13614957203811318
10	DLPFC L	urpe	-0.3883111697194803
11	DLPFC L	urpe	-0.04357734365064397
12	DLPFC L	urpe	0.04228090159526082
14	DLPFC L	urpe	-0.14346802204779938
15	DLPFC L	urpe	0.13880021973569742
17	DLPFC L	urpe	-0.3418953031528202
18	DLPFC L	urpe	0.245797454456088
19	DLPFC L	urpe	-0.2249007954797698
20	DLPFC L	urpe	-0.37503564184666366
21	DLPFC L	urpe	-0.0307789557043993
22	DLPFC L	urpe	-0.03619994420104807
23	DLPFC L	urpe	0.10916335385282812
24	DLPFC L	urpe	-0.36130575168384604
25	DLPFC L	urpe	-0.07196448556006592
26	DLPFC L	urpe	0.03923214287428173
27	DLPFC L	urpe	-0.058071676115536035
28	DLPFC L	urpe	0.01594020919528224
29	DLPFC L	urpe	0.06461863319868587
30	DLPFC L	urpe	-0.325914663313597
33	DLPFC L	urpe	0.0485377202638981
34	DLPFC L	urpe	0.06963160432764869
35	DLPFC L	urpe	-0.1501875534242189
36	DLPFC L	urpe	-0.20873946502787907
37	DLPFC L	urpe	0.016968018685809893
38	DLPFC L	urpe	-0.14972652502393957
39	DLPFC L	urpe	-0.2071805575484943
40	DLPFC L	urpe	0.017182578475034172
41	DLPFC L	urpe	-0.19792332097667417
42	DLPFC L	urpe	-0.1594379712999063
43	DLPFC L	urpe	-0.09750960312579225
45	DLPFC L	urpe	-0.44090619856222857
46	DLPFC L	urpe	-0.2512295113387824
47	DLPFC L	urpe	-0.10807026033695652
48	DLPFC L	urpe	-0.4676928771556337
49	DLPFC L	urpe	-0.31219444244082917
50	DLPFC L	urpe	-0.2397518084265022
51	DLPFC L	urpe	-0.4239277890485123
52	DLPFC L	urpe	-0.22918701563972527
53	DLPFC L	urpe	-0.05738984272628793
54	DLPFC L	urpe	-0.38771549442830483
55	DLPFC L	urpe	-0.2613181374921336
56	DLPFC L	urpe	-0.1412347640551544
57	DLPFC L	urpe	-0.2722650479745904
58	DLPFC L	urpe	-0.3376077044219863
59	DLPFC L	urpe	-0.03728004944461741
60	DLPFC L	urpe	-0.047281611549566914
61	DLPFC L	urpe	-0.15841930094833706
62	DLPFC L	urpe	0.03915071492213572
63	DLPFC L	urpe	-0.13048571374862436
64	DLPFC L	urpe	0.10885968605840676
01	DLPFC L	surprise	0.04882318161258139
02	DLPFC L	surprise	0.08534643825279138
03	DLPFC L	surprise	-0.030979222444189134
04	DLPFC L	surprise	-0.07209044904869331
05	DLPFC L	surprise	0.25168771188595873
06	DLPFC L	surprise	0.19259328522227742
07	DLPFC L	surprise	0.0573520120710064
09	DLPFC L	surprise	0.061877214254602554
10	DLPFC L	surprise	0.05562768004619413
11	DLPFC L	surprise	0.09786127129872942
12	DLPFC L	surprise	-0.023211996907009865
14	DLPFC L	surprise	0.010031044838892979
15	DLPFC L	surprise	-0.03456853883883588
17	DLPFC L	surprise	0.05448323647100264
18	DLPFC L	surprise	-0.1368907210958002
19	DLPFC L	surprise	-0.11351920391433323
20	DLPFC L	surprise	0.06056929145731709
21	DLPFC L	surprise	-0.05860676760992072
22	DLPFC L	surprise	0.13999016729540495
23	DLPFC L	surprise	0.20556305521179302
24	DLPFC L	surprise	0.028563151552613197
25	DLPFC L	surprise	-0.049740100721369106
26	DLPFC L	surprise	0.26076361828075423
27	DLPFC L	surprise	0.13677547662289152
28	DLPFC L	surprise	0.041513050617188706
29	DLPFC L	surprise	-0.03387571711305339
30	DLPFC L	surprise	0.05967844796770662
33	DLPFC L	surprise	-0.0036685825923900425
34	DLPFC L	surprise	0.0036163528353235484
35	DLPFC L	surprise	0.048600927540974226
36	DLPFC L	surprise	-0.026260905953198455
37	DLPFC L	surprise	0.06868624047915785
38	DLPFC L	surprise	0.14699927214870082
39	DLPFC L	surprise	0.12916867095784829
40	DLPFC L	surprise	0.021314532219931653
41	DLPFC L	surprise	0.09348504005117177
42	DLPFC L	surprise	0.18824664150528597
43	DLPFC L	surprise	-0.054767252050767545
45	DLPFC L	surprise	0.02030847782359495
46	DLPFC L	surprise	0.06980190517711699
47	DLPFC L	surprise	-0.010426434626711662
48	DLPFC L	surprise	-0.05745912879300656
49	DLPFC L	surprise	0.21942930414929593
50	DLPFC L	surprise	-0.011987753575292453
51	DLPFC L	surprise	0.021476420008375977
52	DLPFC L	surprise	-0.06425326720986241
53	DLPFC L	surprise	0.019618191645589065
54	DLPFC L	surprise	0.003565847503619137
55	DLPFC L	surprise	0.08156967859730158
56	DLPFC L	surprise	0.3519587809698446
57	DLPFC L	surprise	0.02706308429065087
58	DLPFC L	surprise	0.06203799152240507
59	DLPFC L	surprise	-0.1290205254347376
60	DLPFC L	surprise	0.019570715458700618
61	DLPFC L	surprise	-0.009970713565531983
62	DLPFC L	surprise	0.1451534887417342
63	DLPFC L	surprise	0.07063751054687673
64	DLPFC L	surprise	0.08117421691914435
01	dmPFC R	rpe	-0.01280592614586683
02	dmPFC R	rpe	0.12869338309640024
03	dmPFC R	rpe	-0.12557850919683722
04	dmPFC R	rpe	-0.015518002005967688
05	dmPFC R	rpe	-0.46000251710375256
06	dmPFC R	rpe	-0.19216007456936418
07	dmPFC R	rpe	-0.3364389118144011
09	dmPFC R	rpe	0.20875988694953118
10	dmPFC R	rpe	0.41206863460903786
11	dmPFC R	rpe	0.11060954376341815
12	dmPFC R	rpe	0.16201158301865168
14	dmPFC R	rpe	0.014689896574263719
15	dmPFC R	rpe	0.4333914735869683
17	dmPFC R	rpe	-0.6733568453260925
18	dmPFC R	rpe	-0.42111809516048176
19	dmPFC R	rpe	-0.012883912664937212
20	dmPFC R	rpe	-0.3188919930414178
21	dmPFC R	rpe	-0.10123864723681571
22	dmPFC R	rpe	0.6402452233663581
23	dmPFC R	rpe	0.2691980770308564
24	dmPFC R	rpe	-0.14012394601013511
25	dmPFC R	rpe	0.2799049684807579
26	dmPFC R	rpe	-0.1755210319860898
27	dmPFC R	rpe	0.038277994482678934
28	dmPFC R	rpe	-0.18827331864542546
29	dmPFC R	rpe	0.26050648565721163
30	dmPFC R	rpe	-0.5542695833429536
33	dmPFC R	rpe	0.475552972568635
34	dmPFC R	rpe	-0.05197148401478424
35	dmPFC R	rpe	0.09105780967015853
36	dmPFC R	rpe	-0.15245044868280913
37	dmPFC R	rpe	0.26146739318253515
38	dmPFC R	rpe	-0.20705104615598757
39	dmPFC R	rpe	-0.22089972043845882
40	dmPFC R	rpe	-0.553183941948822
41	dmPFC R	rpe	0.3155626981137717
42	dmPFC R	rpe	-0.5852198926930098
43	dmPFC R	rpe	0.17275142555739334
45	dmPFC R	rpe	-0.23867912616015988
46	dmPFC R	rpe	0.08957029958949127
47	dmPFC R	rpe	0.35834298583039853
48	dmPFC R	rpe	0.007280052108491989
49	dmPFC R	rpe	-0.1674678754745091
50	dmPFC R	rpe	0.13486186410969203
51	dmPFC R	rpe	-0.08356063139446555
52	dmPFC R	rpe	-0.27159649807008657
53	dmPFC R	rpe	0.06906401608535584
54	dmPFC R	rpe	-0.1932997736247613
55	dmPFC R	rpe	-0.05793989247771258
56	dmPFC R	rpe	1.1345841919963664
57	dmPFC R	rpe	6.670520536878958e-05
58	dmPFC R	rpe	0.0070324859382495525
59	dmPFC R	rpe	-0.053247842449568546
60	dmPFC R	rpe	0.48055149799490227
61	dmPFC R	rpe	0.004247446726769843
62	dmPFC R	rpe	-0.38588899035165286
63	dmPFC R	rpe	-0.39199091557096294
64	dmPFC R	rpe	-0.3755235952553042
01	dmPFC R	urpe	0.40653866469473676
02	dmPFC R	urpe	0.31697321941759043
03	dmPFC R	urpe	0.40819707140920963
04	dmPFC R	urpe	-0.0232920223549801
05	dmPFC R	urpe	0.4000943412966506
06	dmPFC R	urpe	0.26026346080396523
07	dmPFC R	urpe	-0.1264175112730764
09	dmPFC R	urpe	0.19663839247771242
10	dmPFC R	urpe	-0.12508645531364737
11	dmPFC R	urpe	0.0172462800272463
12	dmPFC R	urpe	0.26662511502917696
14	dmPFC R	urpe	0.15523215994607914
15	dmPFC R	urpe	0.1748158722398852
17	dmPFC R	urpe	0.12468702763522123
18	dmPFC R	urpe	0.39415969368308146
19	dmPFC R	urpe	0.11301459253894443
20	dmPFC R	urpe	-0.06319417587104947
21	dmPFC R	urpe	-0.04527322683691424
22	dmPFC R	urpe	0.08320298871283043
23	dmPFC R	urpe	0.33451431849723723
24	dmPFC R	urpe	0.17377825093144758
25	dmPFC R	urpe	0.26418012687242887
26	dmPFC R	urpe	0.069555991097289
27	dmPFC R	urpe	-0.10192104830057361
28	dmPFC R	urpe	0.20166302056087707
29	dmPFC R	urpe	0.2533377932582764
30	dmPFC R	urpe	0.5321412689825322
33	dmPFC R	urpe	0.32378853034584765
34	dmPFC R	urpe	0.26937073231773806
35	dmPFC R	urpe	-0.15589463909483575
36	dmPFC R	urpe	-0.15740150791454188
37	dmPFC R	urpe	0.08287613344463488
38	dmPFC R	urpe	-0.14465809811434233
39	dmPFC R	urpe	0.665309397361063
40	dmPFC R	urpe	0.19474797987359319
41	dmPFC R	urpe	0.5386825733421806
42	dmPFC R	urpe	0.17168896553766705
43	dmPFC R	urpe	0.21194158637836735
45	dmPFC R	urpe	0.8153315021161069
46	dmPFC R	urpe	0.2653765818985932
47	dmPFC R	urpe	0.3228416508093397
48	dmPFC R	urpe	0.35724298769033497
49	dmPFC R	urpe	0.10669736336579824
50	dmPFC R	urpe	0.3143852276891034
51	dmPFC R	urpe	0.13231371001320633
52	dmPFC R	urpe	0.4445525341855481
53	dmPFC R	urpe	0.319350499086617
54	dmPFC R	urpe	0.5166526584886014
55	dmPFC R	urpe	0.11676194520117318
56	dmPFC R	urpe	-0.3782196084557577
57	dmPFC R	urpe	0.1756128405374376
58	dmPFC R	urpe	0.17225367489885143
59	dmPFC R	urpe	0.7037645445542132
60	dmPFC R	urpe	-0.047475004586096395
61	dmPFC R	urpe	0.20017050785146298
62	dmPFC R	urpe	0.09260034240643553
63	dmPFC R	urpe	-0.118329628291255
64	dmPFC R	urpe	0.3468682795921539
01	dmPFC R	surprise	-0.060307141040709424
02	dmPFC R	surprise	0.08663473139180147
03	dmPFC R	surprise	0.02883708734669663
04	dmPFC R	surprise	-0.07686378503679
05	dmPFC R	surprise	-0.07990352799026097
06	dmPFC R	surprise	-0.049612404102276256
07	dmPFC R	surprise	-0.13294590154434852
09	dmPFC R	surprise	-0.0755290161528466
10	dmPFC R	surprise	-0.008686810031414348
11	dmPFC R	surprise	0.06655723693374385
12	dmPFC R	surprise	0.04349661949920428
14	dmPFC R	surprise	-0.043451901754993506
15	dmPFC R	surprise	-0.023314434467651385
17	dmPFC R	surprise	-0.006255492565539131
18	dmPFC R	surprise	-0.266958297321454
19	dmPFC R	surprise	-0.08535345254145177
20	dmPFC R	surprise	0.11076014007124653
21	dmPFC R	surprise	0.007171393728021166
22	dmPFC R	surprise	0.21532813686322658
23	dmPFC R	surprise	0.08919420181674526
24	dmPFC R	surprise	0.11758169196199308
25	dmPFC R	surprise	-0.05794773801586571
26	dmPFC R	surprise	0.18507598510180462
27	dmPFC R	surprise	-0.0034516385960779053
28	dmPFC R	surprise	0.08515333969101428
29	dmPFC R	surprise	0.05402655155903244
30	dmPFC R	surprise	0.1471112226165752
33	dmPFC R	surprise	0.022572002279760434
34	dmPFC R	surprise	-0.11080507855550287
35	dmPFC R	surprise	0.169806901719223
36	dmPFC R	surprise	0.04342085253447294
37	dmPFC R	surprise	0.052130448942052876
38	dmPFC R	surprise	-0.015176255592241625
39	dmPFC R	surprise	0.10145502036506746
40	dmPFC R	surprise	-0.017639987790607846
41	dmPFC R	surprise	0.09028386953893673
42	dmPFC R	surprise	0.026771717303818925
43	dmPFC R	surprise	0.2763570108470765
45	dmPFC R	surprise	-0.029879920934004947
46	dmPFC R	surprise	-0.0555131735379233
47	dmPFC R	surprise	-0.10685170549760632
48	dmPFC R	surprise	0.007785198730933653
49	dmPFC R	surprise	0.3082870224292608
50	dmPFC R	surprise	0.05536784958917935
51	dmPFC R	surprise	0.04590942721197473
52	dmPFC R	surprise	-0.026318594610734665
53	dmPFC R	surprise	-0.0355976545260459
54	dmPFC R	surprise	-0.08719835392127626
55	dmPFC R	surprise	-0.14284277332158998
56	dmPFC R	surprise	-0.22007522071771166
57	dmPFC R	surprise	0.10350843075504329
58	dmPFC R	surprise	-0.016125620843253117
59	dmPFC R	surprise	-0.323407230414252
60	dmPFC R	surprise	-0.028392874550487984
61	dmPFC R	surprise	0.09532874751166673
62	dmPFC R	surprise	0.06926953285397526
63	dmPFC R	surprise	0.00808296057648283
64	dmPFC R	surprise	-0.057470124834984974
01	Middle Temporal Gyrus L	rpe	-0.015918012350475606
02	Middle Temporal Gyrus L	rpe	0.3451372924119084
03	Middle Temporal Gyrus L	rpe	0.5834483517786471
04	Middle Temporal Gyrus L	rpe	-0.08275423539221988
05	Middle Temporal Gyrus L	rpe	0.6294887938393089
06	Middle Temporal Gyrus L	rpe	0.017410374074634687
07	Middle Temporal Gyrus L	rpe	-0.10901783618784432
09	Middle Temporal Gyrus L	rpe	-0.035532991318619665
10	Middle Temporal Gyrus L	rpe	0.9190749487030172
11	Middle Temporal Gyrus L	rpe	0.5936367093611543
12	Middle Temporal Gyrus L	rpe	0.4471073680008962
14	Middle Temporal Gyrus L	rpe	0.22510235569580656
15	Middle Temporal Gyrus L	rpe	-0.11501319767476416
17	Middle Temporal Gyrus L	rpe	-0.03352060950161002
18	Middle Temporal Gyrus L	rpe	0.21499562610993944
19	Middle Temporal Gyrus L	rpe	0.5136663685161098
20	Middle Temporal Gyrus L	rpe	0.3137916498099428
21	Middle Temporal Gyrus L	rpe	0.37205033006024696
22	Middle Temporal Gyrus L	rpe	0.4499007292773474
23	Middle Temporal Gyrus L	rpe	0.16584358353790105
24	Middle Temporal Gyrus L	rpe	0.3757535258708435
25	Middle Temporal Gyrus L	rpe	0.7345628249589528
26	Middle Temporal Gyrus L	rpe	0.17973290462477706
27	Middle Temporal Gyrus L	rpe	0.36040609922677835
28	Middle Temporal Gyrus L	rpe	0.2742563760420525
29	Middle Temporal Gyrus L	rpe	0.4661681471375104
30	Middle Temporal Gyrus L	rpe	0.31316820466151096
33	Middle Temporal Gyrus L	rpe	0.0913908142122118
34	Middle Temporal Gyrus L	rpe	-0.04411481016654974
35	Middle Temporal Gyrus L	rpe	0.3614006397710399
36	Middle Temporal Gyrus L	rpe	0.02278282696780505
37	Middle Temporal Gyrus L	rpe	0.47286066759070905
38	Middle Temporal Gyrus L	rpe	-0.15150400979888287
39	Middle Temporal Gyrus L	rpe	-0.2618439238144207
40	Middle Temporal Gyrus L	rpe	-0.02382451806012889
41	Middle Temporal Gyrus L	rpe	0.8635243492845063
42	Middle Temporal Gyrus L	rpe	0.11129913862063506
43	Middle Temporal Gyrus L	rpe	0.21447780687757986
45	Middle Temporal Gyrus L	rpe	0.7765320235706656
46	Middle Temporal Gyrus L	rpe	0.2550141548293982
47	Middle Temporal Gyrus L	rpe	0.60997151402391
48	Middle Temporal Gyrus L	rpe	0.16103792510857093
49	Middle Temporal Gyrus L	rpe	0.46270437531225456
50	Middle Temporal Gyrus L	rpe	-0.1345014903198266
51	Middle Temporal Gyrus L	rpe	0.3279773973999654
52	Middle Temporal Gyrus L	rpe	0.4730134199060082
53	Middle Temporal Gyrus L	rpe	-0.1867725913568996
54	Middle Temporal Gyrus L	rpe	0.03529421889732339
55	Middle Temporal Gyrus L	rpe	0.30417077809329596
56	Middle Temporal Gyrus L	rpe	0.42362841391537737
57	Middle Temporal Gyrus L	rpe	-0.10113996617237887
58	Middle Temporal Gyrus L	rpe	0.48648841129006626
59	Middle Temporal Gyrus L	rpe	0.033911242071434713
60	Middle Temporal Gyrus L	rpe	0.07629629626430062
61	Middle Temporal Gyrus L	rpe	0.22598098895400867
62	Middle Temporal Gyrus L	rpe	0.04989220532012024
63	Middle Temporal Gyrus L	rpe	-0.13713201202634967
64	Middle Temporal Gyrus L	rpe	0.33670502672925
01	Middle Temporal Gyrus L	urpe	0.18801928179612748
02	Middle Temporal Gyrus L	urpe	-0.5206521381667563
03	Middle Temporal Gyrus L	urpe	-0.1793323049292395
04	Middle Temporal Gyrus L	urpe	-0.03448291060299325
05	Middle Temporal Gyrus L	urpe	-0.6198496997495678
06	Middle Temporal Gyrus L	urpe	-0.24215486024454166
07	Middle Temporal Gyrus L	urpe	-0.11118838838647037
09	Middle Temporal Gyrus L	urpe	-0.4654294056026374
10	Middle Temporal Gyrus L	urpe	-0.17056720318932322
11	Middle Temporal Gyrus L	urpe	-0.026187320547200146
12	Middle Temporal Gyrus L	urpe	0.03718787763718185
14	Middle Temporal Gyrus L	urpe	0.00911091150232878
15	Middle Temporal Gyrus L	urpe	-0.15344918469972385
17	Middle Temporal Gyrus L	urpe	-0.26047268930700757
18	Middle Temporal Gyrus L	urpe	0.1237881539066357
19	Middle Temporal Gyrus L	urpe	0.21196789686485393
20	Middle Temporal Gyrus L	urpe	-0.27701591410147564
21	Middle Temporal Gyrus L	urpe	0.06017715227450179
22	Middle Temporal Gyrus L	urpe	0.13291641878329705
23	Middle Temporal Gyrus L	urpe	0.2541540306236673
24	Middle Temporal Gyrus L	urpe	-0.7846187896260591
25	Middle Temporal Gyrus L	urpe	-0.35498987898452505
26	Middle Temporal Gyrus L	urpe	0.12923996782617939
27	Middle Temporal Gyrus L	urpe	-0.15080945225196965
28	Middle Temporal Gyrus L	urpe	0.09883777397710865
29	Middle Temporal Gyrus L	urpe	0.11832841344789176
30	Middle Temporal Gyrus L	urpe	-0.2625569967524732
33	Middle Temporal Gyrus L	urpe	0.004678257592114899
34	Middle Temporal Gyrus L	urpe	-0.2186498247026074
35	Middle Temporal Gyrus L	urpe	-0.2982368448348803
36	Middle Temporal Gyrus L	urpe	-0.16358011531946576
37	Middle Temporal Gyrus L	urpe	-0.2521127774771825
38	Middle Temporal Gyrus L	urpe	-0.20308574929802947
39	Middle Temporal Gyrus L	urpe	-0.23140494232544692
40	Middle Temporal Gyrus L	urpe	-0.024028531098074637
41	Middle Temporal Gyrus L	urpe	-0.269487331775028
42	Middle Temporal Gyrus L	urpe	-0.10997766628643829
43	Middle Temporal Gyrus L	urpe	-0.2858464423987022
45	Middle Temporal Gyrus L	urpe	-0.1461234849254235
46	Middle Temporal Gyrus L	urpe	-0.42227357504541213
47	Middle Temporal Gyrus L	urpe	-0.07804463496639447
48	Middle Temporal Gyrus L	urpe	-0.2429368226494092
49	Middle Temporal Gyrus L	urpe	-0.5376505266143897
50	Middle Temporal Gyrus L	urpe	-0.3747280031675473
51	Middle Temporal Gyrus L	urpe	-0.366904816516266
52	Middle Temporal Gyrus L	urpe	-0.31132671030817083
53	Middle Temporal Gyrus L	urpe	-0.1039129005797821
54	Middle Temporal Gyrus L	urpe	-0.45559162396728714
55	Middle Temporal Gyrus L	urpe	-0.4537808575502066
56	Middle Temporal Gyrus L	urpe	-0.23136959730801998
57	Middle Temporal Gyrus L	urpe	-0.09441765281461872
58	Middle Temporal Gyrus L	urpe	-0.27805132643868014
59	Middle Temporal Gyrus L	urpe	0.06779229362216717
60	Middle Temporal Gyrus L	urpe	0.0727913440686594
61	Middle Temporal Gyrus L	urpe	-0.0554410232911425
62	Middle Temporal Gyrus L	urpe	0.06159132071466089
63	Middle Temporal Gyrus L	urpe	-0.018996138858965762
64	Middle Temporal Gyrus L	urpe	0.2272474799418352
01	Middle Temporal Gyrus L	surprise	0.10601156332614944
02	Middle Temporal Gyrus L	surprise	0.12392062770592258
03	Middle Temporal Gyrus L	surprise	0.12080818589746291
04	Middle Temporal Gyrus L	surprise	-0.02229487480895994
05	Middle Temporal Gyrus L	surprise	0.35631185951294536
06	Middle Temporal Gyrus L	surprise	0.28400407319836246
07	Middle Temporal Gyrus L	surprise	0.029147532085831512
09	Middle Temporal Gyrus L	surprise	0.2060623990097649
10	Middle Temporal Gyrus L	surprise	0.08868691811901648
11	Middle Temporal Gyrus L	surprise	0.14774662200535568
12	Middle Temporal Gyrus L	surprise	-0.08386393536206457
14	Middle Temporal Gyrus L	surprise	0.06985140444545476
15	Middle Temporal Gyrus L	surprise	-0.006795068722125524
17	Middle Temporal Gyrus L	surprise	0.050821355294064126
18	Middle Temporal Gyrus L	surprise	-0.01913062814189552
19	Middle Temporal Gyrus L	surprise	-0.012141573609769014
20	Middle Temporal Gyrus L	surprise	0.04602266871186776
21	Middle Temporal Gyrus L	surprise	0.014482882092940777
22	Middle Temporal Gyrus L	surprise	0.20123962363637288
23	Middle Temporal Gyrus L	surprise	0.021672365642163606
24	Middle Temporal Gyrus L	surprise	0.02229334699420017
25	Middle Temporal Gyrus L	surprise	0.09930773190316249
26	Middle Temporal Gyrus L	surprise	0.12461084587538668
27	Middle Temporal Gyrus L	surprise	0.07265026866900082
28	Middle Temporal Gyrus L	surprise	0.01916439227297985
29	Middle Temporal Gyrus L	surprise	-0.008496230491545817
30	Middle Temporal Gyrus L	surprise	-0.028238034920024937
33	Middle Temporal Gyrus L	surprise	0.03891134841135588
34	Middle Temporal Gyrus L	surprise	0.01652595213838531
35	Middle Temporal Gyrus L	surprise	-0.07739793816059132
36	Middle Temporal Gyrus L	surprise	-0.030440279761754698
37	Middle Temporal Gyrus L	surprise	0.15738188168991393
38	Middle Temporal Gyrus L	surprise	0.21005238393521825
39	Middle Temporal Gyrus L	surprise	0.2627150223233572
40	Middle Temporal Gyrus L	surprise	-0.013253744096987801
41	Middle Temporal Gyrus L	surprise	0.0871972732781283
42	Middle Temporal Gyrus L	surprise	0.13054100274112157
43	Middle Temporal Gyrus L	surprise	-0.11599773885660465
45	Middle Temporal Gyrus L	surprise	0.10648210313984152
46	Middle Temporal Gyrus L	surprise	0.059578363861449095
47	Middle Temporal Gyrus L	surprise	0.09702265671716577
48	Middle Temporal Gyrus L	surprise	-0.025068647032070505
49	Middle Temporal Gyrus L	surprise	0.08151356227261833
50	Middle Temporal Gyrus L	surprise	0.06281061160974379
51	Middle Temporal Gyrus L	surprise	0.04938546628538937
52	Middle Temporal Gyrus L	surprise	-0.004844553669219375
53	Middle Temporal Gyrus L	surprise	0.008135037733596601
54	Middle Temporal Gyrus L	surprise	0.06799366516626884
55	Middle Temporal Gyrus L	surprise	0.06671145567384186
56	Middle Temporal Gyrus L	surprise	0.2113134537020559
57	Middle Temporal Gyrus L	surprise	0.0045692058455277336
58	Middle Temporal Gyrus L	surprise	0.06613149778386967
59	Middle Temporal Gyrus L	surprise	-0.041295642133314756
60	Middle Temporal Gyrus L	surprise	-0.03285986939651857
61	Middle Temporal Gyrus L	surprise	0.0041181331295868226
62	Middle Temporal Gyrus L	surprise	0.13250657327954057
63	Middle Temporal Gyrus L	surprise	0.18270572829364895
64	Middle Temporal Gyrus L	surprise	0.07631877278754048
01	Inferior Parietal Lobule L	rpe	-0.05641654281529375
02	Inferior Parietal Lobule L	rpe	0.28231072074956665
03	Inferior Parietal Lobule L	rpe	0.5832478485557693
04	Inferior Parietal Lobule L	rpe	0.1671195004939893
05	Inferior Parietal Lobule L	rpe	0.2710628971001658
06	Inferior Parietal Lobule L	rpe	0.14696378504942204
07	Inferior Parietal Lobule L	rpe	-0.2788317804170134
09	Inferior Parietal Lobule L	rpe	0.16052094170552605
10	Inferior Parietal Lobule L	rpe	0.5103956727183122
11	Inferior Parietal Lobule L	rpe	0.4947498965496853
12	Inferior Parietal Lobule L	rpe	0.1476982309638212
14	Inferior Parietal Lobule L	rpe	-0.061077142091677854
15	Inferior Parietal Lobule L	rpe	0.11196478020056574
17	Inferior Parietal Lobule L	rpe	0.01655358812873396
18	Inferior Parietal Lobule L	rpe	0.2114897976714698
19	Inferior Parietal Lobule L	rpe	-0.09871102034818259
20	Inferior Parietal Lobule L	rpe	-0.19077346924522415
21	Inferior Parietal Lobule L	rpe	0.3039992230123416
22	Inferior Parietal Lobule L	rpe	0.07364020686628879
23	Inferior Parietal Lobule L	rpe	-0.14482311559666142
24	Inferior Parietal Lobule L	rpe	0.16696224760968115
25	Inferior Parietal Lobule L	rpe	0.4302357713256836
26	Inferior Parietal Lobule L	rpe	-0.299530303074012
27	Inferior Parietal Lobule L	rpe	0.26545375099289775
28	Inferior Parietal Lobule L	rpe	-0.06006726177689125
29	Inferior Parietal Lobule L	rpe	0.11972646295757605
30	Inferior Parietal Lobule L	rpe	0.07286364291554116
33	Inferior Parietal Lobule L	rpe	-0.03801123393883168
34	Inferior Parietal Lobule L	rpe	-0.05209007746141848
35	Inferior Parietal Lobule L	rpe	-0.03413214506501968
36	Inferior Parietal Lobule L	rpe	0.2030936871342462
37	Inferior Parietal Lobule L	rpe	-0.11783777155280507
38	Inferior Parietal Lobule L	rpe	-0.18994384072393075
39	Inferior Parietal Lobule L	rpe	-0.0329832847043216
40	Inferior Parietal Lobule L	rpe	0.003733964269844697
41	Inferior Parietal Lobule L	rpe	0.5388248458924428
42	Inferior Parietal Lobule L	rpe	0.08043585169911188
43	Inferior Parietal Lobule L	rpe	0.230961310147913
45	Inferior Parietal Lobule L	rpe	0.022748511005848855
46	Inferior Parietal Lobule L	rpe	-0.11907607110128672
47	Inferior Parietal Lobule L	rpe	0.24430423947335375
48	Inferior Parietal Lobule L	rpe	0.13748684705619288
49	Inferior Parietal Lobule L	rpe	0.0021273296047248026
50	Inferior Parietal Lobule L	rpe	-0.1733702763820372
51	Inferior Parietal Lobule L	rpe	0.36919103684548743
52	Inferior Parietal Lobule L	rpe	0.21394800768723546
53	Inferior Parietal Lobule L	rpe	0.05116396107666627
54	Inferior Parietal Lobule L	rpe	0.14174823674150336
55	Inferior Parietal Lobule L	rpe	0.29547906125143625
56	Inferior Parietal Lobule L	rpe	-0.17767390703532118
57	Inferior Parietal Lobule L	rpe	-0.2089074058982898
58	Inferior Parietal Lobule L	rpe	0.3591431923857737
59	Inferior Parietal Lobule L	rpe	0.0009253018698545759
60	Inferior Parietal Lobule L	rpe	0.013438104978705725
61	Inferior Parietal Lobule L	rpe	0.04871690158072002
62	Inferior Parietal Lobule L	rpe	-0.26989914585307173
63	Inferior Parietal Lobule L	rpe	-0.4774765427805868
64	Inferior Parietal Lobule L	rpe	0.24200977899020476
01	Inferior Parietal Lobule L	urpe	-0.27959542965052975
02	Inferior Parietal Lobule L	urpe	-0.2211330846102882
03	Inferior Parietal Lobule L	urpe	0.04202722083269444
04	Inferior Parietal Lobule L	urpe	-0.6403650034901122
05	Inferior Parietal Lobule L	urpe	-0.1526902761566398
06	Inferior Parietal Lobule L	urpe	-0.1336721613597504
07	Inferior Parietal Lobule L	urpe	-0.05886163839418878
09	Inferior Parietal Lobule L	urpe	-0.21206370714832995
10	Inferior Parietal Lobule L	urpe	-0.061821281704439526
11	Inferior Parietal Lobule L	urpe	0.06559237078195132
12	Inferior Parietal Lobule L	urpe	-0.07183088432776659
14	Inferior Parietal Lobule L	urpe	-0.3633631894008602
15	Inferior Parietal Lobule L	urpe	0.07547408230004268
17	Inferior Parietal Lobule L	urpe	-0.12966863040925997
18	Inferior Parietal Lobule L	urpe	-0.12257311197774957
19	Inferior Parietal Lobule L	urpe	-0.21765435106584752
20	Inferior Parietal Lobule L	urpe	-0.16257379589462434
21	Inferior Parietal Lobule L	urpe	-0.1006124293510343
22	Inferior Parietal Lobule L	urpe	-0.02195637110629482
23	Inferior Parietal Lobule L	urpe	-0.040972313946965606
24	Inferior Parietal Lobule L	urpe	-0.20823956878654692
25	Inferior Parietal Lobule L	urpe	-0.048494562793068345
26	Inferior Parietal Lobule L	urpe	-0.11033070175898087
27	Inferior Parietal Lobule L	urpe	-0.11557854195081677
28	Inferior Parietal Lobule L	urpe	0.10926193364637908
29	Inferior Parietal Lobule L	urpe	0.0922096649182876
30	Inferior Parietal Lobule L	urpe	-0.14026933657786997
33	Inferior Parietal Lobule L	urpe	-0.1834426414781193
34	Inferior Parietal Lobule L	urpe	0.09706263991696935
35	Inferior Parietal Lobule L	urpe	-0.08541341673035148
36	Inferior Parietal Lobule L	urpe	-0.10183934622088339
37	Inferior Parietal Lobule L	urpe	0.07010910416417099
38	Inferior Parietal Lobule L	urpe	-0.07732684174014891
39	Inferior Parietal Lobule L	urpe	-0.12233415850057779
40	Inferior Parietal Lobule L	urpe	-0.3055760536584435
41	Inferior Parietal Lobule L	urpe	-0.17467435511012733
42	Inferior Parietal Lobule L	urpe	-0.06602733838590553
43	Inferior Parietal Lobule L	urpe	-0.18740523930055858
45	Inferior Parietal Lobule L	urpe	-0.09656989689467654
46	Inferior Parietal Lobule L	urpe	0.11469746107386398
47	Inferior Parietal Lobule L	urpe	-0.24438914449605653
48	Inferior Parietal Lobule L	urpe	-0.17795668423564956
49	Inferior Parietal Lobule L	urpe	-0.4595134483449196
50	Inferior Parietal Lobule L	urpe	0.14235906115024757
51	Inferior Parietal Lobule L	urpe	-0.6636253238214014
52	Inferior Parietal Lobule L	urpe	-0.05658510545221652
53	Inferior Parietal Lobule L	urpe	-0.10134336807379202
54	Inferior Parietal Lobule L	urpe	-0.13219088213717753
55	Inferior Parietal Lobule L	urpe	-0.34197366970674326
56	Inferior Parietal Lobule L	urpe	0.1002094856643188
57	Inferior Parietal Lobule L	urpe	0.10610673099413553
58	Inferior Parietal Lobule L	urpe	-0.2225838613897527
59	Inferior Parietal Lobule L	urpe	0.15002437012569056
60	Inferior Parietal Lobule L	urpe	-0.0821930144145864
61	Inferior Parietal Lobule L	urpe	-0.06511683240281461
62	Inferior Parietal Lobule L	urpe	-0.02230399945519095
63	Inferior Parietal Lobule L	urpe	-0.38674614135997953
64	Inferior Parietal Lobule L	urpe	-0.01203599309919297
01	Inferior Parietal Lobule L	surprise	-0.09402724268339015
02	Inferior Parietal Lobule L	surprise	-0.008242277384510464
03	Inferior Parietal Lobule L	surprise	0.006401051294130706
04	Inferior Parietal Lobule L	surprise	0.054500712516024584
05	Inferior Parietal Lobule L	surprise	-0.05490437016147817
06	Inferior Parietal Lobule L	surprise	-0.017943129640295576
07	Inferior Parietal Lobule L	surprise	-0.03500163588006631
09	Inferior Parietal Lobule L	surprise	-0.03296181037333387
10	Inferior Parietal Lobule L	surprise	0.0361334744831569
11	Inferior Parietal Lobule L	surprise	-0.05695109846160043
12	Inferior Parietal Lobule L	surprise	-0.014027658003270547
14	Inferior Parietal Lobule L	surprise	-0.041819667911958805
15	Inferior Parietal Lobule L	surprise	-0.05053853265248185
17	Inferior Parietal Lobule L	surprise	-0.054213738474478954
18	Inferior Parietal Lobule L	surprise	-0.023185757285463866
19	Inferior Parietal Lobule L	surprise	-0.12290929345413495
20	Inferior Parietal Lobule L	surprise	0.005744702395045159
21	Inferior Parietal Lobule L	surprise	-0.004542230635467685
22	Inferior Parietal Lobule L	surprise	0.19602798092279566
23	Inferior Parietal Lobule L	surprise	0.011059979561977485
24	Inferior Parietal Lobule L	surprise	-0.0319334243995314
25	Inferior Parietal Lobule L	surprise	-0.06253118234568499
26	Inferior Parietal Lobule L	surprise	0.21029395222152308
27	Inferior Parietal Lobule L	surprise	0.033363464976657625
28	Inferior Parietal Lobule L	surprise	0.014646975802618176
29	Inferior Parietal Lobule L	surprise	-0.05575770569283148
30	Inferior Parietal Lobule L	surprise	-0.025241772188808322
33	Inferior Parietal Lobule L	surprise	0.014086853739441517
34	Inferior Parietal Lobule L	surprise	0.021686984099581086
35	Inferior Parietal Lobule L	surprise	0.21204310887550035
36	Inferior Parietal Lobule L	surprise	-0.03177455261935102
37	Inferior Parietal Lobule L	surprise	-0.025034496509317012
38	Inferior Parietal Lobule L	surprise	0.06476468103609874
39	Inferior Parietal Lobule L	surprise	-0.02021372999580978
40	Inferior Parietal Lobule L	surprise	0.06518648663918847
41	Inferior Parietal Lobule L	surprise	0.06358089922498825
42	Inferior Parietal Lobule L	surprise	0.011394930275992223
43	Inferior Parietal Lobule L	surprise	0.01024127355913365
45	Inferior Parietal Lobule L	surprise	-0.09790662011134924
46	Inferior Parietal Lobule L	surprise	-0.11245311939314952
47	Inferior Parietal Lobule L	surprise	0.05364159928025905
48	Inferior Parietal Lobule L	surprise	0.0070333523692742445
49	Inferior Parietal Lobule L	surprise	0.1808394755940762
50	Inferior Parietal Lobule L	surprise	-0.06970857605377721
51	Inferior Parietal Lobule L	surprise	-0.03202276478286919
52	Inferior Parietal Lobule L	surprise	-0.06214007854752298
53	Inferior Parietal Lobule L	surprise	0.04620353278415409
54	Inferior Parietal Lobule L	surprise	-0.07669994193009
55	Inferior Parietal Lobule L	surprise	-0.214074542177535
56	Inferior Parietal Lobule L	surprise	-0.06697083657231409
57	Inferior Parietal Lobule L	surprise	-0.004265178498613075
58	Inferior Parietal Lobule L	surprise	-0.056526760834825614
59	Inferior Parietal Lobule L	surprise	-0.17581471859039127
60	Inferior Parietal Lobule L	surprise	-0.14094052640087204
61	Inferior Parietal Lobule L	surprise	-0.09369997645153319
62	Inferior Parietal Lobule L	surprise	0.04370722147993286
63	Inferior Parietal Lobule L	surprise	0.14788549705222687
64	Inferior Parietal Lobule L	surprise	0.15826540282941665
01	Precuneus L	rpe	0.18642450146930847
02	Precuneus L	rpe	0.5803587019040778
03	Precuneus L	rpe	1.117881147603731
04	Precuneus L	rpe	-0.3089446919617822
05	Precuneus L	rpe	0.4513239671954432
06	Precuneus L	rpe	-0.07540007442490802
07	Precuneus L	rpe	-0.321516526999531
09	Precuneus L	rpe	0.05504069214976216
10	Precuneus L	rpe	1.17407417329582
11	Precuneus L	rpe	0.5632243737578392
12	Precuneus L	rpe	0.17503191136493115
14	Precuneus L	rpe	0.4427462772931904
15	Precuneus L	rpe	-0.133696117136758
17	Precuneus L	rpe	-0.11990976049816487
18	Precuneus L	rpe	-0.1957182903497203
19	Precuneus L	rpe	0.4325213641142221
20	Precuneus L	rpe	-0.15135433836714238
21	Precuneus L	rpe	0.36667955646014494
22	Precuneus L	rpe	0.2602175834034947
23	Precuneus L	rpe	0.01909609837363147
24	Precuneus L	rpe	0.6180689494138131
25	Precuneus L	rpe	0.7443074408616569
26	Precuneus L	rpe	0.21769008260988001
27	Precuneus L	rpe	0.3364101414707162
28	Precuneus L	rpe	0.3627033806500352
29	Precuneus L	rpe	0.12242432558795789
30	Precuneus L	rpe	0.366379402920201
33	Precuneus L	rpe	-0.032403964551820146
34	Precuneus L	rpe	-0.02935212382675476
35	Precuneus L	rpe	0.6145671245931471
36	Precuneus L	rpe	-0.23508724902341194
37	Precuneus L	rpe	0.3000867504068034
38	Precuneus L	rpe	-0.23636450267623405
39	Precuneus L	rpe	0.2833083210626265
40	Precuneus L	rpe	-0.4566631978805605
41	Precuneus L	rpe	0.8178278189253163
42	Precuneus L	rpe	-0.13541025286737038
43	Precuneus L	rpe	0.07720955748306084
45	Precuneus L	rpe	0.34650034796496904
46	Precuneus L	rpe	0.0037526385556604413
47	Precuneus L	rpe	0.6416537210093559
48	Precuneus L	rpe	0.26048488973866446
49	Precuneus L	rpe	0.35472469678702384
50	Precuneus L	rpe	0.0724068458896835
51	Precuneus L	rpe	0.6313071212555106
52	Precuneus L	rpe	0.39100472470493736
53	Precuneus L	rpe	-0.08152644778224262
54	Precuneus L	rpe	0.14357241556186834
55	Precuneus L	rpe	0.6198980735363187
56	Precuneus L	rpe	0.8672784681255753
57	Precuneus L	rpe	0.12631089322369646
58	Precuneus L	rpe	0.6242404906330882
59	Precuneus L	rpe	0.11366925234839516
60	Precuneus L	rpe	-0.03341024847185189
61	Precuneus L	rpe	0.2818795388051611
62	Precuneus L	rpe	0.21133585058756776
63	Precuneus L	rpe	-0.5353269784837156
64	Precuneus L	rpe	0.045140427478425504
01	Precuneus L	urpe	0.11285667827453565
02	Precuneus L	urpe	0.011678678885958083
03	Precuneus L	urpe	-0.19277839564051277
04	Precuneus L	urpe	-0.14694415911327344
05	Precuneus L	urpe	0.1341749533338746
06	Precuneus L	urpe	-0.1217176755503248
07	Precuneus L	urpe	-0.33439040848532237
09	Precuneus L	urpe	-0.2632951683569322
10	Precuneus L	urpe	-0.16601043959601303
11	Precuneus L	urpe	-0.24638001966869105
12	Precuneus L	urpe	0.16642908567257503
14	Precuneus L	urpe	0.1600611074317901
15	Precuneus L	urpe	-0.06303189912776214
17	Precuneus L	urpe	-0.41858218376700945
18	Precuneus L	urpe	0.22390436149529508
19	Precuneus L	urpe	0.17066632737712367
20	Precuneus L	urpe	-0.6037015264501443
21	Precuneus L	urpe	0.14213320614417663
22	Precuneus L	urpe	-0.21569484121518562
23	Precuneus L	urpe	0.23655324928254845
24	Precuneus L	urpe	-0.6828630311867675
25	Precuneus L	urpe	-0.4531421158160712
26	Precuneus L	urpe	0.028861403006689018
27	Precuneus L	urpe	-0.039096653554903195
28	Precuneus L	urpe	-0.0468097859781591
29	Precuneus L	urpe	0.21268059560404523
30	Precuneus L	urpe	-0.07486728420701332
33	Precuneus L	urpe	0.0032139436788605276
34	Precuneus L	urpe	0.1345414314758838
35	Precuneus L	urpe	-0.456857786226917
36	Precuneus L	urpe	-0.18006116204605613
37	Precuneus L	urpe	-0.11935566359174413
38	Precuneus L	urpe	-0.1283709416307534
39	Precuneus L	urpe	-0.059783920556986454
40	Precuneus L	urpe	0.22836938643878377
41	Precuneus L	urpe	-0.048052718833944685
42	Precuneus L	urpe	0.1283391234339089
43	Precuneus L	urpe	-0.33532059194671143
45	Precuneus L	urpe	0.32007263614040976
46	Precuneus L	urpe	-0.21290224823894055
47	Precuneus L	urpe	0.4014702844660024
48	Precuneus L	urpe	-0.2749664995083082
49	Precuneus L	urpe	-0.43202235765402786
50	Precuneus L	urpe	-0.5862240995632837
51	Precuneus L	urpe	-0.4187355938468229
52	Precuneus L	urpe	-0.17656551183050348
53	Precuneus L	urpe	-0.1585130062445092
54	Precuneus L	urpe	-0.5279209585847786
55	Precuneus L	urpe	-0.3145480195815499
56	Precuneus L	urpe	-0.2809433692852287
57	Precuneus L	urpe	-0.11146124970683878
58	Precuneus L	urpe	0.09252767774175752
59	Precuneus L	urpe	0.31414982812932213
60	Precuneus L	urpe	0.07459054529301923
61	Precuneus L	urpe	-0.06907117838681852
62	Precuneus L	urpe	-0.08267248347653328
63	Precuneus L	urpe	-0.06625517694581602
64	Precuneus L	urpe	0.2283960845948329
01	Precuneus L	surprise	-0.03540768070922019
02	Precuneus L	surprise	0.11243900577537716
03	Precuneus L	surprise	0.2745972333929023
04	Precuneus L	surprise	0.08570793367555755
05	Precuneus L	surprise	0.24472917946389044
06	Precuneus L	surprise	0.2580181874813059
07	Precuneus L	surprise	0.14936100593185983
09	Precuneus L	surprise	0.22846717235405703
10	Precuneus L	surprise	0.15616049681840516
11	Precuneus L	surprise	0.1735914528697125
12	Precuneus L	surprise	-0.0816062533971539
14	Precuneus L	surprise	0.2508934735569071
15	Precuneus L	surprise	-0.04222802672963086
17	Precuneus L	surprise	0.029497416828746428
18	Precuneus L	surprise	-0.039249496004934346
19	Precuneus L	surprise	-0.1091031924268857
20	Precuneus L	surprise	-0.01506124589107679
21	Precuneus L	surprise	0.055844860507892696
22	Precuneus L	surprise	0.16926504773012288
23	Precuneus L	surprise	-0.10674607463848047
24	Precuneus L	surprise	0.16479109246032062
25	Precuneus L	surprise	0.1189421962139612
26	Precuneus L	surprise	0.3136877018052178
27	Precuneus L	surprise	0.02198165365796838
28	Precuneus L	surprise	0.024176629104752195
29	Precuneus L	surprise	-0.06024267220149144
30	Precuneus L	surprise	0.0777488120507474
33	Precuneus L	surprise	-0.005569875467257146
34	Precuneus L	surprise	-0.021039984181737276
35	Precuneus L	surprise	0.11803050051310345
36	Precuneus L	surprise	0.086826887067464
37	Precuneus L	surprise	0.10980953194481806
38	Precuneus L	surprise	0.3025890402495861
39	Precuneus L	surprise	0.09897272991821976
40	Precuneus L	surprise	-0.09451824600549337
41	Precuneus L	surprise	0.1343996616096135
42	Precuneus L	surprise	0.07970963271690307
43	Precuneus L	surprise	-0.09535595786355033
45	Precuneus L	surprise	0.12863557680031737
46	Precuneus L	surprise	0.18121399827100135
47	Precuneus L	surprise	0.19488240724328804
48	Precuneus L	surprise	0.1481969570728472
49	Precuneus L	surprise	0.22234808362617686
50	Precuneus L	surprise	0.05340331841143779
51	Precuneus L	surprise	0.10227937404273985
52	Precuneus L	surprise	0.045276702719353565
53	Precuneus L	surprise	0.11445901621309285
54	Precuneus L	surprise	0.04990398539796572
55	Precuneus L	surprise	0.1306027572958359
56	Precuneus L	surprise	0.2070641002038846
57	Precuneus L	surprise	-0.012456025989298281
58	Precuneus L	surprise	0.1627409349246001
59	Precuneus L	surprise	-0.19979866573247254
60	Precuneus L	surprise	-0.07029629965514146
61	Precuneus L	surprise	0.2330818578993392
62	Precuneus L	surprise	0.0031411309109849704
63	Precuneus L	surprise	0.2350515687787855
64	Precuneus L	surprise	0.22085966083120454
01	DLPFC L (2)	rpe	0.06389530965296382
02	DLPFC L (2)	rpe	0.5374235808849335
03	DLPFC L (2)	rpe	0.28255286455572454
04	DLPFC L (2)	rpe	0.24253682934425094
05	DLPFC L (2)	rpe	0.4516213583527133
06	DLPFC L (2)	rpe	0.01773294473387068
07	DLPFC L (2)	rpe	-0.11036405568540265
09	DLPFC L (2)	rpe	-0.19055867075327446
10	DLPFC L (2)	rpe	0.7152227800170129
11	DLPFC L (2)	rpe	0.461407708986239
12	DLPFC L (2)	rpe	0.29285343512892725
14	DLPFC L (2)	rpe	0.19036276619881393
15	DLPFC L (2)	rpe	0.23615361535075036
17	DLPFC L (2)	rpe	-0.14416435079606757
18	DLPFC L (2)	rpe	0.1368174108761278
19	DLPFC L (2)	rpe	0.30384067056531255
20	DLPFC L (2)	rpe	0.04315881832338742
21	DLPFC L (2)	rpe	0.24436542025174607
22	DLPFC L (2)	rpe	0.2360589879226278
23	DLPFC L (2)	rpe	0.1743997706163844
24	DLPFC L (2)	rpe	0.2668390937572853
25	DLPFC L (2)	rpe	0.37815775596166284
26	DLPFC L (2)	rpe	0.10118479992009022
27	DLPFC L (2)	rpe	0.39995012734593316
28	DLPFC L (2)	rpe	0.10725955194568748
29	DLPFC L (2)	rpe	0.20861539198932322
30	DLPFC L (2)	rpe	0.5567430216184055
33	DLPFC L (2)	rpe	0.30565966327928684
34	DLPFC L (2)	rpe	-0.03453110156485557
35	DLPFC L (2)	rpe	0.37386736314405095
36	DLPFC L (2)	rpe	-0.04228350831809538
37	DLPFC L (2)	rpe	0.3393280287273228
38	DLPFC L (2)	rpe	0.03485507157377221
39	DLPFC L (2)	rpe	0.08994215083075688
40	DLPFC L (2)	rpe	-0.0022798632673749868
41	DLPFC L (2)	rpe	0.7813977385109121
42	DLPFC L (2)	rpe	-0.24124699974676
43	DLPFC L (2)	rpe	0.45148371293802153
45	DLPFC L (2)	rpe	0.6453201100230217
46	DLPFC L (2)	rpe	0.08161762755533511
47	DLPFC L (2)	rpe	0.5536091981963678
48	DLPFC L (2)	rpe	0.884007457592948
49	DLPFC L (2)	rpe	0.19245584101326213
50	DLPFC L (2)	rpe	0.18000621825075624
51	DLPFC L (2)	rpe	0.3082469290376387
52	DLPFC L (2)	rpe	0.3486966529353098
53	DLPFC L (2)	rpe	-0.04634328573010862
54	DLPFC L (2)	rpe	0.15402996096421373
55	DLPFC L (2)	rpe	0.5300966950493272
56	DLPFC L (2)	rpe	0.3223780639638955
57	DLPFC L (2)	rpe	0.14138009705453772
58	DLPFC L (2)	rpe	0.7276248184117404
59	DLPFC L (2)	rpe	0.06262843960642138
60	DLPFC L (2)	rpe	0.2919717257419093
61	DLPFC L (2)	rpe	0.27031535336917095
62	DLPFC L (2)	rpe	-0.05531060870906169
63	DLPFC L (2)	rpe	-0.2085575514339408
64	DLPFC L (2)	rpe	0.13026029410010034
01	DLPFC L (2)	urpe	0.13698198342463003
02	DLPFC L (2)	urpe	-0.4934677997604012
03	DLPFC L (2)	urpe	-0.009858604939654469
04	DLPFC L (2)	urpe	-0.15912073654207318
05	DLPFC L (2)	urpe	-0.07194911752065475
06	DLPFC L (2)	urpe	-0.11450954171278599
07	DLPFC L (2)	urpe	0.03715640212493864
09	DLPFC L (2)	urpe	-0.16726632645692338
10	DLPFC L (2)	urpe	-0.3509679524735971
11	DLPFC L (2)	urpe	-0.06246622542385012
12	DLPFC L (2)	urpe	0.05896995785508559
14	DLPFC L (2)	urpe	-0.1105295217627744
15	DLPFC L (2)	urpe	0.22479815362867983
17	DLPFC L (2)	urpe	-0.3873958687298
18	DLPFC L (2)	urpe	0.3265375242695551
19	DLPFC L (2)	urpe	-0.21202497881710192
20	DLPFC L (2)	urpe	-0.38511076752435075
21	DLPFC L (2)	urpe	-0.017428870662115514
22	DLPFC L (2)	urpe	-0.07596978425810283
23	DLPFC L (2)	urpe	0.21015260892983695
24	DLPFC L (2)	urpe	-0.3354913684497164
25	DLPFC L (2)	urpe	-0.19487492557064715
26	DLPFC L (2)	urpe	0.027999221540945158
27	DLPFC L (2)	urpe	-0.14613814019301738
28	DLPFC L (2)	urpe	-0.007557154183847491
29	DLPFC L (2)	urpe	0.03268235249614174
30	DLPFC L (2)	urpe	-0.13077650180255826
33	DLPFC L (2)	urpe	0.021129278651311655
34	DLPFC L (2)	urpe	0.11859614253725423
35	DLPFC L (2)	urpe	-0.1702076542476954
36	DLPFC L (2)	urpe	-0.2222658340766264
37	DLPFC L (2)	urpe	-0.05774653441569006
38	DLPFC L (2)	urpe	-0.11701261514469727
39	DLPFC L (2)	urpe	-0.027810309758536857
40	DLPFC L (2)	urpe	0.09526522769169374
41	DLPFC L (2)	urpe	-0.16706216148820452
42	DLPFC L (2)	urpe	-0.14735275528139688
43	DLPFC L (2)	urpe	-0.09800114791670983
45	DLPFC L (2)	urpe	-0.4755210312252695
46	DLPFC L (2)	urpe	-0.3053519387565426
47	DLPFC L (2)	urpe	-0.054568757226859985
48	DLPFC L (2)	urpe	-0.48355445035479283
49	DLPFC L (2)	urpe	-0.3669452367096462
50	DLPFC L (2)	urpe	-0.20528595934367994
51	DLPFC L (2)	urpe	-0.43025296303358945
52	DLPFC L (2)	urpe	-0.16166110777253792
53	DLPFC L (2)	urpe	-0.016506575617346576
54	DLPFC L (2)	urpe	-0.41131624112921683
55	DLPFC L (2)	urpe	-0.2220707229719582
56	DLPFC L (2)	urpe	-0.03550073894227601
57	DLPFC L (2)	urpe	-0.24230719124051658
58	DLPFC L (2)	urpe	-0.27680030462056904
59	DLPFC L (2)	urpe	-0.0033923445100134068
60	DLPFC L (2)	urpe	-0.0901736473294229
61	DLPFC L (2)	urpe	-0.180262818839401
62	DLPFC L (2)	urpe	-0.06515948761635544
63	DLPFC L (2)	urpe	-0.13015267644077538
64	DLPFC L (2)	urpe	0.11825549681035971
01	DLPFC L (2)	surprise	0.06079922553141263
02	DLPFC L (2)	surprise	0.11201060219318607
03	DLPFC L (2)	surprise	0.06428295560339889
04	DLPFC L (2)	surprise	-0.06644786099310626
05	DLPFC L (2)	surprise	0.32686299417506565
06	DLPFC L (2)	surprise	0.186435183535584
07	DLPFC L (2)	surprise	0.10142762124676004
09	DLPFC L (2)	surprise	0.10593375649345531
10	DLPFC L (2)	surprise	0.006412506929915584
11	DLPFC L (2)	surprise	0.10979063315528699
12	DLPFC L (2)	surprise	0.0047744622750377115
14	DLPFC L (2)	surprise	0.05741119997321882
15	DLPFC L (2)	surprise	-0.04837103778157722
17	DLPFC L (2)	surprise	0.09307757974602282
18	DLPFC L (2)	surprise	-0.1298567004014992
19	DLPFC L (2)	surprise	-0.08401867697168862
20	DLPFC L (2)	surprise	0.05820822112635307
21	DLPFC L (2)	surprise	-0.040653360018040985
22	DLPFC L (2)	surprise	0.18893002849257423
23	DLPFC L (2)	surprise	0.18254962346982212
24	DLPFC L (2)	surprise	0.06947142189601437
25	DLPFC L (2)	surprise	0.023997556370556016
26	DLPFC L (2)	surprise	0.18535932118009607
27	DLPFC L (2)	surprise	0.07736426011066545
28	DLPFC L (2)	surprise	0.005555105303938035
29	DLPFC L (2)	surprise	0.0027579139976296576
30	DLPFC L (2)	surprise	0.13854591214436698
33	DLPFC L (2)	surprise	-0.010637554189782928
34	DLPFC L (2)	surprise	0.0401318078827568
35	DLPFC L (2)	surprise	0.031062358014539562
36	DLPFC L (2)	surprise	-0.03503571919864044
37	DLPFC L (2)	surprise	0.07124654543744824
38	DLPFC L (2)	surprise	0.08181568450686014
39	DLPFC L (2)	surprise	0.13259684445537542
40	DLPFC L (2)	surprise	0.04846581361701035
41	DLPFC L (2)	surprise	0.07452413074100729
42	DLPFC L (2)	surprise	0.21190456795421514
43	DLPFC L (2)	surprise	0.0027117566885532475
45	DLPFC L (2)	surprise	0.06574057070326737
46	DLPFC L (2)	surprise	0.12199000112331387
47	DLPFC L (2)	surprise	-0.006504577011748386
48	DLPFC L (2)	surprise	-0.038120410124644295
49	DLPFC L (2)	surprise	0.2518445803699168
50	DLPFC L (2)	surprise	0.013756739622278307
51	DLPFC L (2)	surprise	0.029365851343291897
52	DLPFC L (2)	surprise	-0.036924081898971714
53	DLPFC L (2)	surprise	0.039024540451778604
54	DLPFC L (2)	surprise	0.023595164914678952
55	DLPFC L (2)	surprise	0.06744342593142805
56	DLPFC L (2)	surprise	0.2856946979564699
57	DLPFC L (2)	surprise	0.03467516067056832
58	DLPFC L (2)	surprise	0.057351992730706444
59	DLPFC L (2)	surprise	-0.060030967759137806
60	DLPFC L (2)	surprise	0.07995380651713772
61	DLPFC L (2)	surprise	-0.02299159228992225
62	DLPFC L (2)	surprise	0.1939449611712586
63	DLPFC L (2)	surprise	0.10240530777973618
64	DLPFC L (2)	surprise	0.042580956301059236
01	Inferior parietal lobule R	rpe	0.4379271162301302
02	Inferior parietal lobule R	rpe	0.2929998714290559
03	Inferior parietal lobule R	rpe	0.6232099086139351
04	Inferior parietal lobule R	rpe	0.9172606818377972
05	Inferior parietal lobule R	rpe	0.6124068563606124
06	Inferior parietal lobule R	rpe	0.1474928587838076
07	Inferior parietal lobule R	rpe	0.21277265727636405
09	Inferior parietal lobule R	rpe	0.07818144480697811
10	Inferior parietal lobule R	rpe	1.0073781108856201
11	Inferior parietal lobule R	rpe	-0.0024392060562968255
12	Inferior parietal lobule R	rpe	0.08624677082290873
14	Inferior parietal lobule R	rpe	0.30580619190295694
15	Inferior parietal lobule R	rpe	1.2802771724760533
17	Inferior parietal lobule R	rpe	0.2132577143982053
18	Inferior parietal lobule R	rpe	-0.7497173703089356
19	Inferior parietal lobule R	rpe	0.02137658725725487
20	Inferior parietal lobule R	rpe	0.13699130025110207
21	Inferior parietal lobule R	rpe	0.16378766455803997
22	Inferior parietal lobule R	rpe	0.32702607362014535
23	Inferior parietal lobule R	rpe	0.09432932418771088
24	Inferior parietal lobule R	rpe	0.64068320132792
25	Inferior parietal lobule R	rpe	0.9192048847675324
26	Inferior parietal lobule R	rpe	-0.3631700583919883
27	Inferior parietal lobule R	rpe	0.04942072018748149
28	Inferior parietal lobule R	rpe	0.18097498003509827
29	Inferior parietal lobule R	rpe	0.3158159489557147
30	Inferior parietal lobule R	rpe	-0.40103088340722026
33	Inferior parietal lobule R	rpe	0.667367576956749
34	Inferior parietal lobule R	rpe	0.2992112126946449
35	Inferior parietal lobule R	rpe	0.08992922760080546
36	Inferior parietal lobule R	rpe	0.05134565598331392
37	Inferior parietal lobule R	rpe	1.3821681809425355
38	Inferior parietal lobule R	rpe	-0.09953188003913965
39	Inferior parietal lobule R	rpe	0.28476568108424544
40	Inferior parietal lobule R	rpe	-0.43618536259979007
41	Inferior parietal lobule R	rpe	0.805277927722782
42	Inferior parietal lobule R	rpe	-0.051662103629205376
43	Inferior parietal lobule R	rpe	-0.04308604419697076
45	Inferior parietal lobule R	rpe	-0.21468536537846375
46	Inferior parietal lobule R	rpe	0.22035109177639242
47	Inferior parietal lobule R	rpe	0.39797429523896427
48	Inferior parietal lobule R	rpe	0.0742723906878382
49	Inferior parietal lobule R	rpe	0.6828619374614209
50	Inferior parietal lobule R	rpe	0.5037253558402881
51	Inferior parietal lobule R	rpe	0.34170661106705663
52	Inferior parietal lobule R	rpe	-0.04174539503175765
53	Inferior parietal lobule R	rpe	-0.08425441710976883
54	Inferior parietal lobule R	rpe	-0.34467389120254666
55	Inferior parietal lobule R	rpe	0.09794417146127671
56	Inferior parietal lobule R	rpe	1.6612564162909984
57	Inferior parietal lobule R	rpe	0.32547554223798214
58	Inferior parietal lobule R	rpe	0.6705038624256849
59	Inferior parietal lobule R	rpe	-0.16177943802438677
60	Inferior parietal lobule R	rpe	0.36277914091944696
61	Inferior parietal lobule R	rpe	0.08286707803606987
62	Inferior parietal lobule R	rpe	0.11356583995977416
63	Inferior parietal lobule R	rpe	-0.008733476778725163
64	Inferior parietal lobule R	rpe	-0.4022991985827684
01	Inferior parietal lobule R	urpe	0.8283519002050161
02	Inferior parietal lobule R	urpe	0.09377136316732504
03	Inferior parietal lobule R	urpe	0.6816127575375139
04	Inferior parietal lobule R	urpe	-0.1557329108760314
05	Inferior parietal lobule R	urpe	0.32383126626431474
06	Inferior parietal lobule R	urpe	0.47883550183847545
07	Inferior parietal lobule R	urpe	0.2679278095019981
09	Inferior parietal lobule R	urpe	0.46570755042135714
10	Inferior parietal lobule R	urpe	-0.10575171685701207
11	Inferior parietal lobule R	urpe	-0.10501618267502635
12	Inferior parietal lobule R	urpe	0.08838909987709485
14	Inferior parietal lobule R	urpe	-0.06749789166962727
15	Inferior parietal lobule R	urpe	0.22549683356191963
17	Inferior parietal lobule R	urpe	0.22267706272017676
18	Inferior parietal lobule R	urpe	0.2628906214586459
19	Inferior parietal lobule R	urpe	0.2224642796535045
20	Inferior parietal lobule R	urpe	-0.0034148142056073996
21	Inferior parietal lobule R	urpe	-0.03885180046054302
22	Inferior parietal lobule R	urpe	-0.3401450802758336
23	Inferior parietal lobule R	urpe	0.8393760752677918
24	Inferior parietal lobule R	urpe	-0.18251406807336024
25	Inferior parietal lobule R	urpe	0.09977728700265288
26	Inferior parietal lobule R	urpe	-0.32147033248096707
27	Inferior parietal lobule R	urpe	-0.03653663253411651
28	Inferior parietal lobule R	urpe	-0.07552366075688041
29	Inferior parietal lobule R	urpe	0.3048820602893829
30	Inferior parietal lobule R	urpe	0.2977225927374093
33	Inferior parietal lobule R	urpe	0.014947960919816978
34	Inferior parietal lobule R	urpe	0.24943490211386232
35	Inferior parietal lobule R	urpe	0.03600489604170434
36	Inferior parietal lobule R	urpe	-0.4488026114739478
37	Inferior parietal lobule R	urpe	0.2997819779627025
38	Inferior parietal lobule R	urpe	-0.37521204145654335
39	Inferior parietal lobule R	urpe	0.13520588194951416
40	Inferior parietal lobule R	urpe	0.24417141875252127
41	Inferior parietal lobule R	urpe	0.45908881556242703
42	Inferior parietal lobule R	urpe	0.1235625356377568
43	Inferior parietal lobule R	urpe	0.3966743872966617
45	Inferior parietal lobule R	urpe	0.9754627281427384
46	Inferior parietal lobule R	urpe	0.7039972718060017
47	Inferior parietal lobule R	urpe	0.556227357685566
48	Inferior parietal lobule R	urpe	0.18151339231058955
49	Inferior parietal lobule R	urpe	0.4445798808953259
50	Inferior parietal lobule R	urpe	0.470748445764184
51	Inferior parietal lobule R	urpe	0.3956690372619778
52	Inferior parietal lobule R	urpe	0.5598562687635422
53	Inferior parietal lobule R	urpe	0.15226843890966849
54	Inferior parietal lobule R	urpe	0.1466556836343807
55	Inferior parietal lobule R	urpe	0.5594724670797586
56	Inferior parietal lobule R	urpe	-0.6493532933224924
57	Inferior parietal lobule R	urpe	-0.046396074199001304
58	Inferior parietal lobule R	urpe	0.35464394216425715
59	Inferior parietal lobule R	urpe	1.122076052427292
60	Inferior parietal lobule R	urpe	0.2268117727013305
61	Inferior parietal lobule R	urpe	-0.02215267454273999
62	Inferior parietal lobule R	urpe	0.3250443300791085
63	Inferior parietal lobule R	urpe	0.03714123890735209
64	Inferior parietal lobule R	urpe	0.3883496775850654
01	Inferior parietal lobule R	surprise	-0.07130216525867582
02	Inferior parietal lobule R	surprise	0.13922474045539274
03	Inferior parietal lobule R	surprise	-0.041567721711981
04	Inferior parietal lobule R	surprise	-0.3420866801822558
05	Inferior parietal lobule R	surprise	0.044415714365895836
06	Inferior parietal lobule R	surprise	-0.06051515652798116
07	Inferior parietal lobule R	surprise	-0.12768043727148323
09	Inferior parietal lobule R	surprise	-0.18795129460282622
10	Inferior parietal lobule R	surprise	-0.059749198965728285
11	Inferior parietal lobule R	surprise	0.0837529648951022
12	Inferior parietal lobule R	surprise	0.10049356188217644
14	Inferior parietal lobule R	surprise	0.06340127913063043
15	Inferior parietal lobule R	surprise	-0.15798129293354576
17	Inferior parietal lobule R	surprise	0.2332618704228662
18	Inferior parietal lobule R	surprise	-0.23423624159768225
19	Inferior parietal lobule R	surprise	-0.24082241416093894
20	Inferior parietal lobule R	surprise	0.05134621787132346
21	Inferior parietal lobule R	surprise	-0.003175765355117619
22	Inferior parietal lobule R	surprise	-0.14030825241468847
23	Inferior parietal lobule R	surprise	0.042873110584914685
24	Inferior parietal lobule R	surprise	0.07143777776989736
25	Inferior parietal lobule R	surprise	-0.051300410493277014
26	Inferior parietal lobule R	surprise	0.21622642413014545
27	Inferior parietal lobule R	surprise	0.05019559949170798
28	Inferior parietal lobule R	surprise	-0.024549795063212514
29	Inferior parietal lobule R	surprise	-0.017828798773116432
30	Inferior parietal lobule R	surprise	0.10374826829880476
33	Inferior parietal lobule R	surprise	0.00540182656608522
34	Inferior parietal lobule R	surprise	0.1555539183539804
35	Inferior parietal lobule R	surprise	0.0100457023474155
36	Inferior parietal lobule R	surprise	0.09485379050311167
37	Inferior parietal lobule R	surprise	-0.1902536517707631
38	Inferior parietal lobule R	surprise	0.16461822596145795
39	Inferior parietal lobule R	surprise	0.14350706787517992
40	Inferior parietal lobule R	surprise	-0.12087611854309216
41	Inferior parietal lobule R	surprise	0.10939367530809249
42	Inferior parietal lobule R	surprise	-0.08471084964228794
43	Inferior parietal lobule R	surprise	0.3970042438805103
45	Inferior parietal lobule R	surprise	0.04542973697418347
46	Inferior parietal lobule R	surprise	-0.11213469302281737
47	Inferior parietal lobule R	surprise	-0.0188613238860853
48	Inferior parietal lobule R	surprise	0.02188735131872818
49	Inferior parietal lobule R	surprise	0.39626423867419364
50	Inferior parietal lobule R	surprise	0.1406020087719662
51	Inferior parietal lobule R	surprise	-0.07623323566280306
52	Inferior parietal lobule R	surprise	-0.2220857516443357
53	Inferior parietal lobule R	surprise	0.07889721917686984
54	Inferior parietal lobule R	surprise	0.053040406259242445
55	Inferior parietal lobule R	surprise	-0.08642125529935583
56	Inferior parietal lobule R	surprise	-0.32562719910405574
57	Inferior parietal lobule R	surprise	-0.115474432344663
58	Inferior parietal lobule R	surprise	0.13607901895418764
59	Inferior parietal lobule R	surprise	-0.5831742270290852
60	Inferior parietal lobule R	surprise	0.008586737757841547
61	Inferior parietal lobule R	surprise	0.16971171523910017
62	Inferior parietal lobule R	surprise	-0.10555373031529598
63	Inferior parietal lobule R	surprise	0.01352698081638664
64	Inferior parietal lobule R	surprise	-0.15035297008696943
01	Insula R (2)	rpe	-0.45093143536624586
02	Insula R (2)	rpe	-0.04748857427991673
03	Insula R (2)	rpe	-0.5230181712517648
04	Insula R (2)	rpe	-0.19200461719777773
05	Insula R (2)	rpe	-1.0304665443572132
06	Insula R (2)	rpe	-0.3043000131517395
07	Insula R (2)	rpe	-0.3562978563660925
09	Insula R (2)	rpe	-0.14019724527613356
10	Insula R (2)	rpe	0.4434115294557573
11	Insula R (2)	rpe	0.12903138996758076
12	Insula R (2)	rpe	0.06202813711504198
14	Insula R (2)	rpe	-0.5514336530627175
15	Insula R (2)	rpe	-0.012750229800903153
17	Insula R (2)	rpe	-0.4064487075348469
18	Insula R (2)	rpe	-0.7451655434613879
19	Insula R (2)	rpe	-0.25074700031175534
20	Insula R (2)	rpe	-0.41466949198564346
21	Insula R (2)	rpe	-0.2525135136172387
22	Insula R (2)	rpe	0.25782641866085626
23	Insula R (2)	rpe	-0.11140169916788265
24	Insula R (2)	rpe	0.12043282782112576
25	Insula R (2)	rpe	0.059746086908324454
26	Insula R (2)	rpe	-0.35194798463833815
27	Insula R (2)	rpe	-0.017587976523579775
28	Insula R (2)	rpe	-0.3338673299982805
29	Insula R (2)	rpe	0.04954471316622486
30	Insula R (2)	rpe	-0.7348613215568052
33	Insula R (2)	rpe	-0.28896401001309807
34	Insula R (2)	rpe	-0.1385527228869085
35	Insula R (2)	rpe	0.047411296431991184
36	Insula R (2)	rpe	-0.3048970775191926
37	Insula R (2)	rpe	-0.09886488699703477
38	Insula R (2)	rpe	-0.5058355497577313
39	Insula R (2)	rpe	-0.3939209127248349
40	Insula R (2)	rpe	-0.5546992647207596
41	Insula R (2)	rpe	0.1987818658288399
42	Insula R (2)	rpe	-0.3148743755670942
43	Insula R (2)	rpe	-0.0528746053354222
45	Insula R (2)	rpe	-0.6317479516040873
46	Insula R (2)	rpe	-0.4988551813347096
47	Insula R (2)	rpe	0.4363092838320881
48	Insula R (2)	rpe	0.06696902376345613
49	Insula R (2)	rpe	-0.6260978217998688
50	Insula R (2)	rpe	-0.0428442686679773
51	Insula R (2)	rpe	-0.22412528572286564
52	Insula R (2)	rpe	-0.3755390753292225
53	Insula R (2)	rpe	0.09838235995266587
54	Insula R (2)	rpe	-0.1881440488187681
55	Insula R (2)	rpe	-0.20643364305777306
56	Insula R (2)	rpe	0.1016809358579022
57	Insula R (2)	rpe	-0.49353510420769453
58	Insula R (2)	rpe	-0.13666370227954097
59	Insula R (2)	rpe	-0.1414138855497268
60	Insula R (2)	rpe	0.09538034646009858
61	Insula R (2)	rpe	-0.13402718483914874
62	Insula R (2)	rpe	-0.06225485309947875
63	Insula R (2)	rpe	-0.5684999581426382
64	Insula R (2)	rpe	-0.539776337904517
01	Insula R (2)	urpe	0.10952146591444034
02	Insula R (2)	urpe	0.8603652121753178
03	Insula R (2)	urpe	0.9701353134587407
04	Insula R (2)	urpe	0.07404680105074393
05	Insula R (2)	urpe	-0.026817222490949047
06	Insula R (2)	urpe	-0.04949279530079697
07	Insula R (2)	urpe	-0.13420577758436344
09	Insula R (2)	urpe	0.16662229982003654
10	Insula R (2)	urpe	-0.11277951883279126
11	Insula R (2)	urpe	0.17165697974533858
12	Insula R (2)	urpe	0.14487737003020645
14	Insula R (2)	urpe	0.20568274597595024
15	Insula R (2)	urpe	-0.042012552251187364
17	Insula R (2)	urpe	0.19973208117748567
18	Insula R (2)	urpe	0.0227331215190299
19	Insula R (2)	urpe	0.15390407370581338
20	Insula R (2)	urpe	-0.14110944785749202
21	Insula R (2)	urpe	-0.166013027922335
22	Insula R (2)	urpe	-0.06942585440529828
23	Insula R (2)	urpe	0.08668409746182575
24	Insula R (2)	urpe	0.12748024631714958
25	Insula R (2)	urpe	0.4405558024829423
26	Insula R (2)	urpe	0.060597739539596
27	Insula R (2)	urpe	-0.06019466763245873
28	Insula R (2)	urpe	0.1554915216560899
29	Insula R (2)	urpe	0.22879814971185458
30	Insula R (2)	urpe	0.5674250608479435
33	Insula R (2)	urpe	-0.00955658667771786
34	Insula R (2)	urpe	-0.076197304318405
35	Insula R (2)	urpe	-0.14361587467349388
36	Insula R (2)	urpe	0.165292778798506
37	Insula R (2)	urpe	0.05926922355510297
38	Insula R (2)	urpe	-0.2237580255234868
39	Insula R (2)	urpe	0.4919526057783514
40	Insula R (2)	urpe	0.15124840000432663
41	Insula R (2)	urpe	0.35249567425555806
42	Insula R (2)	urpe	0.3057352507232942
43	Insula R (2)	urpe	0.05235104113010245
45	Insula R (2)	urpe	0.05422643761531534
46	Insula R (2)	urpe	0.59888057901778
47	Insula R (2)	urpe	-0.26358250858770177
48	Insula R (2)	urpe	0.5677343818613074
49	Insula R (2)	urpe	-0.13099047927376392
50	Insula R (2)	urpe	0.2180548352136446
51	Insula R (2)	urpe	-0.040085176662118596
52	Insula R (2)	urpe	0.29896575191047636
53	Insula R (2)	urpe	0.16379990287664856
54	Insula R (2)	urpe	0.22486744373137216
55	Insula R (2)	urpe	0.22565840801689774
56	Insula R (2)	urpe	-0.17789187210358
57	Insula R (2)	urpe	0.5498236521909182
58	Insula R (2)	urpe	0.49023101868277247
59	Insula R (2)	urpe	0.844673828645186
60	Insula R (2)	urpe	-0.18103186203039845
61	Insula R (2)	urpe	0.15642756047997286
62	Insula R (2)	urpe	0.013868342939862156
63	Insula R (2)	urpe	-0.13367823479612442
64	Insula R (2)	urpe	0.3128032578546977
01	Insula R (2)	surprise	-0.2300947414372455
02	Insula R (2)	surprise	0.06783005482793669
03	Insula R (2)	surprise	0.21714575330472805
04	Insula R (2)	surprise	0.08049436175232669
05	Insula R (2)	surprise	0.1964917677581649
06	Insula R (2)	surprise	0.019179323166595583
07	Insula R (2)	surprise	-0.1423990078460933
09	Insula R (2)	surprise	-0.04965860268665975
10	Insula R (2)	surprise	-0.1001273164874874
11	Insula R (2)	surprise	0.14466063605769622
12	Insula R (2)	surprise	-0.004519454741966911
14	Insula R (2)	surprise	-0.015052141810284329
15	Insula R (2)	surprise	-0.004132837223799222
17	Insula R (2)	surprise	0.10631415715695104
18	Insula R (2)	surprise	-0.16749841966983778
19	Insula R (2)	surprise	-0.07063489355310924
20	Insula R (2)	surprise	0.02308032381816619
21	Insula R (2)	surprise	0.04307716628615956
22	Insula R (2)	surprise	0.25717849166539963
23	Insula R (2)	surprise	0.045835916621322005
24	Insula R (2)	surprise	0.0002351935955547643
25	Insula R (2)	surprise	-0.026204701290804554
26	Insula R (2)	surprise	0.414034114330372
27	Insula R (2)	surprise	-0.06948725084690853
28	Insula R (2)	surprise	0.09261049107987095
29	Insula R (2)	surprise	0.01925456997295524
30	Insula R (2)	surprise	-0.05733938626905332
33	Insula R (2)	surprise	0.13226913736963813
34	Insula R (2)	surprise	0.01219520129895748
35	Insula R (2)	surprise	0.053089514036070214
36	Insula R (2)	surprise	0.1018195777485909
37	Insula R (2)	surprise	0.03759343379484066
38	Insula R (2)	surprise	0.08732931420143525
39	Insula R (2)	surprise	0.04016727875833484
40	Insula R (2)	surprise	-0.005759791389044205
41	Insula R (2)	surprise	0.09655945599132049
42	Insula R (2)	surprise	-0.11695223705398596
43	Insula R (2)	surprise	0.06292409115751112
45	Insula R (2)	surprise	0.026185395292321282
46	Insula R (2)	surprise	0.014533059644236346
47	Insula R (2)	surprise	0.020235565665643662
48	Insula R (2)	surprise	-0.036091094168527474
49	Insula R (2)	surprise	0.007115966984367167
50	Insula R (2)	surprise	-0.07288828172088622
51	Insula R (2)	surprise	-0.06003907448956108
52	Insula R (2)	surprise	-0.07271527808255711
53	Insula R (2)	surprise	0.07435442620937299
54	Insula R (2)	surprise	-0.03133493662211218
55	Insula R (2)	surprise	-0.24525092957033354
56	Insula R (2)	surprise	0.06792471831563902
57	Insula R (2)	surprise	-0.15482177766336297
58	Insula R (2)	surprise	-5.311616273088889e-05
59	Insula R (2)	surprise	-0.3740874489938671
60	Insula R (2)	surprise	-0.08248165270990947
61	Insula R (2)	surprise	-0.0771695116630078
62	Insula R (2)	surprise	0.026723303320817526
63	Insula R (2)	surprise	0.09880444236279634
64	Insula R (2)	surprise	-0.11080705216260288
01	Angular gyrus R	rpe	0.3082349621978255
02	Angular gyrus R	rpe	0.4044493040828793
03	Angular gyrus R	rpe	0.6502033989520076
04	Angular gyrus R	rpe	0.16516791722150864
05	Angular gyrus R	rpe	0.38378810482444586
06	Angular gyrus R	rpe	-0.009055700525713303
07	Angular gyrus R	rpe	-0.2779908542532796
09	Angular gyrus R	rpe	-0.002734212365783291
10	Angular gyrus R	rpe	1.3618648438541978
11	Angular gyrus R	rpe	0.45064330386158863
12	Angular gyrus R	rpe	0.22032754264633964
14	Angular gyrus R	rpe	0.2435481916009276
15	Angular gyrus R	rpe	-0.005945521751763644
17	Angular gyrus R	rpe	-0.038867124502926516
18	Angular gyrus R	rpe	0.3447839980600057
19	Angular gyrus R	rpe	0.3071016327386009
20	Angular gyrus R	rpe	0.1942460883155833
21	Angular gyrus R	rpe	0.3464137398649329
22	Angular gyrus R	rpe	0.5560007092807396
23	Angular gyrus R	rpe	0.22136405858291705
24	Angular gyrus R	rpe	0.5659428803181207
25	Angular gyrus R	rpe	0.804453796810574
26	Angular gyrus R	rpe	0.06617550940086123
27	Angular gyrus R	rpe	0.3217550934706297
28	Angular gyrus R	rpe	0.431229868006927
29	Angular gyrus R	rpe	0.4199048430877335
30	Angular gyrus R	rpe	0.05880102036265013
33	Angular gyrus R	rpe	0.18191573051390825
34	Angular gyrus R	rpe	0.07926260054191965
35	Angular gyrus R	rpe	0.37858619075268507
36	Angular gyrus R	rpe	0.12518004111853648
37	Angular gyrus R	rpe	0.4243058974360242
38	Angular gyrus R	rpe	0.014923533821409499
39	Angular gyrus R	rpe	0.1425726927448938
40	Angular gyrus R	rpe	0.3962245541624725
41	Angular gyrus R	rpe	0.7734628791150487
42	Angular gyrus R	rpe	0.3262340633491813
43	Angular gyrus R	rpe	0.061767490221371436
45	Angular gyrus R	rpe	0.7597110742404137
46	Angular gyrus R	rpe	0.34838848411576984
47	Angular gyrus R	rpe	0.49117427859685303
48	Angular gyrus R	rpe	0.17910975872906915
49	Angular gyrus R	rpe	-0.04529649597581154
50	Angular gyrus R	rpe	0.09612922926209178
51	Angular gyrus R	rpe	0.4100802924805953
52	Angular gyrus R	rpe	0.4460223359170795
53	Angular gyrus R	rpe	-0.21554429368058473
54	Angular gyrus R	rpe	-0.289726189809081
55	Angular gyrus R	rpe	0.08999675432978957
56	Angular gyrus R	rpe	0.9778089941059596
57	Angular gyrus R	rpe	-0.04146475215833404
58	Angular gyrus R	rpe	0.22619033713514605
59	Angular gyrus R	rpe	0.0026098871776075276
60	Angular gyrus R	rpe	-0.02265018044344299
61	Angular gyrus R	rpe	0.26896002021744664
62	Angular gyrus R	rpe	0.08281068948785958
63	Angular gyrus R	rpe	-0.17654383207245924
64	Angular gyrus R	rpe	-0.18326084460649225
01	Angular gyrus R	urpe	-0.06852021092479979
02	Angular gyrus R	urpe	-0.45323833648437334
03	Angular gyrus R	urpe	-0.08216795736900818
04	Angular gyrus R	urpe	-0.07076736740813946
05	Angular gyrus R	urpe	-0.38787813093743206
06	Angular gyrus R	urpe	-0.14709095283660084
07	Angular gyrus R	urpe	-0.055803359379807925
09	Angular gyrus R	urpe	-0.14762646005270474
10	Angular gyrus R	urpe	-0.2382922363984916
11	Angular gyrus R	urpe	-0.2629460416041476
12	Angular gyrus R	urpe	0.12736191164075547
14	Angular gyrus R	urpe	-0.059831504025898964
15	Angular gyrus R	urpe	-0.06808489679508371
17	Angular gyrus R	urpe	0.05568713078097107
18	Angular gyrus R	urpe	0.11830098792496654
19	Angular gyrus R	urpe	0.2903340479336035
20	Angular gyrus R	urpe	-0.2397771200803281
21	Angular gyrus R	urpe	0.02944505707156718
22	Angular gyrus R	urpe	-0.18891239903556803
23	Angular gyrus R	urpe	0.29386233544138113
24	Angular gyrus R	urpe	-0.6150853370810733
25	Angular gyrus R	urpe	-0.09553800961635087
26	Angular gyrus R	urpe	0.1079149765486543
27	Angular gyrus R	urpe	-0.17400654321852613
28	Angular gyrus R	urpe	-0.05227124749145321
29	Angular gyrus R	urpe	0.10632782413512483
30	Angular gyrus R	urpe	-0.4505165593675625
33	Angular gyrus R	urpe	0.014847068880673176
34	Angular gyrus R	urpe	-0.08882517361421322
35	Angular gyrus R	urpe	-0.21463826290665217
36	Angular gyrus R	urpe	-0.3281744189020016
37	Angular gyrus R	urpe	-0.03784439884511363
38	Angular gyrus R	urpe	-0.09041188949903037
39	Angular gyrus R	urpe	-0.29512442251161475
40	Angular gyrus R	urpe	-0.04111586570133237
41	Angular gyrus R	urpe	0.11880399742060238
42	Angular gyrus R	urpe	-0.25903357443526204
43	Angular gyrus R	urpe	-0.10901270980837491
45	Angular gyrus R	urpe	0.1277166433448409
46	Angular gyrus R	urpe	-0.18492310128841596
47	Angular gyrus R	urpe	0.28426873514552337
48	Angular gyrus R	urpe	-0.3399865099999272
49	Angular gyrus R	urpe	-0.019399479605375365
50	Angular gyrus R	urpe	-0.4345534326577628
51	Angular gyrus R	urpe	-0.06193201425542802
52	Angular gyrus R	urpe	-0.48804116396256436
53	Angular gyrus R	urpe	-0.022742928228525007
54	Angular gyrus R	urpe	-0.6137788248604831
55	Angular gyrus R	urpe	-0.34985182489509936
56	Angular gyrus R	urpe	-0.39277807034460116
57	Angular gyrus R	urpe	-0.16503887646544127
58	Angular gyrus R	urpe	0.07218054237913478
59	Angular gyrus R	urpe	0.14103598901060593
60	Angular gyrus R	urpe	0.05218959653773057
61	Angular gyrus R	urpe	-0.14157043949276552
62	Angular gyrus R	urpe	0.10284309974551074
63	Angular gyrus R	urpe	-0.026601022074895876
64	Angular gyrus R	urpe	0.3550887014343185
01	Angular gyrus R	surprise	-0.058862976716216195
02	Angular gyrus R	surprise	0.03574434118026046
03	Angular gyrus R	surprise	0.19940895705633324
04	Angular gyrus R	surprise	-0.11875361897393394
05	Angular gyrus R	surprise	0.530770149771814
06	Angular gyrus R	surprise	0.09237410223548427
07	Angular gyrus R	surprise	0.16705073469554155
09	Angular gyrus R	surprise	0.07567136240605679
10	Angular gyrus R	surprise	0.13186189501810772
11	Angular gyrus R	surprise	0.1574363106470785
12	Angular gyrus R	surprise	-0.043554982529050545
14	Angular gyrus R	surprise	0.07318170201583767
15	Angular gyrus R	surprise	-0.04942058012993247
17	Angular gyrus R	surprise	0.14902477280558718
18	Angular gyrus R	surprise	-0.03843732429582074
19	Angular gyrus R	surprise	-0.040698677772457746
20	Angular gyrus R	surprise	0.04195518069613127
21	Angular gyrus R	surprise	0.05643181067339524
22	Angular gyrus R	surprise	0.04187416460618009
23	Angular gyrus R	surprise	-0.15587931887511117
24	Angular gyrus R	surprise	0.09023197866001821
25	Angular gyrus R	surprise	0.11402016141118458
26	Angular gyrus R	surprise	0.07948963494862166
27	Angular gyrus R	surprise	-0.002187596215438213
28	Angular gyrus R	surprise	0.03928000049199909
29	Angular gyrus R	surprise	0.008862545105117017
30	Angular gyrus R	surprise	0.06101425393932947
33	Angular gyrus R	surprise	-0.050381354604600526
34	Angular gyrus R	surprise	0.005424923351160998
35	Angular gyrus R	surprise	0.06870218636583031
36	Angular gyrus R	surprise	0.09911720766570925
37	Angular gyrus R	surprise	0.056474777880659396
38	Angular gyrus R	surprise	0.21776508181183427
39	Angular gyrus R	surprise	0.30061190878903427
40	Angular gyrus R	surprise	0.05381044179753021
41	Angular gyrus R	surprise	0.05905278855474827
42	Angular gyrus R	surprise	0.062220652765209244
43	Angular gyrus R	surprise	0.05107052017788023
45	Angular gyrus R	surprise	0.12163404861097167
46	Angular gyrus R	surprise	0.07836706377889237
47	Angular gyrus R	surprise	0.05211837998703467
48	Angular gyrus R	surprise	0.17394039214209275
49	Angular gyrus R	surprise	0.14951501210093682
50	Angular gyrus R	surprise	0.1208492140458138
51	Angular gyrus R	surprise	0.1559735507140925
52	Angular gyrus R	surprise	-0.024113677661610124
53	Angular gyrus R	surprise	-0.002192485330189452
54	Angular gyrus R	surprise	0.10591463347965921
55	Angular gyrus R	surprise	0.06738534062686893
56	Angular gyrus R	surprise	0.23598848610978435
57	Angular gyrus R	surprise	0.15516306453005033
58	Angular gyrus R	surprise	0.10807424121289111
59	Angular gyrus R	surprise	-0.09805667261811502
60	Angular gyrus R	surprise	-0.03079167070488135
61	Angular gyrus R	surprise	0.08254923671196548
62	Angular gyrus R	surprise	-0.011217364184069734
63	Angular gyrus R	surprise	0.20586532492328574
64	Angular gyrus R	surprise	0.04884460536665341
01	Insula L	rpe	-0.35708147708488547
02	Insula L	rpe	0.2403451017225566
03	Insula L	rpe	-0.20499517335353987
04	Insula L	rpe	0.23316510656065698
05	Insula L	rpe	-0.6546388342706622
06	Insula L	rpe	-0.42101597937120905
07	Insula L	rpe	-0.40713260143293417
09	Insula L	rpe	-0.09232850713263926
10	Insula L	rpe	0.6510451297829116
11	Insula L	rpe	0.10135085403453559
12	Insula L	rpe	0.23423878527988773
14	Insula L	rpe	0.09780686768446711
15	Insula L	rpe	0.5048718977503587
17	Insula L	rpe	-0.31261674563849234
18	Insula L	rpe	-0.09778899096958069
19	Insula L	rpe	-0.1231620505290187
20	Insula L	rpe	-0.3741026424087476
21	Insula L	rpe	0.07228777519143793
22	Insula L	rpe	0.06441282479225766
23	Insula L	rpe	0.24308600681125309
24	Insula L	rpe	0.1532510920981134
25	Insula L	rpe	0.6326245586725249
26	Insula L	rpe	-0.26994492279271176
27	Insula L	rpe	0.2972962399269792
28	Insula L	rpe	-0.19900504954537188
29	Insula L	rpe	0.2032883295222469
30	Insula L	rpe	-0.0050383193580352745
33	Insula L	rpe	0.038429481429520296
34	Insula L	rpe	-0.11028428726654121
35	Insula L	rpe	0.18766347036791453
36	Insula L	rpe	-0.21156754797034344
37	Insula L	rpe	0.18515797027013858
38	Insula L	rpe	-0.42214186077235616
39	Insula L	rpe	-0.27521539420105406
40	Insula L	rpe	-0.20623772069001975
41	Insula L	rpe	0.5115633465052731
42	Insula L	rpe	-0.2247944503037286
43	Insula L	rpe	0.3477655263968568
45	Insula L	rpe	-0.753854355086451
46	Insula L	rpe	-0.3456851784274846
47	Insula L	rpe	0.03966736016066178
48	Insula L	rpe	0.4563304149685765
49	Insula L	rpe	0.014732955845724116
50	Insula L	rpe	-0.11840059949031127
51	Insula L	rpe	0.1284744308255883
52	Insula L	rpe	-0.1459631819203766
53	Insula L	rpe	0.1907732406820076
54	Insula L	rpe	-0.19043886212065167
55	Insula L	rpe	0.09515289189395211
56	Insula L	rpe	0.4449692847699845
57	Insula L	rpe	-0.35996690347277815
58	Insula L	rpe	0.5397355830755787
59	Insula L	rpe	-0.5888988502539586
60	Insula L	rpe	0.3524816433588664
61	Insula L	rpe	0.11425298288383562
62	Insula L	rpe	0.22004186871893489
63	Insula L	rpe	-0.27950257927169214
64	Insula L	rpe	-0.22594159833439018
01	Insula L	urpe	0.5491116457227347
02	Insula L	urpe	0.4884722776764977
03	Insula L	urpe	0.5282209749077109
04	Insula L	urpe	-0.173884191725781
05	Insula L	urpe	0.4436283878901083
06	Insula L	urpe	0.040762780871971147
07	Insula L	urpe	-0.027602889338859182
09	Insula L	urpe	0.22803007752594093
10	Insula L	urpe	-0.013117379124235847
11	Insula L	urpe	0.3021245421031895
12	Insula L	urpe	-0.015432304604842828
14	Insula L	urpe	0.28145200448731583
15	Insula L	urpe	0.04689347244888979
17	Insula L	urpe	0.16980958866981277
18	Insula L	urpe	0.6254808440588523
19	Insula L	urpe	-0.07557268828099621
20	Insula L	urpe	-0.005552017924513337
21	Insula L	urpe	-0.14198359394567492
22	Insula L	urpe	-0.17007473383800706
23	Insula L	urpe	-0.054101760466701176
24	Insula L	urpe	0.08813582634067406
25	Insula L	urpe	0.13318947764059555
26	Insula L	urpe	-0.061426428258014115
27	Insula L	urpe	-0.09420852080675894
28	Insula L	urpe	0.05944727278699208
29	Insula L	urpe	0.21294803892353387
30	Insula L	urpe	0.4231585529835328
33	Insula L	urpe	0.014971699624700283
34	Insula L	urpe	0.15236323292407652
35	Insula L	urpe	-0.13724282376495175
36	Insula L	urpe	0.08039639449502894
37	Insula L	urpe	0.35883290587209055
38	Insula L	urpe	-0.044967976908293975
39	Insula L	urpe	0.42382167638751905
40	Insula L	urpe	0.05957587924575015
41	Insula L	urpe	0.4247104109035454
42	Insula L	urpe	0.13582594432881562
43	Insula L	urpe	0.09499265925040927
45	Insula L	urpe	0.4764285566474217
46	Insula L	urpe	0.42760127883377497
47	Insula L	urpe	0.4363610240212385
48	Insula L	urpe	0.09791556096541276
49	Insula L	urpe	0.0035028699448035245
50	Insula L	urpe	0.45617001606286434
51	Insula L	urpe	-0.2162203659451958
52	Insula L	urpe	0.12717888118577717
53	Insula L	urpe	0.17355275340378284
54	Insula L	urpe	0.18724897290256037
55	Insula L	urpe	0.22567742066525354
56	Insula L	urpe	-0.27961409075752547
57	Insula L	urpe	0.05750339151785264
58	Insula L	urpe	0.21871300546479397
59	Insula L	urpe	0.8811514470456303
60	Insula L	urpe	-0.0980665437148317
61	Insula L	urpe	0.14165821004038057
62	Insula L	urpe	0.18964647835051385
63	Insula L	urpe	-0.12850232507723072
64	Insula L	urpe	0.37117122109655454
01	Insula L	surprise	-0.10854453410855427
02	Insula L	surprise	0.05973340625591252
03	Insula L	surprise	0.13080677638788693
04	Insula L	surprise	0.006565999884185368
05	Insula L	surprise	-0.03461378966829321
06	Insula L	surprise	-0.046087743325135336
07	Insula L	surprise	-0.11817220839557062
09	Insula L	surprise	-0.0538330025297857
10	Insula L	surprise	-0.06365739473519658
11	Insula L	surprise	0.09780957967555826
12	Insula L	surprise	0.036114964718539
14	Insula L	surprise	-0.012180939774818557
15	Insula L	surprise	-0.04195465172634231
17	Insula L	surprise	-0.07564369712164752
18	Insula L	surprise	-0.19751164727452872
19	Insula L	surprise	-0.052943364238540264
20	Insula L	surprise	0.13535879833242676
21	Insula L	surprise	0.02638077375182099
22	Insula L	surprise	0.17023642456152246
23	Insula L	surprise	0.017094122554661462
24	Insula L	surprise	0.09042419969151472
25	Insula L	surprise	-0.06996668203382929
26	Insula L	surprise	0.30573445407376776
27	Insula L	surprise	0.02201229666673538
28	Insula L	surprise	0.10066961817632335
29	Insula L	surprise	0.016715462537198935
30	Insula L	surprise	0.05531061511947368
33	Insula L	surprise	0.0654517255771561
34	Insula L	surprise	-0.019291523990788213
35	Insula L	surprise	0.15121186041421647
36	Insula L	surprise	0.012468988319227903
37	Insula L	surprise	-0.01080711388056153
38	Insula L	surprise	-0.06552566958429373
39	Insula L	surprise	0.005572141664426612
40	Insula L	surprise	-0.03450756887711274
41	Insula L	surprise	0.12495488958075589
42	Insula L	surprise	0.07944511062126275
43	Insula L	surprise	0.01679432929992892
45	Insula L	surprise	0.020665108014327416
46	Insula L	surprise	-0.08128853076461541
47	Insula L	surprise	-0.06858836476137672
48	Insula L	surprise	-0.07798770171770678
49	Insula L	surprise	0.09402803900530157
50	Insula L	surprise	-0.04286854255917496
51	Insula L	surprise	0.04036646929950845
52	Insula L	surprise	-0.06673446541949027
53	Insula L	surprise	0.18317316386146823
54	Insula L	surprise	-0.07457517031445235
55	Insula L	surprise	-0.1879657439995503
56	Insula L	surprise	0.10077074615190318
57	Insula L	surprise	-0.11508279346078094
58	Insula L	surprise	-0.02634923583726682
59	Insula L	surprise	-0.3856209827506024
60	Insula L	surprise	-0.04726104409116712
61	Insula L	surprise	-0.07447932899990321
62	Insula L	surprise	-0.013653036864116733
63	Insula L	surprise	0.0993651706924446
64	Insula L	surprise	-0.08284568123897348
