Unnamed: 0,trialNumber,runNumber,visualSet,audioSet,visual,audio,combinationConditionalProbability,correctResponse,chosenKey,accurate,reward,startTime,stimulusOnsetTime,stimulusOffsetTime,responsePressTime,responseTime,feedbackOnsetTime,feedbackOffsetTime,responseTimeThreshold,totalAccuracy,totalErrorRate,accurateIndex,inaccurateIndex,participantID,stimulusPair
0,1,1,0,2,2,1,0.5,1,1,1,1,0.0099420000000236,0.612051800000017,2.14334689999998,2.14318079999998,1.53112899999996,4.2656629,5.27689359999999,3.5,1.0,0.0,1,1,5,"(2, 1)"
1,2,1,0,2,0,0,0.5,1,1,1,1,5.42479760000003,6.01795770000001,7.82037930000001,7.82020990000001,1.8022522,9.93261580000001,10.9423919,3.5,1.0,0.0,2,1,5,"(0, 0)"
2,3,1,0,2,1,2,0.5,1,1,1,1,11.0160348,11.6068056,13.309413,13.3092414,1.70243579999999,15.4213894,16.4295222,3.5,1.0,0.0,3,1,5,"(1, 2)"
3,4,1,0,2,0,2,0.35,0,0,1,0,16.4460838,17.0367632,18.7508328,18.7506816,1.71391840000001,20.8631588,21.8717572,3.5,1.0,0.0,4,1,5,"(0, 2)"
4,5,1,0,2,2,1,0.5,1,1,1,0,21.8832372,22.4790419,24.0397976,24.0394773,1.56043539999996,26.154142,27.1627979,3.5,1.0,0.0,5,1,5,"(2, 1)"
5,6,1,0,2,2,1,0.5,1,0,0,0,27.1854528,27.775917,29.2575857,29.2573684,1.48145140000003,31.3692759,32.3776797,3.5,0.833333333333333,0.166666666666667,6,1,5,"(2, 1)"
6,7,1,0,2,2,2,0.15,0,1,0,0,32.3850274,32.9789821,34.6988974,34.6988116,1.7198295,36.8106973,37.8188549,3.5,0.714285714285714,0.285714285714286,6,2,5,"(2, 2)"
7,8,1,0,2,0,2,0.35,0,1,0,1,37.8246245,38.4155416,39.9783479,39.9781762,1.56263460000002,42.0882085,43.0961904,3.5,0.625,0.375,6,3,5,"(0, 2)"
8,9,1,0,2,2,1,0.5,1,0,0,1,43.1019214,43.6922245,46.0768826,46.0767968,2.3845723,48.188928,49.196862,3.5,0.555555555555556,0.444444444444444,6,4,5,"(2, 1)"
9,10,1,0,2,0,0,0.5,1,0,0,0,49.2034025,49.7962863,51.9661806,51.9660942,2.16980789999997,54.0780265,55.0860675,3.5,0.5,0.5,6,5,5,"(0, 0)"
10,11,1,0,2,2,0,0.35,0,1,0,0,55.0924777,55.6833749,57.6787653,57.6786786,1.99530370000002,59.7905814,60.7984781,3.5,0.454545454545455,0.545454545454545,6,6,5,"(2, 0)"
11,12,1,0,2,2,1,0.5,1,1,1,1,60.8044297,61.3949831,63.2971194,63.2970314,1.90204829999999,65.4089561,66.4175159,3.5,0.5,0.5,6,7,5,"(2, 1)"
12,13,1,0,2,0,2,0.35,0,1,0,1,66.4231249,67.0150943,69.2334719,69.2333840000001,2.21828970000001,71.3453598,72.3533481,3.5,0.461538461538462,0.538461538461538,7,7,5,"(0, 2)"
13,14,1,0,2,0,2,0.35,0,1,0,0,72.3597529,72.9503033,74.4633642000001,74.4632774,1.51297409999995,76.5752211,77.5835164000001,3.5,0.428571428571429,0.571428571428571,7,8,5,"(0, 2)"
14,15,1,0,2,1,2,0.5,1,0,0,0,77.597494,78.1904058000001,79.6694618,79.5240193,1.33361349999996,81.7735206,82.7810589,3.5,0.4,0.6,7,9,5,"(1, 2)"
15,16,1,0,2,1,2,0.5,1,1,1,1,82.7868185,83.3790385,84.851997,84.8519106000001,1.47287210000002,86.9638398,87.9722971,3.5,0.4375,0.5625,7,10,5,"(1, 2)"
16,17,1,0,2,2,1,0.5,1,1,1,0,87.9783334000001,88.5681173,90.8236635,90.8235771,2.25545980000004,92.9355351,93.9437527000001,3.5,0.470588235294118,0.529411764705882,8,10,5,"(2, 1)"
17,18,1,0,2,2,0,0.35,0,1,0,0,93.9502157,94.5405961,96.0198590000001,95.8840241,1.34342800000002,98.1238226,99.1311336000001,3.5,0.444444444444444,0.555555555555556,9,10,5,"(2, 0)"
18,19,1,0,2,2,0,0.35,0,0,1,1,99.1376424000001,99.7289274,101.2620012,101.2619139,1.53298649999999,103.3716278,104.3796823,3.5,0.473684210526316,0.526315789473684,9,11,5,"(2, 0)"
19,20,1,0,2,0,0,0.5,1,1,1,1,104.3861523,104.9810037,106.4607388,106.0687019,1.08769819999998,108.5655247,109.5733959,3.5,0.5,0.5,10,11,5,"(0, 0)"
20,21,1,0,2,2,1,0.5,1,1,1,1,109.5915458,110.1819691,111.6610689,111.3722125,1.19024339999999,113.7646864,114.7719073,3.5,0.523809523809524,0.476190476190476,11,11,5,"(2, 1)"
21,22,1,0,2,1,2,0.5,1,1,1,1,114.7784297,115.3700178,116.8189293,116.8188423,1.4488245,118.9307128,119.9385392,3.5,0.545454545454545,0.454545454545455,12,11,5,"(1, 2)"
22,23,1,0,2,1,1,0.35,0,0,1,0,119.9449436,120.5344014,122.0124057,121.6045732,1.07017180000003,124.115913,125.124238,3.5,0.565217391304348,0.434782608695652,13,11,5,"(1, 1)"
23,24,1,0,2,1,0,0.15,0,0,1,1,125.1298855,125.722546,127.1369414,127.1368539,1.41430790000004,129.2487171,130.2568526,3.5,0.583333333333333,0.416666666666667,14,11,5,"(1, 0)"
24,25,1,0,2,0,1,0.15,0,0,1,1,130.2637816,130.8579574,132.4286081,132.4285182,1.57056080000007,134.5339409,135.5417325,3.5,0.6,0.4,15,11,5,"(0, 1)"
25,26,1,0,2,0,0,0.5,1,1,1,1,135.551163,136.1449307,137.6240407,137.2522488,1.10731810000004,139.7277416,140.7348735,3.5,0.615384615384615,0.384615384615385,16,11,5,"(0, 0)"
26,27,1,0,2,0,2,0.35,0,0,1,0,140.752139,141.3419872,142.8207915,142.0120162,0.670029,144.9250245,145.9334069,3.5,0.62962962962963,0.37037037037037,17,11,5,"(0, 2)"
27,28,1,0,2,2,0,0.35,0,0,1,1,145.9399394,146.5360236,148.0158419,147.8120339,1.27601030000005,150.1201555,151.1282329,3.5,0.642857142857143,0.357142857142857,18,11,5,"(2, 0)"
28,29,1,0,2,1,1,0.35,0,1,0,1,151.1350244,151.7278453,153.7090476,153.7089599,1.98111460000007,155.8208256,156.8291124,3.5,0.620689655172414,0.379310344827586,19,11,5,"(1, 1)"
29,30,1,0,2,2,0,0.35,0,0,1,1,156.8356809,157.425793,158.9038371,158.9037473,1.47795429999996,161.0154799,162.0238984,3.5,0.633333333333333,0.366666666666667,19,12,5,"(2, 0)"
30,31,1,0,2,2,0,0.35,0,0,1,0,162.0313068,162.626519,164.6748194,164.6747285,2.04820949999998,166.7866672,167.7945664,3.5,0.645161290322581,0.354838709677419,20,12,5,"(2, 0)"
31,32,1,0,2,1,2,0.5,1,0,0,0,167.8004969,168.3909599,171.281103,171.2810148,2.8900549,173.3928218,174.4006332,3.5,0.625,0.375,21,12,5,"(1, 2)"
32,33,1,0,2,1,2,0.5,1,1,1,1,174.4073657,174.9964012,176.4750062,176.26863,1.27222879999999,178.578606,179.5866793,3.5,0.636363636363636,0.363636363636364,21,13,5,"(1, 2)"
33,34,1,0,2,1,2,0.5,1,1,1,1,179.603806,180.1945638,181.6735157,181.4280298,1.23346600000002,183.7771174,184.7843204,3.5,0.647058823529412,0.352941176470588,22,13,5,"(1, 2)"
34,35,1,0,2,1,0,0.15,0,0,1,0,184.7908728,185.3803197,186.8421808,186.8420936,1.46177390000003,188.9539981,189.9617573,3.5,0.657142857142857,0.342857142857143,23,13,5,"(1, 0)"
35,36,1,0,2,1,1,0.35,0,0,1,1,189.9683103,190.557974,192.2365521,192.2364644,1.67849039999999,194.3486316,195.3564953,3.5,0.666666666666667,0.333333333333333,24,13,5,"(1, 1)"
36,37,1,0,2,1,1,0.35,0,0,1,0,195.3631175,195.952548,197.5371302,197.5370418,1.58449380000002,199.6489196,200.6567479,3.5,0.675675675675676,0.324324324324324,25,13,5,"(1, 1)"
37,38,1,0,2,2,1,0.5,1,0,0,1,200.6648918,201.2600494,204.6142855,204.6141967,3.35414730000002,206.7260625,207.7338156,3.5,0.657894736842105,0.342105263157895,26,13,5,"(2, 1)"
38,39,1,0,2,0,1,0.15,0,0,1,1,207.7406613,208.3319278,210.0928999,210.0928131,1.76088530000004,212.2046586,213.2125506,3.5,0.666666666666667,0.333333333333333,26,14,5,"(0, 1)"
39,40,1,0,2,0,0,0.5,1,1,1,1,213.2304986,213.8215329,215.300373,215.1805494,1.35901649999994,217.4039269,218.4111537,3.5,0.675,0.325,27,14,5,"(0, 0)"
40,41,1,0,2,2,2,0.15,0,0,1,1,218.4177561,219.0096118,220.4816477,220.4815595,1.4719477000001,222.5935153,223.6014757,3.5,0.682926829268293,0.317073170731707,28,14,5,"(2, 2)"
41,42,1,0,2,1,1,0.35,0,0,1,0,223.607951,224.2024266,226.7830376,226.7829479,2.58052129999999,228.894746,229.9027171,3.5,0.69047619047619,0.30952380952381,29,14,5,"(1, 1)"
42,43,1,0,2,2,1,0.5,1,1,1,1,229.9088124,230.5003311,232.4368087,232.4367197,1.93638859999999,234.5486798,235.5564433,3.5,0.697674418604651,0.302325581395349,30,14,5,"(2, 1)"
43,44,1,0,2,1,2,0.5,1,1,1,1,235.5629514,236.1525367,237.678339,237.678248,1.52571130000001,239.7924632,240.8009762,3.5,0.704545454545455,0.295454545454545,31,14,5,"(1, 2)"
44,45,1,0,2,0,0,0.5,1,1,1,0,240.8075607,241.4022869,242.89584,242.7086206,1.30633369999998,244.9994043,246.0073438,3.5,0.711111111111111,0.288888888888889,32,14,5,"(0, 0)"
45,46,1,0,2,0,2,0.35,0,0,1,1,246.0256463,246.6540799,248.2436878,247.8446254,1.19054549999998,250.3473358,251.3551769,3.5,0.717391304347826,0.282608695652174,33,14,5,"(0, 2)"
46,47,1,0,2,0,0,0.5,1,1,1,0,251.3610705,252.0810096,253.6944785,253.2365634,1.15555380000001,255.797976,256.8060371,3.5,0.723404255319149,0.276595744680851,34,14,5,"(0, 0)"
47,48,1,0,2,1,2,0.5,1,1,1,0,256.8119748,257.5185787,259.5273975,259.5273078,2.00872909999998,261.6391983,262.6470777,3.5,0.729166666666667,0.270833333333333,35,14,5,"(1, 2)"
48,49,1,0,2,2,0,0.35,0,0,1,1,262.6530742,263.3771428,264.9723656,264.4845376,1.10739479999995,267.0758393,268.0831301,3.5,0.73469387755102,0.26530612244898,36,14,5,"(2, 0)"
49,50,1,0,2,1,1,0.35,0,0,1,1,268.0894435,268.7821902,270.7640341,270.7639453,1.98175509999999,272.875895,273.8838265,3.5,0.74,0.26,37,14,5,"(1, 1)"
50,51,1,0,2,0,2,0.35,0,0,1,1,273.8898874,274.5983331,276.2273492,275.7559961,1.15766299999996,278.3308135,279.3387848,3.5,0.745098039215686,0.254901960784314,38,14,5,"(0, 2)"
51,52,1,0,2,0,0,0.5,1,1,1,1,279.3453002,280.0492532,281.6525548,280.9165223,0.867269100000044,283.7561076,284.7632816,3.5,0.75,0.25,39,14,5,"(0, 0)"
52,53,1,0,2,2,2,0.15,0,0,1,1,284.7796483,285.4711111,287.4187855,287.4186964,1.94758530000001,289.5305158,290.5384395,3.5,0.754716981132076,0.245283018867924,40,14,5,"(2, 2)"
53,54,1,0,2,0,0,0.5,1,1,1,0,290.5440986,291.2549996,292.8556823,292.5166339,1.26163430000008,294.9597266,295.9669504,3.5,0.759259259259259,0.240740740740741,41,14,5,"(0, 0)"
54,55,1,0,2,0,0,0.5,1,1,1,1,295.973524,296.6664735,298.2584874,297.5239698,0.85749629999998,300.3619742,301.3692154,3.5,0.763636363636364,0.236363636363636,42,14,5,"(0, 0)"
55,56,1,0,2,2,1,0.5,1,1,1,1,301.3757284,302.0702236,303.6380746,303.6379842,1.56776060000004,305.7496114,306.7575262,3.5,0.767857142857143,0.232142857142857,43,14,5,"(2, 1)"
56,57,1,0,2,1,1,0.35,0,0,1,1,306.7640247,307.4410495,309.3974852,309.3973618,1.95631230000004,311.509278,312.5180222,3.5,0.771929824561403,0.228070175438597,44,14,5,"(1, 1)"
57,58,1,0,2,0,1,0.15,0,0,1,0,312.5245313,313.2288848,314.8254551,314.1799983,0.951113500000019,316.9291063,317.9370299,3.5,0.775862068965517,0.224137931034483,45,14,5,"(0, 1)"
58,59,1,0,2,1,2,0.5,1,1,1,1,317.9533378,318.6441663,320.1281514,320.1280615,1.48389520000001,322.2397314,323.2476625,3.5,0.779661016949153,0.220338983050847,46,14,5,"(1, 2)"
59,60,1,0,2,1,0,0.15,0,0,1,1,323.2540235,323.9435164,325.4971581,325.2519961,1.30847970000002,327.6004646,328.6082955,3.5,0.783333333333333,0.216666666666667,47,14,5,"(1, 0)"
60,1,2,1,0,0,0,0.5,1,0,0,0,9.30999999582127e-05,0.668768200000045,2.14679850000005,2.14670850000005,1.4779403,4.25857819999999,5.2699298,3.5,0.0,1.0,1,1,5,"(0, 0)"
61,2,2,1,0,0,0,0.5,1,1,1,1,5.28216020000002,5.94810819999998,7.37653850000004,7.37644880000005,1.42834060000007,9.48827610000001,10.4966665000001,3.5,0.5,0.5,1,2,5,"(0, 0)"
62,3,2,1,0,2,0,0.35,0,0,1,1,10.5061657,11.1759402,12.6885443,12.6884542,1.51251400000001,14.8003299000001,15.8111609,3.5,0.666666666666667,0.333333333333333,2,2,5,"(2, 0)"
63,4,2,1,0,1,2,0.5,1,1,1,1,15.8302763,16.4981504,18.3304431,18.3303530000001,1.83220260000007,20.4421443,21.4500741000001,3.5,0.75,0.25,3,2,5,"(1, 2)"
64,5,2,1,0,0,1,0.15,0,0,1,0,21.4564136,22.1232616,23.685508,23.21712,1.09385840000004,25.7897094,26.7977114,3.5,0.8,0.2,4,2,5,"(0, 1)"
65,6,2,1,0,0,2,0.35,0,0,1,1,26.8045108,27.4003949,30.5313236000001,30.5312323000001,3.13083740000002,32.6432130000001,33.6503516,3.5,0.833333333333333,0.166666666666667,5,2,5,"(0, 2)"
66,7,2,1,0,1,1,0.35,0,0,1,0,33.6583578,34.3282441,36.8815003,36.8814111,2.55316700000003,38.9932317,40.0011491,3.5,0.857142857142857,0.142857142857143,6,2,5,"(1, 1)"
67,8,2,1,0,0,0,0.5,1,,0,0,40.0077453,40.6814051,42.0815177000001,44.1825386,,44.1948417,45.2090783,3.5,0.75,0.25,7,2,5,"(0, 0)"
68,9,2,1,0,2,2,0.15,0,0,1,0,45.216312,45.8860928,48.0593203,48.0592298,2.173137,50.1711063,51.1790338,3.5,0.777777777777778,0.222222222222222,7,3,5,"(2, 2)"
69,10,2,1,0,0,1,0.15,0,0,1,1,51.1856331,51.8502437,53.9485873,53.9484992,2.09825550000005,56.0604152,57.0683033,3.5,0.8,0.2,8,3,5,"(0, 1)"
70,11,2,1,0,1,2,0.5,1,1,1,1,57.0868647,57.7534191,59.7319026,59.7318115,1.97839240000008,61.8436464,62.8515677,3.5,0.818181818181818,0.181818181818182,9,3,5,"(1, 2)"
71,12,2,1,0,1,1,0.35,0,0,1,1,62.8572643,63.5226613,65.077372,64.6497865,1.12712520000002,67.1810086,68.189268,3.5,0.833333333333333,0.166666666666667,10,3,5,"(1, 1)"
72,13,2,1,0,1,2,0.5,1,1,1,1,68.1958309,68.8690688,70.4975062,70.4974187,1.62834989999999,72.6093394,73.6174093,3.5,0.846153846153846,0.153846153846154,11,3,5,"(1, 2)"
73,14,2,1,0,2,0,0.35,0,0,1,1,73.6237312000001,74.2903171,75.8449457,75.8448540000001,1.55453690000002,77.9567862,78.9646599,3.5,0.857142857142857,0.142857142857143,12,3,5,"(2, 0)"
74,15,2,1,0,0,0,0.5,1,1,1,0,78.9714794,79.6466709,81.2026926,80.9692296000001,1.32255870000006,83.3062962,84.3141984,3.5,0.866666666666667,0.133333333333333,13,3,5,"(0, 0)"
75,16,2,1,0,2,0,0.35,0,0,1,1,84.3207508,84.9965758,86.9166773000001,86.9165864,1.92001060000007,89.0285208,90.0363491000001,3.5,0.875,0.125,14,3,5,"(2, 0)"
76,17,2,1,0,0,0,0.5,1,1,1,0,90.0544161,90.7663032,93.6288229,93.6287324,2.86242919999995,95.7406416,96.747864,3.5,0.882352941176471,0.117647058823529,15,3,5,"(0, 0)"
77,18,2,1,0,0,0,0.5,1,1,1,1,96.755961,97.4213108,99.9554511,99.95536,2.53404920000003,102.0672586,103.0751713,3.5,0.888888888888889,0.111111111111111,16,3,5,"(0, 0)"
78,19,2,1,0,1,0,0.15,0,0,1,0,103.0809348,103.7484538,105.3040777,104.9450491,1.19659530000001,107.4077207,108.4150791,3.5,0.894736842105263,0.105263157894737,17,3,5,"(1, 0)"
79,20,2,1,0,1,2,0.5,1,1,1,1,108.4209582,109.0904541,112.155208,112.1551151,3.064661,114.2683147,115.2759427,3.5,0.9,0.1,18,3,5,"(1, 2)"
80,21,2,1,0,1,1,0.35,0,0,1,1,115.2824779,115.9483714,117.6820454,117.6819496,1.73357820000001,119.7938209,120.8018179,3.5,0.904761904761905,0.0952380952380952,19,3,5,"(1, 1)"
81,22,2,1,0,1,2,0.5,1,1,1,1,120.8085436,121.4728753,123.0182851,123.0181922,1.54531689999999,125.1304647,126.1399958,3.5,0.909090909090909,0.0909090909090909,20,3,5,"(1, 2)"
82,23,2,1,0,1,1,0.35,0,0,1,1,126.1574492,126.8300434,128.3771682,128.3770741,1.54703069999994,130.4904705,131.498697,3.5,0.91304347826087,0.0869565217391305,21,3,5,"(1, 1)"
83,24,2,1,0,0,2,0.35,0,1,0,0,131.5053032,132.1710524,133.6896076,133.6895126,1.51846020000005,135.8026496,136.8110228,3.5,0.875,0.125,22,3,5,"(0, 2)"
84,25,2,1,0,2,1,0.5,1,1,1,1,136.8167839,137.4863169,139.0393591,138.4330271,0.946710199999984,141.143069,142.150281,3.5,0.88,0.12,22,4,5,"(2, 1)"
85,26,2,1,0,0,0,0.5,1,1,1,1,142.1581722,142.8250438,144.3770944,143.8810168,1.05597299999999,146.4807744,147.4883609,3.5,0.884615384615385,0.115384615384615,23,4,5,"(0, 0)"
86,27,2,1,0,2,0,0.35,0,0,1,0,147.4978686,148.1714774,149.8140221,149.813928,1.64245060000007,151.9258166,152.9337363,3.5,0.888888888888889,0.111111111111111,24,4,5,"(2, 0)"
87,28,2,1,0,1,2,0.5,1,0,0,1,152.9401775,153.6056802,155.1379288,155.1378366,1.53215639999996,157.2497317,158.2603707,3.5,0.857142857142857,0.142857142857143,25,4,5,"(1, 2)"
88,29,2,1,0,0,2,0.35,0,0,1,0,158.2671211,158.9368051,160.7562789,160.7561764,1.81937129999994,162.8680994,163.8762784,3.5,0.862068965517241,0.137931034482759,25,5,5,"(0, 2)"
89,30,2,1,0,1,2,0.5,1,1,1,1,163.894092,164.5614735,166.5392912,166.5391974,1.9777239,168.6510892,169.6591159,3.5,0.866666666666667,0.133333333333333,26,5,5,"(1, 2)"
90,31,2,1,0,2,1,0.5,1,1,1,1,169.665739,170.3375497,171.8897817,171.0896577,0.752108000000021,173.9934984,175.000686,3.5,0.870967741935484,0.129032258064516,27,5,5,"(2, 1)"
91,32,2,1,0,1,2,0.5,1,1,1,0,175.0075657,175.6735699,177.2295466,177.001357,1.32778710000002,179.3338959,180.341764,3.5,0.875,0.125,28,5,5,"(1, 2)"
92,33,2,1,0,0,0,0.5,1,1,1,1,180.3484451,181.0281951,182.8646073,182.8645084,1.83631329999992,184.9763342,185.9842614,3.5,0.878787878787879,0.121212121212121,29,5,5,"(0, 0)"
93,34,2,1,0,1,2,0.5,1,1,1,1,185.991208,186.6739005,188.2609368,188.0730282,1.39912769999989,190.3653872,191.372719,3.5,0.882352941176471,0.117647058823529,30,5,5,"(1, 2)"
94,35,2,1,0,2,2,0.15,0,0,1,1,191.3787074,192.069205,194.2425529,194.2424566,2.17325159999996,196.3542903,197.3625826,3.5,0.885714285714286,0.114285714285714,31,5,5,"(2, 2)"
95,36,2,1,0,2,1,0.5,1,1,1,0,197.3797332,198.0751964,199.6315579,198.8409907,0.765794300000039,201.7358865,202.7431063,3.5,0.888888888888889,0.111111111111111,32,5,5,"(2, 1)"
96,37,2,1,0,1,1,0.35,0,0,1,1,202.7497647,203.4424699,204.9967191,204.3694112,0.926941299999953,207.1004341,208.1080297,3.5,0.891891891891892,0.108108108108108,33,5,5,"(1, 1)"
97,38,2,1,0,1,1,0.35,0,0,1,1,208.1147499,208.8097942,210.3923369,210.2015541,1.39175990000012,212.4958836,213.50305,3.5,0.894736842105263,0.105263157894737,34,5,5,"(1, 1)"
98,39,2,1,0,2,0,0.35,0,0,1,1,213.5095904,214.1799172,215.7357128,215.3613643,1.18144710000001,217.8393142,218.84726,3.5,0.897435897435897,0.102564102564103,35,5,5,"(2, 0)"
99,40,2,1,0,1,1,0.35,0,0,1,1,218.8540833,219.5539722,221.108366,220.8892728,1.33530059999998,223.2120086,224.2198696,3.5,0.9,0.1,36,5,5,"(1, 1)"
100,41,2,1,0,2,1,0.5,1,1,1,0,224.2256816,224.9234993,226.4844267,226.2173023,1.29380300000003,228.5880733,229.5954997,3.5,0.902439024390244,0.0975609756097561,37,5,5,"(2, 1)"
101,42,2,1,0,0,2,0.35,0,1,0,0,229.6138054,230.406159,232.0173402,231.7930112,1.38685219999979,234.1208219,235.1284523,3.5,0.880952380952381,0.119047619047619,38,5,5,"(0, 2)"
102,43,2,1,0,2,1,0.5,1,1,1,1,235.136908,235.8360007,237.4231645,237.1450185,1.30901779999999,239.5266184,240.5342092,3.5,0.883720930232558,0.116279069767442,38,6,5,"(2, 1)"
103,44,2,1,0,2,0,0.35,0,0,1,0,240.5399196,241.25482,242.8368704,242.4736637,1.21884369999998,244.9407927,245.9487493,3.5,0.886363636363636,0.113636363636364,39,6,5,"(2, 0)"
104,45,2,1,0,0,2,0.35,0,1,0,0,245.9554191,246.6668885,248.5179927,248.5179005,1.85101200000008,250.6296958,251.6376231,3.5,0.866666666666667,0.133333333333333,40,6,5,"(0, 2)"
105,46,2,1,0,2,1,0.5,1,1,1,1,251.6442273,252.3339804,253.9161164,253.32919,0.995209599999953,256.019593,257.0268903,3.5,0.869565217391304,0.130434782608696,40,7,5,"(2, 1)"
106,47,2,1,0,1,2,0.5,1,1,1,1,257.0335709,257.7270098,259.3057536,259.065624,1.33861420000017,261.4092406,262.4171272,3.5,0.872340425531915,0.127659574468085,41,7,5,"(1, 2)"
107,48,2,1,0,0,1,0.15,0,0,1,1,262.4237568,263.1223678,264.7101376,263.8650393,0.742671499999915,266.8138479,267.8217284,3.5,0.875,0.125,42,7,5,"(0, 1)"
108,49,2,1,0,2,0,0.35,0,0,1,1,267.8389601,268.5521939,270.1554535,269.7056573,1.15346339999996,272.2589296,273.2667762,3.5,0.877551020408163,0.122448979591837,43,7,5,"(2, 0)"
109,50,2,1,0,2,1,0.5,1,1,1,1,273.2735078,273.9709316,275.5539633,274.7210414,0.750109800000018,277.6575242,278.6648297,3.5,0.88,0.12,44,7,5,"(2, 1)"
110,51,2,1,0,2,1,0.5,1,1,1,0,278.6746448,279.3760086,280.9664993,280.0097109,0.633702300000095,283.0699791,284.0777349,3.5,0.882352941176471,0.117647058823529,45,7,5,"(2, 1)"
111,52,2,1,0,0,2,0.35,0,1,0,1,284.0841738,284.7977329,286.9158383,286.9157485,2.11801560000004,289.027658,290.0355336,3.5,0.865384615384615,0.134615384615385,46,7,5,"(0, 2)"
112,53,2,1,0,2,2,0.15,0,0,1,1,290.0421702,290.7390814,292.3223719,292.3222798,1.5831983999999,294.4340996,295.4420679,3.5,0.867924528301887,0.132075471698113,46,8,5,"(2, 2)"
113,54,2,1,0,2,1,0.5,1,1,1,1,295.4487045,296.1579623,297.7504306,297.0410085,0.883046200000081,299.8538735,300.8621196,3.5,0.87037037037037,0.12962962962963,47,8,5,"(2, 1)"
114,55,2,1,0,0,0,0.5,1,1,1,1,300.8808874,301.5929665,303.088133,303.0880424,1.49507589999985,305.200495,306.2084857,3.5,0.872727272727273,0.127272727272727,48,8,5,"(0, 0)"
115,56,2,1,0,2,1,0.5,1,1,1,0,306.2153646,306.9163488,308.4982246,307.6656178,0.74926900000014,310.6018331,311.6094437,3.5,0.875,0.125,49,8,5,"(2, 1)"
116,57,2,1,0,1,0,0.15,0,0,1,0,311.6161892,312.2862422,314.1713836,314.1712928,1.88505059999989,316.2832616,317.2911369,3.5,0.87719298245614,0.12280701754386,50,8,5,"(1, 0)"
117,58,2,1,0,0,2,0.35,0,0,1,1,317.297739,317.9657298,320.0253458,320.0252555,2.05952569999999,322.1370032,323.144865,3.5,0.879310344827586,0.120689655172414,51,8,5,"(0, 2)"
118,59,2,1,0,1,0,0.15,0,0,1,1,323.1514011,323.8216383,326.0912153,326.0911243,2.26948600000014,328.2030217,329.2108802,3.5,0.88135593220339,0.11864406779661,52,8,5,"(1, 0)"
119,60,2,1,0,0,0,0.5,1,1,1,1,329.2173295,329.8873145,331.5802207,331.5801294,1.69281490000003,333.6919029,334.6998295,3.5,0.883333333333333,0.116666666666667,53,8,5,"(0, 0)"
120,1,3,2,1,1,1,0.35,0,1,0,0,7.95000000834989e-05,0.672412300000133,2.27041120000013,2.27031809999994,1.59790579999981,4.38227370000004,5.39024050000012,3.5,0.0,1.0,1,1,5,"(1, 1)"
121,2,3,2,1,1,1,0.35,0,0,1,1,5.39394540000012,6.06647939999993,8.07721390000006,8.07712040000001,2.01064100000008,10.1889793,11.1968641000001,3.5,0.5,0.5,1,2,5,"(1, 1)"
122,3,3,2,1,2,0,0.35,0,1,0,0,11.2038095,11.8807011000001,14.3903440000001,14.3902542000001,2.50955309999995,16.5021604000001,17.5101138,3.5,0.333333333333333,0.666666666666667,2,2,5,"(2, 0)"
123,4,3,2,1,2,1,0.5,1,1,1,1,17.5166361000001,18.1877715000001,19.5989451,19.598853,1.41108149999991,21.7091700999999,22.7172863999999,3.5,0.5,0.5,2,3,5,"(2, 1)"
124,5,3,2,1,0,0,0.5,1,1,1,1,22.7237484,23.3999013,25.0736357999999,25.0735426000001,1.6736413000001,27.1857844000001,28.1937038999999,3.5,0.6,0.4,3,3,5,"(0, 0)"
125,6,3,2,1,2,1,0.5,1,1,1,1,28.2105567000001,28.881844,30.4427307000001,30.0833757,1.20153170000003,32.5464501000001,33.5545185000001,3.5,0.666666666666667,0.333333333333333,4,3,5,"(2, 1)"
126,7,3,2,1,2,1,0.5,1,1,1,1,33.5611515000001,34.2370115000001,35.8863176,35.8862232000001,1.64921170000002,37.9980998999999,39.0060008,3.5,0.714285714285714,0.285714285714286,5,3,5,"(2, 1)"
127,8,3,2,1,2,1,0.5,1,1,1,0,39.0118281,39.6846088,41.3397258,41.3396352,1.6550264,43.4515176,44.4594397999999,3.5,0.75,0.25,6,3,5,"(2, 1)"
128,9,3,2,1,2,0,0.35,0,0,1,1,44.4659038,45.1393231,46.7045161999999,46.202961,1.0636379,48.8089765,49.8164337000001,3.5,0.777777777777778,0.222222222222222,7,3,5,"(2, 0)"
129,10,3,2,1,2,2,0.15,0,0,1,0,49.8243775999999,50.5013604999999,52.0664831000001,51.899664,1.39830350000011,54.1723443000001,55.1804148000001,3.5,0.8,0.2,8,3,5,"(2, 2)"
130,11,3,2,1,0,2,0.35,0,0,1,1,55.18659,55.8858502,58.5953240000001,58.5950331000001,2.70918290000009,60.7070183000001,61.7151091000001,3.5,0.818181818181818,0.181818181818182,9,3,5,"(0, 2)"
131,12,3,2,1,1,1,0.35,0,0,1,0,61.7226122,62.4067951,63.8367169000001,63.8366245,1.42982940000002,65.9490855000001,66.9569117999999,3.5,0.833333333333333,0.166666666666667,10,3,5,"(1, 1)"
132,13,3,2,1,1,1,0.35,0,0,1,1,66.9741884,67.6497157000001,69.2197039,68.6996464000001,1.0499307,71.3236899999999,72.3312399000001,3.5,0.846153846153846,0.153846153846154,11,3,5,"(1, 1)"
133,14,3,2,1,1,1,0.35,0,0,1,1,72.3380733000001,73.0235113000001,74.4374717000001,74.4373658,1.41385449999984,76.5493266000001,77.5573744999999,3.5,0.857142857142857,0.142857142857143,12,3,5,"(1, 1)"
134,15,3,2,1,1,2,0.5,1,1,1,1,77.5649264000001,78.2440104,80.1028077999999,80.1027128999999,1.85870249999994,82.2145370999999,83.222624,3.5,0.866666666666667,0.133333333333333,13,3,5,"(1, 2)"
135,16,3,2,1,0,0,0.5,1,1,1,0,83.2303414,83.9156032999999,85.6267978999999,85.626704,1.71110070000009,87.7389498,88.7470542999999,3.5,0.875,0.125,14,3,5,"(0, 0)"
136,17,3,2,1,1,1,0.35,0,0,1,1,88.7537873000001,89.4421462,91.4808127000001,91.4807221000001,2.03857590000007,93.5926265000001,94.6008449000001,3.5,0.882352941176471,0.117647058823529,15,3,5,"(1, 1)"
137,18,3,2,1,2,0,0.35,0,0,1,1,94.6073636000001,95.3019899999999,96.9145422000001,96.3394034,1.0374134000001,99.0182801000001,100.0257795,3.5,0.888888888888889,0.111111111111111,16,3,5,"(2, 0)"
138,19,3,2,1,0,0,0.5,1,1,1,0,100.0550051,100.755251,102.3184956,101.8435011,1.0882501000001,104.4220393,105.4291551,3.5,0.894736842105263,0.105263157894737,17,3,5,"(0, 0)"
139,20,3,2,1,1,2,0.5,1,1,1,1,105.4362926,106.1087962,107.5232857,107.5231965,1.41440030000012,109.6354348,110.6433352,3.5,0.9,0.1,18,3,5,"(1, 2)"
140,21,3,2,1,0,2,0.35,0,0,1,1,110.6500987,111.3270844,112.95311,112.9530186,1.62593419999985,115.0649382,116.072975,3.5,0.904761904761905,0.0952380952380952,19,3,5,"(0, 2)"
141,22,3,2,1,0,0,0.5,1,0,0,1,116.0798213,116.7592291,119.1248198,119.124728,2.36549889999992,121.2368456,122.2447346,3.5,0.863636363636364,0.136363636363636,20,3,5,"(0, 0)"
142,23,3,2,1,1,2,0.5,1,1,1,0,122.2517373,122.9271539,124.861153,124.8610602,1.93390629999999,126.9729127,127.9808389,3.5,0.869565217391304,0.130434782608696,20,4,5,"(1, 2)"
143,24,3,2,1,1,1,0.35,0,0,1,1,127.9873986,128.6644261,131.3156854,131.3155908,2.65116469999998,133.4275204,134.4354437,3.5,0.875,0.125,21,4,5,"(1, 1)"
144,25,3,2,1,2,0,0.35,0,0,1,1,134.4611908,135.1377277,137.1591644,136.3869318,1.24920409999982,139.2974171,140.328961,3.5,0.88,0.12,22,4,5,"(2, 0)"
145,26,3,2,1,0,0,0.5,1,1,1,0,140.5292553,141.913187,143.4945781,143.0109229,1.09773589999986,145.6110295,146.6355691,3.5,0.884615384615385,0.115384615384615,23,4,5,"(0, 0)"
146,27,3,2,1,0,2,0.35,0,0,1,1,146.7690787,147.9389941,149.5160463,149.1869442,1.24795010000003,151.6350715,152.6688204,3.5,0.888888888888889,0.111111111111111,24,4,5,"(0, 2)"
147,28,3,2,1,1,2,0.5,1,1,1,0,152.8235906,154.1861424,156.4861192,155.5235821,1.3374397,158.6224885,159.6552668,3.5,0.892857142857143,0.107142857142857,25,4,5,"(1, 2)"
148,29,3,2,1,1,2,0.5,1,1,1,1,159.8166812,160.8150043,162.6937699,162.6936526,1.8786482999999,164.8055821,165.8139453,3.5,0.896551724137931,0.103448275862069,26,4,5,"(1, 2)"
149,30,3,2,1,2,0,0.35,0,0,1,1,165.8206732,166.5536502,168.4298944,168.429802,1.87615180000012,170.5417342,171.5497309,3.5,0.9,0.1,27,4,5,"(2, 0)"
150,31,3,2,1,2,1,0.5,1,1,1,0,171.5567039,172.2345879,173.6599804,173.659883,1.42529510000008,175.7714785,176.7795393,3.5,0.903225806451613,0.0967741935483871,28,4,5,"(2, 1)"
151,32,3,2,1,2,1,0.5,1,1,1,1,176.8026949,177.4751654,178.9717596,178.9716032,1.49643780000019,181.0838718,182.0921569,3.5,0.90625,0.09375,29,4,5,"(2, 1)"
152,33,3,2,1,1,2,0.5,1,1,1,1,182.1000689,182.7770583,185.0258002,185.0257051,2.24864679999996,187.137573,188.1455381,3.5,0.909090909090909,0.0909090909090909,30,4,5,"(1, 2)"
153,34,3,2,1,1,2,0.5,1,1,1,1,188.1529495,189.3550456,190.9297033,190.7475729,1.39252729999998,193.0345318,194.0458747,3.5,0.911764705882353,0.0882352941176471,31,4,5,"(1, 2)"
154,35,3,2,1,0,1,0.15,0,0,1,0,194.0636177,194.819055,196.7925619,196.7924447,1.9733897000001,198.9044734,199.9127427,3.5,0.914285714285714,0.0857142857142857,32,4,5,"(0, 1)"
155,36,3,2,1,0,1,0.15,0,0,1,1,199.9208647,200.5924671,202.3637991,202.3637045,1.77123740000002,204.4756184,205.4839472,3.5,0.916666666666667,0.0833333333333334,33,4,5,"(0, 1)"
156,37,3,2,1,2,1,0.5,1,1,1,0,205.4906061,207.1618221,208.72431,208.7242108,1.56238869999993,210.8368816,211.8458731,3.5,0.918918918918919,0.081081081081081,34,4,5,"(2, 1)"
157,38,3,2,1,0,2,0.35,0,0,1,1,211.8658312,212.5986497,214.472101,214.4720089,1.87335919999987,216.5839647,217.5927529,3.5,0.921052631578947,0.0789473684210527,35,4,5,"(0, 2)"
158,39,3,2,1,2,0,0.35,0,0,1,1,217.5996225,218.3301913,219.8888034,219.5149056,1.1847143,221.9926971,223.0007971,3.5,0.923076923076923,0.0769230769230769,36,4,5,"(2, 0)"
159,40,3,2,1,1,0,0.15,0,0,1,1,223.0082126,223.7410897,225.3672392,225.3671473,1.62605759999997,227.4791357,228.4870742,3.5,0.925,0.075,37,4,5,"(1, 0)"
160,41,3,2,1,1,2,0.5,1,1,1,1,228.4929917,229.1676528,231.4919969,231.4919048,2.32425199999989,233.6038736,234.6121127,3.5,0.926829268292683,0.073170731707317,38,4,5,"(1, 2)"
161,42,3,2,1,0,0,0.5,1,1,1,1,234.6193239,236.3673429,239.0995046,239.0994041,2.73206120000009,241.211515,242.2200649,3.5,0.928571428571429,0.0714285714285714,39,4,5,"(0, 0)"
162,43,3,2,1,1,2,0.5,1,1,1,0,242.2297598,242.9180365,244.4996949,244.1391361,1.22109960000012,246.6036065,247.6115451,3.5,0.930232558139535,0.0697674418604651,40,4,5,"(1, 2)"
163,44,3,2,1,0,0,0.5,1,1,1,1,247.6285505,248.3683478,249.9493089,249.2433521,0.875004300000001,252.0532144,253.0610447,3.5,0.931818181818182,0.0681818181818182,41,4,5,"(0, 0)"
164,45,3,2,1,2,1,0.5,1,1,1,1,253.0680013,253.8325389,255.3890118,255.1311372,1.29859830000009,257.4926066,258.5005998,3.5,0.933333333333333,0.0666666666666667,42,4,5,"(2, 1)"
165,46,3,2,1,0,2,0.35,0,0,1,1,258.5066246,259.1817865,260.7028146,260.7027204,1.52093390000005,262.8147315,263.8228008,3.5,0.934782608695652,0.0652173913043478,43,4,5,"(0, 2)"
166,47,3,2,1,0,0,0.5,1,1,1,0,263.8309297,264.5077715,266.1445003,266.1444092,1.63663769999994,268.2570513,269.2651626,3.5,0.936170212765957,0.0638297872340425,44,4,5,"(0, 0)"
167,48,3,2,1,1,0,0.15,0,0,1,0,269.2711954,269.8923821,271.449415,270.8589224,0.966540299999906,273.5531783,274.5605315,3.5,0.9375,0.0625,45,4,5,"(1, 0)"
168,49,3,2,1,1,2,0.5,1,1,1,1,274.5704823,275.237968,276.7894321,276.5713107,1.3333427,278.8929191,279.9008471,3.5,0.938775510204082,0.0612244897959183,46,4,5,"(1, 2)"
169,50,3,2,1,1,0,0.15,0,0,1,1,279.9075281,280.577326,282.1291723,281.3232857,0.745959699999958,284.2329467,285.2405732,3.5,0.94,0.0600000000000001,47,4,5,"(1, 0)"
170,51,3,2,1,0,0,0.5,1,1,1,0,285.25782,285.9326712,287.4975135,286.9632342,1.03056300000003,289.6017264,290.6100177,3.5,0.941176470588235,0.0588235294117647,48,4,5,"(0, 0)"
171,52,3,2,1,0,2,0.35,0,0,1,1,290.6246886,291.6869509,293.2641063,292.954925,1.26797409999995,295.3749832,296.3858648,3.5,0.942307692307692,0.0576923076923077,49,4,5,"(0, 2)"
172,53,3,2,1,0,2,0.35,0,0,1,1,296.4121508,297.083645,298.9476469,298.9475293,1.86388430000011,301.0595978,302.0676895,3.5,0.943396226415094,0.0566037735849056,50,4,5,"(0, 2)"
173,54,3,2,1,2,2,0.15,0,0,1,0,302.0804106,303.5374462,305.2373516,305.2372548,1.6998086000001,307.3693825,308.3960634,3.5,0.944444444444444,0.0555555555555556,51,4,5,"(2, 2)"
174,55,3,2,1,0,0,0.5,1,1,1,1,308.5540367,309.2907409,310.8567611,310.483577,1.19283610000002,312.9657774,313.975513,3.5,0.945454545454545,0.0545454545454546,52,4,5,"(0, 0)"
175,56,3,2,1,2,1,0.5,1,1,1,1,313.9881223,316.1988767,317.7851123,317.5072411,1.30836440000007,319.9042748,320.9313815,3.5,0.946428571428571,0.0535714285714286,53,4,5,"(2, 1)"
176,57,3,2,1,2,1,0.5,1,1,1,1,321.1118503,321.7841773,323.6730651,323.0916218,1.30744449999997,325.8169583,326.8457293,3.5,0.947368421052632,0.0526315789473685,54,4,5,"(2, 1)"
177,58,3,2,1,2,0,0.35,0,0,1,0,326.9896553,327.9834422,329.6777823,329.6776627,1.6942204999998,331.7896029,332.7979999,3.5,0.948275862068966,0.0517241379310345,55,4,5,"(2, 0)"
178,59,3,2,1,0,1,0.15,0,0,1,1,332.8105368,333.7383634,335.4492646,335.4491713,1.71080789999996,337.5666087,338.5862317,3.5,0.949152542372881,0.0508474576271186,56,4,5,"(0, 1)"
179,60,3,2,1,2,2,0.15,0,0,1,1,338.5991995,339.2834345,341.9141126,340.546989,1.26355449999983,344.0564543,345.0844238,3.5,0.95,0.05,57,4,5,"(2, 2)"
180,1,4,3,3,2,0,0.35,0,1,0,0,0.0032208999998601,0.683144899999888,2.63310279999996,2.63300389999995,1.94985900000006,4.75934829999983,5.7716441,3.5,0.0,1.0,1,1,5,"(2, 0)"
181,2,4,3,3,0,2,0.35,0,1,0,0,5.82613309999988,6.50589409999998,7.95706999999993,7.95697559999985,1.45108149999987,10.0688258,11.0769879999998,3.5,0.0,1.0,1,2,5,"(0, 2)"
182,3,4,3,3,0,0,0.5,1,1,1,0,11.2150585999998,13.1567943999999,14.5649541999999,14.5648593999999,1.40806500000008,16.6817037999999,17.7034183999999,3.5,0.333333333333333,0.666666666666667,1,3,5,"(0, 0)"
183,4,4,3,3,2,2,0.15,0,0,1,0,17.8000611999998,18.5003468999998,20.2773373,20.2772422999999,1.77689540000006,22.3891606999998,23.3976335999998,3.5,0.5,0.5,2,3,5,"(2, 2)"
184,5,4,3,3,1,2,0.5,1,0,0,1,23.4046736999999,24.1652204,26.9070609999999,26.9069651,2.74174470000003,29.0189828,30.0279326999998,3.5,0.4,0.6,3,3,5,"(1, 2)"
185,6,4,3,3,1,2,0.5,1,0,0,1,30.0356557,30.7089401999999,32.2646004999999,32.0173467999998,1.3084065999999,34.3685676999999,35.3768736999998,3.5,0.333333333333333,0.666666666666667,3,4,5,"(1, 2)"
186,7,4,3,3,1,0,0.15,0,1,0,0,35.3839169999999,36.0137026,37.5968845999998,37.3453281999998,1.33162559999982,39.7007971999999,40.7080325999998,3.5,0.285714285714286,0.714285714285714,3,5,5,"(1, 0)"
187,8,4,3,3,2,2,0.15,0,0,1,1,40.7185236999999,41.4045729999998,43.0494016,42.7208790999998,1.31630610000002,45.1532361,46.1604954999998,3.5,0.375,0.625,3,6,5,"(2, 2)"
188,9,4,3,3,1,1,0.35,0,1,0,0,46.1769577,46.8439595999998,48.5458509,48.5457580999998,1.7017985,50.6580005999999,51.6659963,3.5,0.333333333333333,0.666666666666667,4,6,5,"(1, 1)"
189,10,4,3,3,2,1,0.5,1,0,0,1,51.6725240999999,52.3962179,54.1052456,54.1051513,1.70893339999998,56.2172951,57.2253117999999,3.5,0.3,0.7,4,7,5,"(2, 1)"
190,11,4,3,3,1,1,0.35,0,0,1,1,57.2322147,57.9059405999999,60.0769318999999,60.0768392,2.1708986000001,62.1888712999998,63.1968715999999,3.5,0.363636363636364,0.636363636363636,4,8,5,"(1, 1)"
191,12,4,3,3,1,1,0.35,0,0,1,0,63.2035530999999,63.8213045,65.6717521999999,65.6716589999999,1.85035449999987,67.7835183999998,68.7917221,3.5,0.416666666666667,0.583333333333333,5,8,5,"(1, 1)"
192,13,4,3,3,2,1,0.5,1,0,0,0,68.7984379999998,69.6044247999998,72.1851583,72.1850654,2.58064060000015,74.2970467,75.3098691,3.5,0.384615384615385,0.615384615384615,6,8,5,"(2, 1)"
193,14,4,3,3,0,0,0.5,1,0,0,0,75.3229251999999,76.0744250999999,77.8862314999999,77.8861393999998,1.81171429999995,79.9984803,81.0067491999998,3.5,0.357142857142857,0.642857142857143,6,9,5,"(0, 0)"
194,15,4,3,3,0,2,0.35,0,0,1,1,81.0235456999999,81.6928433999999,83.3521097999999,83.3520168999999,1.65917349999995,85.4629903999999,86.4711032999999,3.5,0.4,0.6,6,10,5,"(0, 2)"
195,16,4,3,3,2,1,0.5,1,0,0,0,86.4777271999999,88.2913057999999,90.9719115999999,90.9718115999999,2.68050579999999,93.1015057999998,94.1232771999998,3.5,0.375,0.625,7,10,5,"(2, 1)"
196,17,4,3,3,1,1,0.35,0,0,1,1,94.2788569999998,94.9738282999999,97.1792938999999,97.1792002999998,2.2053719999999,99.2883838999999,100.2956774,3.5,0.411764705882353,0.588235294117647,7,11,5,"(1, 1)"
197,18,4,3,3,2,0,0.35,0,0,1,1,100.3051695,102.2345815,103.8222473,103.4090377,1.17445620000012,105.9536441,107.000518,3.5,0.444444444444444,0.555555555555556,8,11,5,"(2, 0)"
198,19,4,3,3,1,0,0.15,0,0,1,1,107.1556793,108.6292413,110.2375287,109.8813185,1.25207720000003,112.3534403,113.3805746,3.5,0.473684210526316,0.526315789473684,9,11,5,"(1, 0)"
199,20,4,3,3,0,0,0.5,1,1,1,1,113.5508164,115.2569633,116.8594339,116.2650298,1.00806650000004,118.9811276,120.0086987,3.5,0.5,0.5,10,11,5,"(0, 0)"
200,21,4,3,3,2,1,0.5,1,0,0,1,120.1635862,121.5743785,123.1863303,123.186208,1.61182949999989,125.3114672,126.3332154,3.5,0.476190476190476,0.523809523809524,11,11,5,"(2, 1)"
201,22,4,3,3,1,2,0.5,1,0,0,0,126.5337122,127.2750213,128.8384712,128.4492622,1.17424089999986,130.9422032,131.9508777,3.5,0.454545454545455,0.545454545454545,11,12,5,"(1, 2)"
202,23,4,3,3,0,0,0.5,1,1,1,1,131.9632664,134.0009587,135.6090466,134.9853924,0.984433699999954,137.7314811,138.7595722,3.5,0.478260869565217,0.521739130434783,11,13,5,"(0, 0)"
203,24,4,3,3,0,2,0.35,0,0,1,1,138.9143859,140.3142188,141.9231252,141.1365957,0.822376899999881,144.0391368,145.0634594,3.5,0.5,0.5,12,13,5,"(0, 2)"
204,25,4,3,3,2,0,0.35,0,0,1,0,145.2185871,145.9084762,148.4275505,148.4274339,2.51895769999987,150.5393344,151.54756,3.5,0.52,0.48,13,13,5,"(2, 0)"
205,26,4,3,3,0,0,0.5,1,1,1,0,151.5544704,152.2661829,154.1650857,153.4413229,1.17514000000006,156.3142897,157.346024,3.5,0.538461538461538,0.461538461538462,14,13,5,"(0, 0)"
206,27,4,3,3,1,1,0.35,0,1,0,0,157.5194502,159.0402947,160.7719439,160.7718443,1.73154959999988,162.9028109,163.9292121,3.5,0.518518518518518,0.481481481481482,15,13,5,"(1, 1)"
207,28,4,3,3,1,2,0.5,1,0,0,0,164.0858542,164.8036223,167.4129234,167.4114869,2.60786460000008,169.5301163,170.5380098,3.5,0.5,0.5,15,14,5,"(1, 2)"
208,29,4,3,3,1,0,0.15,0,0,1,1,170.5449903,171.2450062,172.7366362,172.4406241,1.19561790000012,174.8404222,175.8490021,3.5,0.517241379310345,0.482758620689655,15,15,5,"(1, 0)"
209,30,4,3,3,0,2,0.35,0,0,1,1,175.8557335,176.5799317,178.4391714,178.4390774,1.8591457,180.5513273,181.5593279,3.5,0.533333333333333,0.466666666666667,16,15,5,"(0, 2)"
210,31,4,3,3,2,1,0.5,1,1,1,1,181.5665385,182.3392831,184.9998204,184.9997168,2.66043370000011,187.1116128,188.119609,3.5,0.548387096774194,0.451612903225806,17,15,5,"(2, 1)"
211,32,4,3,3,1,2,0.5,1,1,1,1,188.1261966,188.8089044,190.7831427,190.7830501,1.97414570000001,192.8949436,193.902948,3.5,0.5625,0.4375,18,15,5,"(1, 2)"
212,33,4,3,3,1,2,0.5,1,1,1,0,193.9096913,194.5308288,196.1394382,195.8171948,1.28636600000004,198.2431156,199.2511727,3.5,0.575757575757576,0.424242424242424,19,15,5,"(1, 2)"
213,34,4,3,3,2,0,0.35,0,0,1,1,199.2686645,199.9787084,201.4781643,201.4780666,1.49935819999996,203.5899283,204.5978946,3.5,0.588235294117647,0.411764705882353,20,15,5,"(2, 0)"
214,35,4,3,3,2,1,0.5,1,1,1,1,204.6046837,205.4194697,206.8844014,206.884309,1.46483929999999,208.996185,210.0048145,3.5,0.6,0.4,21,15,5,"(2, 1)"
215,36,4,3,3,1,1,0.35,0,0,1,0,210.0116287,210.6838889,212.3267994,212.3267051,1.64281619999997,214.4386705,215.4465343,3.5,0.611111111111111,0.388888888888889,22,15,5,"(1, 1)"
216,37,4,3,3,0,0,0.5,1,1,1,1,215.4532648,216.1309019,217.6884375,217.3290589,1.19815700000004,219.7921769,220.7995444,3.5,0.621621621621622,0.378378378378378,23,15,5,"(0, 0)"
217,38,4,3,3,0,1,0.15,0,0,1,1,220.8055138,221.4762696,223.0336603,222.7286025,1.25233290000006,225.1375028,226.1447983,3.5,0.631578947368421,0.368421052631579,24,15,5,"(0, 1)"
218,39,4,3,3,0,0,0.5,1,1,1,0,226.1517482,226.8262252,228.3805018,227.9606355,1.1344102999999,230.4842739,231.4918539,3.5,0.641025641025641,0.358974358974359,25,15,5,"(0, 0)"
219,40,4,3,3,2,1,0.5,1,1,1,1,231.4987374,232.1754762,233.6223294,233.6222355,1.44675930000017,235.7337308,236.741642,3.5,0.65,0.35,26,15,5,"(2, 1)"
220,41,4,3,3,2,0,0.35,0,0,1,1,236.7587927,237.4336315,238.9914307,238.5605992,1.12696770000002,241.0951673,242.1032229,3.5,0.658536585365854,0.341463414634146,27,15,5,"(2, 0)"
221,42,4,3,3,0,0,0.5,1,1,1,1,242.1098442,242.785371,244.3420725,243.8486571,1.06328609999991,246.4457849,247.4530962,3.5,0.666666666666667,0.333333333333333,28,15,5,"(0, 0)"
222,43,4,3,3,0,2,0.35,0,0,1,0,247.4600627,249.4838857,251.052205,250.1926127,0.708726999999953,253.1748422,254.2008219,3.5,0.674418604651163,0.325581395348837,29,15,5,"(0, 2)"
223,44,4,3,3,2,0,0.35,0,0,1,1,254.3627225,255.0416478,257.0844198,257.0842972,2.04264939999985,259.1962216,260.2045469,3.5,0.681818181818182,0.318181818181818,30,15,5,"(2, 0)"
224,45,4,3,3,2,0,0.35,0,0,1,0,260.2114871,260.891415,262.453882,262.0725992,1.18118420000019,264.5579398,265.5659331,3.5,0.688888888888889,0.311111111111111,31,15,5,"(2, 0)"
225,46,4,3,3,1,2,0.5,1,1,1,1,265.5719902,266.7846139,268.7098016,268.709703,1.92508910000015,270.8399492,271.8631192,3.5,0.695652173913043,0.304347826086957,32,15,5,"(1, 2)"
226,47,4,3,3,2,1,0.5,1,1,1,1,272.027722,273.3508938,274.9311972,274.6972108,1.346317,277.0476324,278.0733584,3.5,0.702127659574468,0.297872340425532,33,15,5,"(2, 1)"
227,48,4,3,3,1,2,0.5,1,1,1,1,278.2102067,278.9385146,280.8535186,280.853393,1.91487839999991,282.9653966,283.9734415,3.5,0.708333333333333,0.291666666666667,34,15,5,"(1, 2)"
228,49,4,3,3,2,2,0.15,0,0,1,1,283.9803636,284.6788684,286.2495277,285.9046149,1.22574650000001,288.3534147,289.3611922,3.5,0.714285714285714,0.285714285714286,35,15,5,"(2, 2)"
229,50,4,3,3,0,0,0.5,1,1,1,0,289.3683497,290.2098928,291.77305,291.280871,1.07097820000013,293.8783165,294.8938233,3.5,0.72,0.28,36,15,5,"(0, 0)"
230,51,4,3,3,2,1,0.5,1,1,1,1,294.9134777,295.6058046,297.2967514,297.2966065,1.6908019,299.4082929,300.4169814,3.5,0.725490196078431,0.274509803921569,37,15,5,"(2, 1)"
231,52,4,3,3,2,1,0.5,1,1,1,1,300.4239947,301.1119804,302.5739159,302.5738231,1.46184269999981,304.6850023,305.6931268,3.5,0.730769230769231,0.269230769230769,38,15,5,"(2, 1)"
232,53,4,3,3,0,1,0.15,0,0,1,0,305.7162437,306.386945,307.8624027,307.862311,1.47536599999989,309.9734697,310.981448,3.5,0.735849056603774,0.264150943396226,39,15,5,"(0, 1)"
233,54,4,3,3,0,2,0.35,0,0,1,1,310.98829,311.6976918,313.6094462,313.6093521,1.91166029999999,315.7265394,316.7340115,3.5,0.740740740740741,0.259259259259259,40,15,5,"(0, 2)"
234,55,4,3,3,0,2,0.35,0,0,1,1,316.7403745,318.0795228,319.5930437,319.5929452,1.51342239999985,321.7183888,322.7427948,3.5,0.745454545454545,0.254545454545455,41,15,5,"(0, 2)"
235,56,4,3,3,0,0,0.5,1,1,1,1,322.8896365,323.5895986,325.1584393,324.6805886,1.09099000000015,327.2634809,328.2716027,3.5,0.75,0.25,42,15,5,"(0, 0)"
236,57,4,3,3,0,1,0.15,0,0,1,0,328.2854274,328.966554,331.3950016,331.3949085,2.42835450000007,333.5068416,334.5149117,3.5,0.754385964912281,0.245614035087719,43,15,5,"(0, 1)"
237,58,4,3,3,1,2,0.5,1,1,1,1,334.5218006,335.2565935,336.8361257,336.0732558,0.816662299999962,338.9399178,339.9479273,3.5,0.758620689655172,0.241379310344828,44,15,5,"(1, 2)"
238,59,4,3,3,1,2,0.5,1,1,1,1,339.956065,340.6501256,342.9614906,342.9613986,2.31127300000003,345.0732892,346.0812663,3.5,0.76271186440678,0.23728813559322,45,15,5,"(1, 2)"
239,60,4,3,3,1,1,0.35,0,0,1,1,346.1058691,346.7906384,348.4268823,348.4267905,1.63615210000012,350.5392454,351.5470356,3.5,0.766666666666667,0.233333333333333,46,15,5,"(1, 1)"
0,1,1,0,3,0,0,0.15,0,1,0,1,0.0107838000000129,0.65012790000003,2.36566089999997,2.3655076,1.71537969999997,4.48786269999994,5.51303429999996,3.5,0.0,1.0,1,1,20,"(0, 0)"
1,2,1,0,3,1,0,0.35,0,0,1,1,5.65910269999995,6.26370020000002,7.75190169999996,7.57883700000002,1.3151368,9.87406799999997,10.88814,3.5,0.5,0.5,1,2,20,"(1, 0)"
2,3,1,0,3,1,0,0.35,0,0,1,1,10.9622726,11.5962999999999,13.1011082,13.1009657,1.50466570000003,15.2250712,16.2319209999999,3.5,0.666666666666667,0.333333333333333,2,2,20,"(1, 0)"
3,4,1,0,3,2,2,0.35,0,1,0,0,16.2434226,16.8581872999999,18.7812698,18.781132,1.92294470000002,20.8935931999999,21.9012698,3.5,0.5,0.5,3,2,20,"(2, 2)"
4,5,1,0,3,0,0,0.15,0,1,0,0,21.9130539,22.5265882,24.2050290999999,24.2047014999999,1.67811329999995,26.3170934,27.3243206,3.5,0.4,0.6,3,3,20,"(0, 0)"
5,6,1,0,3,1,0,0.35,0,0,1,1,27.3469701,27.9538318,29.9150459,29.9148766,1.96104479999997,32.0267759,33.0349864,3.5,0.5,0.5,3,4,20,"(1, 0)"
6,7,1,0,3,2,0,0.5,1,0,0,0,33.043101,33.6552952,35.2988689,35.2987967,1.64350150000007,37.4108255,38.4186384,3.5,0.428571428571429,0.571428571428571,4,4,20,"(2, 0)"
7,8,1,0,3,1,1,0.5,1,0,0,0,38.4252559,39.0310004,41.7136393,41.7135656,2.6825652,43.8254079,44.8334803,3.5,0.375,0.625,4,5,20,"(1, 1)"
8,9,1,0,3,2,0,0.5,1,0,0,0,44.8400844,45.4525926,47.0908962,47.0908221999999,1.63822959999993,49.2027981,50.221919,3.5,0.333333333333333,0.666666666666667,4,6,20,"(2, 0)"
9,10,1,0,3,1,1,0.5,1,1,1,1,50.2288628,50.8358896999999,52.989482,52.9894085999999,2.15351889999999,55.1014249999999,56.1094267999999,3.5,0.4,0.6,4,7,20,"(1, 1)"
10,11,1,0,3,1,0,0.35,0,0,1,1,56.1158765,56.7303911,58.6301832,58.6301088,1.8997177,60.7421277999999,61.7501285,3.5,0.454545454545455,0.545454545454545,5,7,20,"(1, 0)"
11,12,1,0,3,0,1,0.35,0,0,1,0,61.7578166,62.3791238,63.8571123,63.6267888,1.24766499999998,65.9843212,67.0030111999999,3.5,0.5,0.5,6,7,20,"(0, 1)"
12,13,1,0,3,0,2,0.5,1,0,0,1,67.0095147,67.6213421,69.4542984,69.4542245,1.83288240000002,71.566272,72.5750266,3.5,0.461538461538462,0.538461538461538,7,7,20,"(0, 2)"
13,14,1,0,3,2,1,0.15,0,0,1,1,72.5806871,73.1924999,74.6773605999999,74.6772863,1.48478639999996,76.8009952,77.8170639,3.5,0.5,0.5,7,8,20,"(2, 1)"
14,15,1,0,3,1,1,0.5,1,1,1,0,77.8248387,78.4330249999999,80.6393431,80.6392691,2.20624410000005,82.7512154999999,83.7593455,3.5,0.533333333333333,0.466666666666667,8,8,20,"(1, 1)"
15,16,1,0,3,0,1,0.35,0,0,1,0,83.7657988,84.3819847,85.8658931,85.586823,1.20483830000001,87.9879716,88.9977149,3.5,0.5625,0.4375,9,8,20,"(0, 1)"
16,17,1,0,3,0,2,0.5,1,0,0,0,89.0122266999999,89.6165056999999,91.1053283,90.9706172,1.35411150000004,93.2288956,94.2444874,3.5,0.529411764705882,0.470588235294118,10,8,20,"(0, 2)"
17,18,1,0,3,0,1,0.35,0,0,1,1,94.2501288999999,94.8607714999999,96.8907111,96.890637,2.02986550000003,99.0025422,100.0108393,3.5,0.555555555555556,0.444444444444444,10,9,20,"(0, 1)"
18,19,1,0,3,0,2,0.5,1,0,0,0,100.0175732,100.6394463,102.1173581,101.9866469,1.34720059999995,104.2389371,105.2459779,3.5,0.526315789473684,0.473684210526316,11,9,20,"(0, 2)"
19,20,1,0,3,1,1,0.5,1,1,1,1,105.2516436,105.8569216,107.4131015,107.4128903,1.55596869999999,109.5366044,110.5499858,3.5,0.55,0.45,11,10,20,"(1, 1)"
20,21,1,0,3,2,0,0.5,1,0,0,1,110.5575842,111.1630166,112.5952318,112.5951577,1.43214109999997,114.7188783,115.7324528,3.5,0.523809523809524,0.476190476190476,12,10,20,"(2, 0)"
21,22,1,0,3,0,1,0.35,0,0,1,1,115.7389503,116.3593594,118.2282902,118.2282159,1.86885649999999,120.3399979,121.3481562,3.5,0.545454545454545,0.454545454545455,12,11,20,"(0, 1)"
22,23,1,0,3,2,2,0.35,0,1,0,1,121.36323,121.9755614,123.8517313,123.8516565,1.87609510000004,125.9636836,126.9719421,3.5,0.521739130434783,0.478260869565217,13,11,20,"(2, 2)"
23,24,1,0,3,1,1,0.5,1,1,1,1,126.9792459,127.5991875,129.0837644,128.7387899,1.13960240000006,131.187393,132.1950256,3.5,0.541666666666667,0.458333333333333,13,12,20,"(1, 1)"
24,25,1,0,3,1,0,0.35,0,0,1,1,132.2015149,132.8201031,134.3024501,133.8186302,0.998527100000047,136.4062887,137.4153092,3.5,0.56,0.44,14,12,20,"(1, 0)"
25,26,1,0,3,0,2,0.5,1,0,0,0,137.4225981,138.0494494,139.5372445,139.042797,0.993347599999993,141.6430122,142.6535458,3.5,0.538461538461538,0.461538461538462,15,12,20,"(0, 2)"
26,27,1,0,3,0,2,0.5,1,0,0,0,142.6592946,143.2724629,144.7568613,144.1146398,0.842176900000027,146.859965,147.8660952,3.5,0.518518518518518,0.481481481481482,15,13,20,"(0, 2)"
27,28,1,0,3,0,2,0.5,1,0,0,1,147.8726157,148.5115147,149.9903217,149.4266427,0.915127999999982,152.1024999,153.1188385,3.5,0.5,0.5,15,14,20,"(0, 2)"
28,29,1,0,3,2,2,0.35,0,1,0,0,153.1252466,153.75956,155.3407895,155.340715,1.58115499999997,157.4645485,158.476584,3.5,0.482758620689655,0.517241379310345,15,15,20,"(2, 2)"
29,30,1,0,3,1,0,0.35,0,1,0,0,158.4908916,159.1019106,160.582619,160.0827837,0.98087309999994,162.6857402,163.6909751,3.5,0.466666666666667,0.533333333333333,15,16,20,"(1, 0)"
30,31,1,0,3,2,2,0.35,0,1,0,0,163.6966629,164.3292591,165.8090328,165.2267739,0.897514800000067,167.9159325,168.9391533,3.5,0.451612903225806,0.548387096774194,15,17,20,"(2, 2)"
31,32,1,0,3,2,1,0.15,0,0,1,0,168.9460793,169.58091,171.0572003,170.6586476,1.07773759999998,173.180499,174.1930619,3.5,0.46875,0.53125,15,18,20,"(2, 1)"
32,33,1,0,3,0,2,0.5,1,0,0,0,174.1989596,174.831486,176.3094326,175.8346211,1.00313509999989,178.4124946,179.4318055,3.5,0.454545454545455,0.545454545454545,16,18,20,"(0, 2)"
33,34,1,0,3,1,1,0.5,1,0,0,0,179.4391578,180.0672755,181.8829941,181.8829197,1.81564420000007,183.9947121,185.0045603,3.5,0.441176470588235,0.558823529411765,16,19,20,"(1, 1)"
34,35,1,0,3,1,1,0.5,1,1,1,1,185.0118541,185.6214826,187.1011626,186.6106082,0.989125599999966,189.204302,190.2225577,3.5,0.457142857142857,0.542857142857143,16,20,20,"(1, 1)"
35,36,1,0,3,0,2,0.5,1,0,0,1,190.2371437,190.8848693,192.3627743,191.8266396,0.94177030000003,194.4658847,195.4787125,3.5,0.444444444444444,0.555555555555556,17,20,20,"(0, 2)"
36,37,1,0,3,0,0,0.15,0,0,1,1,195.4844837,196.121571,197.6548076,197.6547289,1.53315789999999,199.7783347,200.7886546,3.5,0.459459459459459,0.540540540540541,17,21,20,"(0, 0)"
37,38,1,0,3,2,2,0.35,0,1,0,0,200.7944767,201.4213001,202.8999584,202.4266235,1.00532340000007,205.0052862,206.0202846,3.5,0.447368421052632,0.552631578947368,18,21,20,"(2, 2)"
38,39,1,0,3,0,1,0.35,0,0,1,0,206.0261493,206.6564152,208.1641449,207.8187389,1.1623237,210.285578,211.2918173,3.5,0.461538461538462,0.538461538461538,18,22,20,"(0, 1)"
39,40,1,0,3,1,2,0.15,0,0,1,1,211.2976362,211.9464106,213.468702,213.2906172,1.34420659999989,215.5917436,216.6047919,3.5,0.475,0.525,19,22,20,"(1, 2)"
40,41,1,0,3,0,1,0.35,0,0,1,0,216.6105095,217.430898,218.9445653,218.4026103,0.971712300000036,221.0470119,222.0536601,3.5,0.48780487804878,0.51219512195122,20,22,20,"(0, 1)"
41,42,1,0,3,1,1,0.5,1,1,1,1,222.0685367,222.811457,224.4729156,224.4728382,1.66138119999994,226.5847778,227.6024118,3.5,0.5,0.5,21,22,20,"(1, 1)"
42,43,1,0,3,2,0,0.5,1,0,0,1,227.6088213,228.3355609,230.117904,230.1178276,1.78226669999992,232.2296689,233.2381199,3.5,0.488372093023256,0.511627906976744,22,22,20,"(2, 0)"
43,44,1,0,3,2,1,0.15,0,0,1,1,233.243808,233.9845353,236.036031,236.0359562,2.05142090000004,238.147782,239.1559022,3.5,0.5,0.5,22,23,20,"(2, 1)"
44,45,1,0,3,0,2,0.5,1,0,0,0,239.1635357,239.8826734,241.5776889,241.0267471,1.14407370000004,243.7066214,244.7176691,3.5,0.488888888888889,0.511111111111111,23,23,20,"(0, 2)"
45,46,1,0,3,2,0,0.5,1,0,0,0,244.7251145,245.4578295,246.9586779,246.9585994,1.50076990000002,249.0822821,250.1017728,3.5,0.478260869565217,0.521739130434783,23,24,20,"(2, 0)"
46,47,1,0,3,2,0,0.5,1,0,0,0,250.1076812,250.7480757,252.2381558,252.2380791,1.49000339999998,254.3617495,255.3801443,3.5,0.468085106382979,0.531914893617021,23,25,20,"(2, 0)"
47,48,1,0,3,2,0,0.5,1,0,0,0,255.3876789,256.1152064,257.6450005,257.6449235,1.52971709999997,259.7685189,260.7782046,3.5,0.458333333333333,0.541666666666667,23,26,20,"(2, 0)"
48,49,1,0,3,2,0,0.5,1,1,1,0,260.7928312,261.5306283,263.1420167,262.8107438,1.28011549999997,265.2638973,266.275927,3.5,0.469387755102041,0.530612244897959,23,27,20,"(2, 0)"
49,50,1,0,3,0,2,0.5,1,0,0,0,266.2835727,267.1007419,268.6812148,268.2825841,1.18184220000001,270.8009603,271.8189781,3.5,0.46,0.54,24,27,20,"(0, 2)"
50,51,1,0,3,2,0,0.5,1,1,1,1,271.8247721,272.546329,274.1327608,273.5627549,1.01642589999994,276.2407054,277.2542803,3.5,0.470588235294118,0.529411764705882,24,28,20,"(2, 0)"
51,52,1,0,3,1,1,0.5,1,0,0,1,277.2608892,277.9895064,279.5711837,279.0265686,1.03706220000004,281.6924912,282.7099,3.5,0.461538461538462,0.538461538461538,25,28,20,"(1, 1)"
52,53,1,0,3,1,1,0.5,1,1,1,0,282.7158596,283.3655379,284.9919218,284.4025849,1.03704700000003,287.106403,288.1259959,3.5,0.471698113207547,0.528301886792453,25,29,20,"(1, 1)"
53,54,1,0,3,0,1,0.35,0,0,1,1,288.1318385,288.9474669,290.4553591,290.4552813,1.50781440000003,292.5789387,293.6024485,3.5,0.481481481481481,0.518518518518519,26,29,20,"(0, 1)"
54,55,1,0,3,2,2,0.35,0,1,0,1,293.6171016,294.320838,296.643975,296.6438991,2.32306110000002,298.7557145,299.7639256,3.5,0.472727272727273,0.527272727272727,27,29,20,"(2, 2)"
55,56,1,0,3,2,0,0.5,1,0,0,0,299.7706457,300.4212622,301.8861571,301.8860418,1.46477959999993,304.0097154,305.0174324,3.5,0.464285714285714,0.535714285714286,27,30,20,"(2, 0)"
56,57,1,0,3,1,2,0.15,0,0,1,1,305.0248542,305.7565358,307.2227424,307.2226644,1.46612860000005,309.3463544,310.3542221,3.5,0.473684210526316,0.526315789473684,27,31,20,"(1, 2)"
57,58,1,0,3,1,2,0.15,0,0,1,0,310.361497,311.0737881,312.6554491,312.4585984,1.38481030000003,314.786127,315.8000867,3.5,0.482758620689655,0.517241379310345,28,31,20,"(1, 2)"
58,59,1,0,3,2,2,0.35,0,1,0,0,315.8065747,316.5333482,318.996759,318.9966853,2.46333709999999,321.1087738,322.1167426,3.5,0.474576271186441,0.525423728813559,29,31,20,"(2, 2)"
59,60,1,0,3,1,0,0.35,0,1,0,0,322.1232323,322.8493583,324.4366054,323.954766,1.1054077,326.5551232,327.562348,3.5,0.466666666666667,0.533333333333333,29,32,20,"(1, 0)"
60,1,2,1,1,1,1,0.5,1,1,1,1,9.21000000744243e-05,0.724900300000058,2.27377920000004,2.27369680000004,1.54879649999998,4.39740710000001,5.42089940000005,3.5,1.0,0.0,1,1,20,"(1, 1)"
61,2,2,1,1,0,2,0.5,1,1,1,1,5.43344650000006,6.15422660000002,8.10199980000004,8.10191940000004,1.94769280000003,10.2137306000001,11.2245532000001,3.5,1.0,0.0,2,1,20,"(0, 2)"
62,3,2,1,1,1,2,0.15,0,0,1,1,11.235618,11.9559744000001,13.4695521,13.4694462,1.51347179999993,15.5930996000001,16.6107258000001,3.5,1.0,0.0,3,1,20,"(1, 2)"
63,4,2,1,1,0,2,0.5,1,1,1,0,16.6183578,17.3352570000001,19.6114627000001,19.6113826000001,2.2761256,21.7232225,22.7312087,3.5,1.0,0.0,4,1,20,"(0, 2)"
64,5,2,1,1,1,0,0.35,0,0,1,1,22.7384705000001,23.4619213000001,24.9049645,24.9048611000001,1.44293979999998,27.0285152,28.0430736000001,3.5,1.0,0.0,5,1,20,"(1, 0)"
65,6,2,1,1,1,1,0.5,1,1,1,0,28.0573623,28.7886049,30.3675348,30.0265946000001,1.23798970000007,32.4940619,33.5103003,3.5,1.0,0.0,6,1,20,"(1, 1)"
66,7,2,1,1,0,2,0.5,1,1,1,0,33.5177580000001,34.2285824000001,35.8916377,35.8915546000001,1.66297220000001,38.0034003000001,39.0199608,3.5,1.0,0.0,7,1,20,"(0, 2)"
67,8,2,1,1,2,2,0.35,0,1,0,1,39.0265663,39.7409507,41.3168325000001,41.1065318999999,1.36558119999995,43.4432509000001,44.4510643000001,3.5,0.875,0.125,8,1,20,"(2, 2)"
68,9,2,1,1,2,0,0.5,1,0,0,0,44.4583838999999,45.1448538,47.2656542,47.2655733000001,2.12071950000018,49.3775968,50.3866816,3.5,0.777777777777778,0.222222222222222,8,2,20,"(2, 0)"
69,10,2,1,1,1,1,0.5,1,1,1,1,50.3936341000001,51.0923511999999,52.5512618,52.5511776000001,1.45882640000013,54.6748380000001,55.6819963,3.5,0.8,0.2,8,3,20,"(1, 1)"
70,11,2,1,1,0,1,0.35,0,0,1,1,55.6895114000001,56.3819267000001,57.9395750000001,57.5624090000001,1.18048229999999,60.0654306000001,61.0739755,3.5,0.818181818181818,0.181818181818182,9,3,20,"(0, 1)"
71,12,2,1,1,0,2,0.5,1,0,0,1,61.0804007000002,61.8283123000001,64.3977791,64.3977017,2.56938939999986,66.5095394,67.5168369,3.5,0.75,0.25,10,3,20,"(0, 2)"
72,13,2,1,1,0,2,0.5,1,0,0,0,67.5323086000001,68.2085138,69.7650204000001,69.498533,1.29001919999996,71.8820968,72.8882994000001,3.5,0.692307692307692,0.307692307692308,10,4,20,"(0, 2)"
73,14,2,1,1,0,1,0.35,0,0,1,1,72.8950639,73.5818362,75.8352735999999,75.8351953000001,2.25335910000013,77.9469771000001,78.9552069000001,3.5,0.714285714285714,0.285714285714286,10,5,20,"(0, 1)"
74,15,2,1,1,1,1,0.5,1,0,0,0,78.9627952000001,79.6621342000001,82.2137513,82.2136738000002,2.55153960000007,84.3257352000001,85.3339129999999,3.5,0.666666666666667,0.333333333333333,11,5,20,"(1, 1)"
75,16,2,1,1,0,1,0.35,0,0,1,1,85.3405061000001,86.0341210000001,87.5872838,87.3463908000001,1.31226979999997,89.7055303,90.7194362,3.5,0.6875,0.3125,11,6,20,"(0, 1)"
76,17,2,1,1,0,2,0.5,1,0,0,0,90.7251214,91.414362,93.9161713000001,93.9160955,2.5017335,96.0279917,97.0360270000001,3.5,0.647058823529412,0.352941176470588,12,6,20,"(0, 2)"
77,18,2,1,1,1,1,0.5,1,1,1,1,97.0433363,97.7320789,99.3377338,99.337655,1.60557610000001,101.4495591,102.4694876,3.5,0.666666666666667,0.333333333333333,12,7,20,"(1, 1)"
78,19,2,1,1,2,2,0.35,0,0,1,1,102.4841483,103.1920143,105.9667599,105.9666826,2.77466830000003,108.078691,109.086693,3.5,0.684210526315789,0.315789473684211,13,7,20,"(2, 2)"
79,20,2,1,1,2,2,0.35,0,0,1,1,109.0940023,109.7882776,111.2761451,111.2760654,1.48778779999998,113.3997378,114.4153779,3.5,0.7,0.3,14,7,20,"(2, 2)"
80,21,2,1,1,1,0,0.35,0,0,1,0,114.4218517,115.1178914,116.5718797,116.5717996,1.45390820000011,118.6955059,119.7118421,3.5,0.714285714285714,0.285714285714286,15,7,20,"(1, 0)"
81,22,2,1,1,2,0,0.5,1,1,1,0,119.7183165,120.4153782,122.0541681,122.0540749,1.63869669999985,124.1659551,125.1855803,3.5,0.727272727272727,0.272727272727273,16,7,20,"(2, 0)"
82,23,2,1,1,0,1,0.35,0,0,1,1,125.1928424,125.8827974,127.8906619,127.8905867,2.00778930000001,130.0025904,131.0114113,3.5,0.739130434782609,0.260869565217391,17,7,20,"(0, 1)"
83,24,2,1,1,1,2,0.15,0,0,1,1,131.0180961,131.7186123,133.2937995,133.2937197,1.57510739999998,135.4175228,136.42754,3.5,0.75,0.25,18,7,20,"(1, 2)"
84,25,2,1,1,2,0,0.5,1,1,1,0,136.4419894,137.1511691,138.7137427,138.7136623,1.56249320000006,140.8373998,141.8578018,3.5,0.76,0.24,19,7,20,"(2, 0)"
85,26,2,1,1,0,0,0.15,0,1,0,0,141.8646242,142.5547415,144.3138487,144.3137557,1.75901419999991,146.4256834,147.4339057,3.5,0.730769230769231,0.269230769230769,20,7,20,"(0, 0)"
86,27,2,1,1,2,0,0.5,1,1,1,1,147.4405444,148.1400121,149.6673287,149.6672491,1.52723699999979,151.7909388,152.8028341,3.5,0.740740740740741,0.259259259259259,20,8,20,"(2, 0)"
87,28,2,1,1,0,1,0.35,0,0,1,0,152.8085037,153.5086587,155.0837213,155.0836406,1.57498190000001,157.2073175,158.2255676,3.5,0.75,0.25,21,8,20,"(0, 1)"
88,29,2,1,1,0,2,0.5,1,1,1,1,158.2321219,158.9418346,161.1694918,161.1694138,2.22757920000004,163.2812494,164.2919999,3.5,0.758620689655172,0.241379310344828,22,8,20,"(0, 2)"
89,30,2,1,1,0,1,0.35,0,0,1,1,164.2977433,164.9882161,166.4212758,166.4211958,1.43297970000003,168.5448698,169.556897,3.5,0.766666666666667,0.233333333333333,23,8,20,"(0, 1)"
90,31,2,1,1,2,1,0.15,0,0,1,0,169.5635709,170.2614495,171.8211187,171.6105292,1.34907969999995,173.9529928,174.9701011,3.5,0.774193548387097,0.225806451612903,24,8,20,"(2, 1)"
91,32,2,1,1,2,0,0.5,1,1,1,1,174.9847436,175.6919272,177.2925697,177.2924889,1.60056170000007,179.4043952,180.4133862,3.5,0.78125,0.21875,25,8,20,"(2, 0)"
92,33,2,1,1,1,1,0.5,1,1,1,1,180.4191559,181.158857,182.9640266,182.9639477,1.80509069999994,185.0761459,186.084173,3.5,0.787878787878788,0.212121212121212,26,8,20,"(1, 1)"
93,34,2,1,1,2,0,0.5,1,1,1,1,186.0915021,186.7784073,188.6962311,188.6961537,1.91774639999994,190.808137,191.8162517,3.5,0.794117647058823,0.205882352941177,27,8,20,"(2, 0)"
94,35,2,1,1,0,2,0.5,1,1,1,1,191.8231882,192.5694922,194.1568099,193.762322,1.19282980000003,196.2707462,197.2885046,3.5,0.8,0.2,28,8,20,"(0, 2)"
95,36,2,1,1,2,0,0.5,1,1,1,1,197.295881,197.9791143,199.5668114,199.1543712,1.17525690000002,201.6848706,202.6912586,3.5,0.805555555555556,0.194444444444444,29,8,20,"(2, 0)"
96,37,2,1,1,1,1,0.5,1,1,1,0,202.6969104,203.3881887,204.9418422,204.0023573,0.614168600000085,207.0461259,208.0543915,3.5,0.810810810810811,0.189189189189189,30,8,20,"(1, 1)"
97,38,2,1,1,2,2,0.35,0,0,1,1,208.0691492,208.7708059,210.3548002,210.3547192,1.58391329999995,212.4784923,213.4970895,3.5,0.815789473684211,0.184210526315789,31,8,20,"(2, 2)"
98,39,2,1,1,2,0,0.5,1,1,1,0,213.5036666,214.1925072,215.7634478,215.3545029,1.16199569999981,217.8779931,218.8895639,3.5,0.82051282051282,0.17948717948718,32,8,20,"(2, 0)"
99,40,2,1,1,0,0,0.15,0,0,1,1,218.89607,219.5779953,221.3732717,221.373194,1.7951986999999,223.4849871,224.4935512,3.5,0.825,0.175,33,8,20,"(0, 0)"
100,41,2,1,1,2,2,0.35,0,0,1,1,224.4993748,225.1882371,226.6737783,226.6736966,1.48545949999993,228.797338,229.8151995,3.5,0.829268292682927,0.170731707317073,34,8,20,"(2, 2)"
101,42,2,1,1,1,0,0.35,0,0,1,1,229.8219565,230.5124121,232.0677828,231.6744624,1.16205029999992,234.1931093,235.2066665,3.5,0.833333333333333,0.166666666666667,35,8,20,"(1, 0)"
102,43,2,1,1,1,2,0.15,0,0,1,1,235.2132294,235.9008449,237.4609599,237.0585135,1.15766860000008,239.5776636,240.5912013,3.5,0.837209302325581,0.162790697674419,36,8,20,"(1, 2)"
103,44,2,1,1,1,1,0.5,1,1,1,1,240.6055338,241.3118148,242.8705282,242.6663398,1.35452499999997,244.9908036,246.0078161,3.5,0.840909090909091,0.159090909090909,37,8,20,"(1, 1)"
104,45,2,1,1,0,2,0.5,1,1,1,0,246.0151466,246.7154791,249.0174887,249.0174109,2.30193179999992,251.1294115,252.1375429,3.5,0.844444444444444,0.155555555555556,38,8,20,"(0, 2)"
105,46,2,1,1,2,1,0.15,0,0,1,1,252.1443549,252.8410916,254.7750784,254.7749997,1.93390810000005,256.8869309,257.8950924,3.5,0.847826086956522,0.152173913043478,39,8,20,"(2, 1)"
106,47,2,1,1,1,1,0.5,1,1,1,0,257.9020369,258.5953666,260.3496612,260.349583,1.7542163999999,262.4615591,263.4696314,3.5,0.851063829787234,0.148936170212766,40,8,20,"(1, 1)"
107,48,2,1,1,0,1,0.35,0,0,1,1,263.4755038,264.2024686,265.7593214,265.4823367,1.27986810000016,267.8801165,268.8887861,3.5,0.854166666666667,0.145833333333333,41,8,20,"(0, 1)"
108,49,2,1,1,2,0,0.5,1,1,1,1,268.8956936,269.6073014,271.1704315,270.8344979,1.22719649999999,273.2856447,274.2958278,3.5,0.857142857142857,0.142857142857143,42,8,20,"(2, 0)"
109,50,2,1,1,2,1,0.15,0,0,1,1,274.3025276,274.9903767,276.5536618,276.1063142,1.11593749999997,278.6701218,279.6890157,3.5,0.86,0.14,43,8,20,"(2, 1)"
110,51,2,1,1,2,2,0.35,0,0,1,1,279.7037382,280.4091403,281.990623,281.2505256,0.841385299999956,284.1041803,285.1190886,3.5,0.862745098039216,0.137254901960784,44,8,20,"(2, 2)"
111,52,2,1,1,2,0,0.5,1,1,1,0,285.1265509,285.8506396,287.4146368,287.058285,1.20764540000005,289.544744,290.5591657,3.5,0.865384615384615,0.134615384615385,45,8,20,"(2, 0)"
112,53,2,1,1,0,0,0.15,0,0,1,0,290.5658112,291.2853089,292.8382356,292.3623499,1.07704100000001,294.9627429,295.9763538,3.5,0.867924528301887,0.132075471698113,46,8,20,"(0, 0)"
113,54,2,1,1,1,0,0.35,0,0,1,0,295.9829462,296.6681583,298.2488754,297.5465754,0.878417099999979,300.3549507,301.3684314,3.5,0.87037037037037,0.12962962962963,47,8,20,"(1, 0)"
114,55,2,1,1,0,2,0.5,1,1,1,1,301.3750331,302.0902347,303.6900878,303.1544813,1.06424659999993,305.8063858,306.8157283,3.5,0.872727272727273,0.127272727272727,48,8,20,"(0, 2)"
115,56,2,1,1,1,0,0.35,0,0,1,1,306.8221653,307.5353136,309.117149,308.7383212,1.20300759999986,311.2390283,312.250105,3.5,0.875,0.125,49,8,20,"(1, 0)"
116,57,2,1,1,1,1,0.5,1,1,1,1,312.2652595,312.9881477,314.5691343,314.1705379,1.18239019999987,316.6904816,317.6965513,3.5,0.87719298245614,0.12280701754386,50,8,20,"(1, 1)"
117,58,2,1,1,1,0,0.35,0,0,1,1,317.7039968,318.4202644,320.01577,319.3383143,0.918049900000142,322.1182248,323.1280444,3.5,0.879310344827586,0.120689655172414,51,8,20,"(1, 0)"
118,59,2,1,1,1,0,0.35,0,0,1,1,323.1354809,323.8633008,325.4486281,324.6024487,0.739147900000034,327.5555266,328.5616971,3.5,0.88135593220339,0.11864406779661,52,8,20,"(1, 0)"
119,60,2,1,1,2,2,0.35,0,0,1,0,328.5684158,329.2980972,330.8949912,330.6584786,1.36038140000005,333.0233805,334.0494131,3.5,0.883333333333333,0.116666666666667,53,8,20,"(2, 2)"
120,1,3,2,0,1,2,0.15,0,1,0,1,7.95000000834989e-05,0.730528999999933,2.31910859999994,2.10265920000006,1.37213020000013,4.44164230000001,5.46527979999996,3.5,0.0,1.0,1,1,20,"(1, 2)"
121,2,3,2,0,1,1,0.5,1,0,0,0,5.46912210000005,6.18307449999998,7.70820750000007,7.70812550000005,1.52505100000008,9.8318690000001,10.8434473,3.5,0.0,1.0,1,2,20,"(1, 1)"
122,3,3,2,0,0,1,0.35,0,1,0,0,10.8513135000001,11.5634903,13.4584167,13.4583376,1.89484730000004,15.5700151999999,16.5783136,3.5,0.0,1.0,1,3,20,"(0, 1)"
123,4,3,2,0,1,0,0.35,0,0,1,1,16.5926615999999,17.2967589,19.6098267,19.6097477999999,2.31298889999994,21.7216561,22.7297714000001,3.5,0.25,0.75,1,4,20,"(1, 0)"
124,5,3,2,0,2,1,0.15,0,1,0,0,22.7354571999999,23.4377073999999,25.1745333000001,25.1744449,1.73673750000012,27.2862487,28.2953190000001,3.5,0.2,0.8,2,4,20,"(2, 1)"
125,6,3,2,0,1,0,0.35,0,1,0,1,28.3019157000001,28.989014,31.0875641,31.0874848999999,2.09847089999994,33.1994341,34.2086922999999,3.5,0.166666666666667,0.833333333333333,2,5,20,"(1, 0)"
126,7,3,2,0,2,2,0.35,0,1,0,1,34.2152027,34.916279,36.9808046999999,36.9807241999999,2.06444519999991,39.0925574,40.1006744000001,3.5,0.142857142857143,0.857142857142857,2,6,20,"(2, 2)"
127,8,3,2,0,2,2,0.35,0,1,0,0,40.1071062999999,40.7953315,42.3557765,41.806673,1.01134150000007,44.4579713000001,45.4656695000001,3.5,0.125,0.875,2,7,20,"(2, 2)"
128,9,3,2,0,0,1,0.35,0,1,0,0,45.4801623000001,46.187318,47.7463281,47.406524,1.21920599999999,49.8669844999999,50.8801132000001,3.5,0.111111111111111,0.888888888888889,2,8,20,"(0, 1)"
129,10,3,2,0,2,0,0.5,1,1,1,0,50.8866796,51.5787441,53.7268928999999,53.7268148000001,2.14807070000006,55.8387632000001,56.846708,3.5,0.2,0.8,2,9,20,"(2, 0)"
130,11,3,2,0,2,2,0.35,0,1,0,0,56.8533216999999,57.542054,59.1130828,58.3585299000001,0.816475900000114,61.2185841,62.2246402000001,3.5,0.181818181818182,0.818181818181818,3,9,20,"(2, 2)"
131,12,3,2,0,0,1,0.35,0,1,0,0,62.2321598999999,62.9319172,64.5245052,64.2464861999999,1.31456899999989,66.6462467000001,67.6612255,3.5,0.166666666666667,0.833333333333333,3,10,20,"(0, 1)"
132,13,3,2,0,0,0,0.15,0,1,0,1,67.6678486000001,68.4331178,70.1673063999999,70.1672246000001,1.73410680000006,72.2790413,73.2873118,3.5,0.153846153846154,0.846153846153846,3,11,20,"(0, 0)"
133,14,3,2,0,0,2,0.5,1,0,0,0,73.2946377000001,74.0420039000001,75.6046051000001,75.0466623,1.00465839999993,77.7066101,78.7144215000001,3.5,0.142857142857143,0.857142857142857,3,12,20,"(0, 2)"
134,15,3,2,0,1,1,0.5,1,0,0,0,78.7289358,79.4567204,82.5950332,82.5949534000001,3.13823300000013,84.7068214999999,85.7147869,3.5,0.133333333333333,0.866666666666667,3,13,20,"(1, 1)"
135,16,3,2,0,1,0,0.35,0,0,1,0,85.7205406,86.4491129,88.4901107999999,88.4900296999999,2.04091679999988,90.6018111999999,91.6099962999999,3.5,0.1875,0.8125,3,14,20,"(1, 0)"
136,17,3,2,0,1,1,0.5,1,1,1,0,91.6175679,92.3255283999999,93.9113656,93.9112815000001,1.58575310000015,96.0349166999999,97.0458555,3.5,0.235294117647059,0.764705882352941,4,14,20,"(1, 1)"
137,18,3,2,0,0,0,0.15,0,1,0,0,97.0533499999999,97.8059968,100.4640012,100.4638956,2.65789880000011,102.5759669,103.584091,3.5,0.222222222222222,0.777777777777778,5,14,20,"(0, 0)"
138,19,3,2,0,0,0,0.15,0,0,1,1,103.5906888,104.2862133,106.4670095,106.4669282,2.18071489999988,108.5789449,109.5870107,3.5,0.263157894736842,0.736842105263158,5,15,20,"(0, 0)"
139,20,3,2,0,1,2,0.15,0,1,0,0,109.593753,110.3340914,111.7652771,111.7651945,1.43110309999997,113.8888733,114.9032602,3.5,0.25,0.75,6,15,20,"(1, 2)"
140,21,3,2,0,2,2,0.35,0,1,0,0,114.9098181,115.6058126,117.1600756,116.7186107,1.11279809999996,119.278781,120.2921458,3.5,0.238095238095238,0.761904761904762,6,16,20,"(2, 2)"
141,22,3,2,0,1,1,0.5,1,0,0,1,120.3066009,121.0139495,122.773548,122.773465,1.75951549999991,124.8854158,125.895565,3.5,0.227272727272727,0.772727272727273,6,17,20,"(1, 1)"
142,23,3,2,0,1,2,0.15,0,1,0,0,125.9031678,126.6017353,128.16873,127.9584844,1.35674910000012,130.2931757,131.3033319,3.5,0.217391304347826,0.782608695652174,6,18,20,"(1, 2)"
143,24,3,2,0,2,0,0.5,1,1,1,1,131.3099199,132.0023769,133.5640022,133.2626792,1.26030230000015,135.6886698,136.7002141,3.5,0.25,0.75,6,19,20,"(2, 0)"
144,25,3,2,0,1,1,0.5,1,0,0,1,136.7067809,137.4353073,138.9978232,138.7988159,1.36350859999993,141.1256957,142.1372892,3.5,0.24,0.76,7,19,20,"(1, 1)"
145,26,3,2,0,2,1,0.15,0,0,1,1,142.1432593,142.8403794,145.3171777,145.3170967,2.47671730000002,147.4289101,148.4370173,3.5,0.269230769230769,0.730769230769231,7,20,20,"(2, 1)"
146,27,3,2,0,0,1,0.35,0,1,0,0,148.4439202,149.1524556,150.7187771,150.1744619,1.02200630000016,152.8306019,153.8477908,3.5,0.259259259259259,0.740740740740741,8,20,20,"(0, 1)"
147,28,3,2,0,0,1,0.35,0,1,0,0,153.8637477,154.5557702,156.128821,155.5666162,1.0108459999999,158.2313,159.2470254,3.5,0.25,0.75,8,21,20,"(0, 1)"
148,29,3,2,0,2,0,0.5,1,0,0,0,159.2556758,159.9513443,162.4154082,162.4153065,2.46396219999997,164.5267907,165.5347926,3.5,0.241379310344828,0.758620689655172,8,22,20,"(2, 0)"
149,30,3,2,0,2,1,0.15,0,0,1,1,165.5424253,166.2741816,167.8470405,167.4786385,1.20445689999997,169.9717835,170.9875152,3.5,0.266666666666667,0.733333333333333,8,23,20,"(2, 1)"
150,31,3,2,0,0,1,0.35,0,0,1,1,170.9960299,171.6959616,173.3059639,173.3058825,1.60992090000013,175.4366047,176.4538755,3.5,0.290322580645161,0.709677419354839,9,23,20,"(0, 1)"
151,32,3,2,0,1,1,0.5,1,1,1,1,176.460143,177.1153405,178.6875361,178.0066594,0.891318899999987,180.8015611,181.807877,3.5,0.3125,0.6875,10,23,20,"(1, 1)"
152,33,3,2,0,2,2,0.35,0,1,0,1,181.8165401,182.5156836,184.108887,183.6306352,1.11495159999981,186.2388755,187.2494944,3.5,0.303030303030303,0.696969696969697,11,23,20,"(2, 2)"
153,34,3,2,0,1,0,0.35,0,0,1,0,187.2770093,188.3616829,189.9667007,189.6306228,1.26893990000008,192.1061193,193.1618173,3.5,0.323529411764706,0.676470588235294,11,24,20,"(1, 0)"
154,35,3,2,0,0,2,0.5,1,1,1,0,193.3420653,194.3344159,197.2219512,197.2218708,2.88745489999997,199.3339043,200.3418501,3.5,0.342857142857143,0.657142857142857,12,24,20,"(0, 2)"
155,36,3,2,0,1,0,0.35,0,0,1,0,200.3487391,201.0509647,202.7756904,202.7756094,1.7246447,204.8875729,205.8955844,3.5,0.361111111111111,0.638888888888889,13,24,20,"(1, 0)"
156,37,3,2,0,2,0,0.5,1,0,0,0,205.9033021,207.1448784,208.8302902,207.6304685,0.485590100000081,210.9651033,211.9902566,3.5,0.351351351351351,0.648648648648649,14,24,20,"(2, 0)"
157,38,3,2,0,2,2,0.35,0,1,0,0,212.1730655,213.1487383,214.7205689,213.8466862,0.697947899999917,216.831159,217.8401778,3.5,0.342105263157895,0.657894736842105,14,25,20,"(2, 2)"
158,39,3,2,0,1,1,0.5,1,1,1,1,217.8481293,218.5459713,220.5726841,219.3106264,0.764655100000027,222.6764558,223.7024287,3.5,0.358974358974359,0.641025641025641,14,26,20,"(1, 1)"
159,40,3,2,0,0,2,0.5,1,1,1,1,223.712196,224.4231899,225.9793044,225.4066764,0.983486499999799,228.0861515,229.1110315,3.5,0.375,0.625,15,26,20,"(0, 2)"
160,41,3,2,0,1,0,0.35,0,0,1,1,229.1371895,229.8732919,231.4501777,230.8946512,1.02135930000009,233.5619466,234.5682212,3.5,0.390243902439024,0.609756097560976,16,26,20,"(1, 0)"
161,42,3,2,0,0,2,0.5,1,1,1,1,234.574276,235.2875793,236.8502136,236.206663,0.919083699999874,238.9597591,239.9764284,3.5,0.404761904761905,0.595238095238095,17,26,20,"(0, 2)"
162,43,3,2,0,0,2,0.5,1,1,1,1,239.9843077,240.6997703,242.2877974,241.4226631,0.722892799999954,244.412966,245.4562669,3.5,0.418604651162791,0.581395348837209,18,26,20,"(0, 2)"
163,44,3,2,0,0,2,0.5,1,1,1,1,245.6777529,246.9821285,248.6211223,247.0866404,0.104511900000034,250.7422025,251.776376,3.5,0.431818181818182,0.568181818181818,19,26,20,"(0, 2)"
164,45,3,2,0,2,0,0.5,1,1,1,1,251.9112229,252.700315,254.3599899,253.5984538,0.89813879999997,256.5052229,257.5460751,3.5,0.444444444444444,0.555555555555556,20,26,20,"(2, 0)"
165,46,3,2,0,2,2,0.35,0,0,1,1,257.6826947,259.8700456,261.5918919,260.8144823,0.944436700000097,263.7235945,264.7635968,3.5,0.456521739130435,0.543478260869565,21,26,20,"(2, 2)"
166,47,3,2,0,0,2,0.5,1,0,0,0,264.910767,266.7257292,268.91713,268.9170454,2.19131620000007,271.0486645,272.0764553,3.5,0.446808510638298,0.553191489361702,22,26,20,"(0, 2)"
167,48,3,2,0,0,2,0.5,1,1,1,0,272.2262073,272.9825949,274.5851284,273.6706372,0.688042300000006,276.6874824,277.7013603,3.5,0.458333333333333,0.541666666666667,22,27,20,"(0, 2)"
168,49,3,2,0,2,0,0.5,1,1,1,1,277.7095796,278.5138988,280.150348,279.3185897,0.804690899999969,282.2534797,283.272116,3.5,0.469387755102041,0.530612244897959,23,27,20,"(2, 0)"
169,50,3,2,0,1,0,0.35,0,0,1,1,283.2786241,284.0504696,285.8946659,285.0145873,0.964117700000088,288.0421148,289.0785494,3.5,0.48,0.52,24,27,20,"(1, 0)"
170,51,3,2,0,2,0,0.5,1,1,1,0,289.2576854,290.2852119,292.129583,291.070697,0.785485100000187,294.2828625,295.3161925,3.5,0.490196078431373,0.509803921568627,25,27,20,"(2, 0)"
171,52,3,2,0,1,1,0.5,1,1,1,1,295.4572268,296.4383808,298.5921789,297.5906887,1.1523079000001,300.7527883,301.7905914,3.5,0.5,0.5,26,27,20,"(1, 1)"
172,53,3,2,0,2,0,0.5,1,1,1,1,301.9754954,303.0948993,305.5014633,303.9826288,0.887729499999978,307.6367486,308.6714103,3.5,0.509433962264151,0.490566037735849,27,27,20,"(2, 0)"
173,54,3,2,0,0,2,0.5,1,1,1,0,308.8457096,309.8595351,312.0616818,310.5585964,0.699061299999812,314.2084545,315.2533949,3.5,0.518518518518518,0.481481481481482,28,27,20,"(0, 2)"
174,55,3,2,0,2,0,0.5,1,1,1,1,315.4383778,316.4407621,318.3309017,317.2624351,0.821672999999919,320.470626,321.508888,3.5,0.527272727272727,0.472727272727273,29,27,20,"(2, 0)"
175,56,3,2,0,1,1,0.5,1,1,1,1,321.6373429,322.9746273,325.5947869,323.6866042,0.711976899999854,327.7343333,328.7681704,3.5,0.535714285714286,0.464285714285714,30,27,20,"(1, 1)"
176,57,3,2,0,0,1,0.35,0,1,0,0,328.9625018,330.0148963,331.666358,330.8706836,0.855787300000202,333.7717248,334.7881823,3.5,0.526315789473684,0.473684210526316,31,27,20,"(0, 1)"
177,58,3,2,0,0,2,0.5,1,1,1,0,334.7945913,335.5587068,338.2107062,336.8704071,1.31170029999998,340.3827533,341.4260878,3.5,0.53448275862069,0.46551724137931,31,28,20,"(0, 2)"
178,59,3,2,0,2,0,0.5,1,1,1,1,341.6361783,342.8572499,344.6833512,343.9905989,1.13334900000018,346.8461771,347.8760637,3.5,0.542372881355932,0.457627118644068,32,28,20,"(2, 0)"
179,60,3,2,0,1,1,0.5,1,1,1,0,348.0088769,350.390176,352.0472421,351.2304159,0.840239899999915,354.169809,355.195254,3.5,0.55,0.45,33,28,20,"(1, 1)"
180,1,4,3,2,0,2,0.5,1,1,1,0,0.000383499999998,0.733812799999896,2.51218389999985,2.51210029999993,1.77828750000003,4.62419739999996,5.63225519999992,3.5,1.0,0.0,1,1,20,"(0, 2)"
181,2,4,3,2,2,2,0.35,0,1,0,1,5.64717289999999,7.20306729999993,8.79783470000007,8.04148450000002,0.838417200000094,10.9256594999999,11.9659786,3.5,0.5,0.5,2,1,20,"(2, 2)"
182,3,4,3,2,2,1,0.15,0,0,1,1,12.1703061999999,13.8957421,15.4544218999999,15.4543378999999,1.55859579999992,17.5949504999999,18.6353569,3.5,0.666666666666667,0.333333333333333,2,2,20,"(2, 1)"
183,4,4,3,2,2,0,0.5,1,0,0,0,18.7999236000001,20.5733095000001,22.2275285999999,21.8973208,1.32401129999994,24.3615422,25.3980239,3.5,0.5,0.5,3,2,20,"(2, 0)"
184,5,4,3,2,2,1,0.15,0,0,1,1,25.4946342999999,26.6618008,29.5210537,27.9453185,1.28351769999995,31.6945363,32.7349474999999,3.5,0.6,0.4,3,3,20,"(2, 1)"
185,6,4,3,2,2,0,0.5,1,0,0,0,32.9120820999999,33.9972757,35.4101097,35.4100068999999,1.41273119999983,37.5378725999999,38.5643339000001,3.5,0.5,0.5,4,3,20,"(2, 0)"
186,7,4,3,2,0,1,0.35,0,1,0,1,38.5719121,39.4251832999998,41.2829667999999,41.2828858,1.85770250000019,43.3950648,44.4028854000001,3.5,0.428571428571429,0.571428571428571,4,4,20,"(0, 1)"
187,8,4,3,2,0,1,0.35,0,1,0,1,44.4126191,45.1710507999999,46.7417149,45.8893014999999,0.718250699999999,48.8519569999999,49.8629595,3.5,0.375,0.625,4,5,20,"(0, 1)"
188,9,4,3,2,0,1,0.35,0,1,0,0,49.8760296999999,51.8595991,53.4548402,52.7855064999999,0.925907399999915,55.5832777000001,56.6157977,3.5,0.333333333333333,0.666666666666667,4,6,20,"(0, 1)"
189,10,4,3,2,1,1,0.5,1,0,0,0,56.7946124999999,58.9886913,60.5873157999999,59.8494306,0.860739299999977,62.7084238,63.7445055999999,3.5,0.3,0.7,4,7,20,"(1, 1)"
190,11,4,3,2,0,1,0.35,0,1,0,0,63.8832812000001,64.6653403,66.2821056999999,65.4655064999999,0.800166199999921,68.3986820999999,69.4164252999999,3.5,0.272727272727273,0.727272727272727,4,8,20,"(0, 1)"
191,12,4,3,2,0,2,0.5,1,0,0,0,69.42498,70.1489706,72.7501037,72.7500243,2.60105369999997,74.8618187,75.8726554,3.5,0.25,0.75,4,9,20,"(0, 2)"
192,13,4,3,2,0,2,0.5,1,1,1,0,75.8805018,76.6022696,78.2147935,77.6655025,1.0632329,80.3221596999999,81.3366123999999,3.5,0.307692307692308,0.692307692307692,4,10,20,"(0, 2)"
193,14,4,3,2,1,2,0.15,0,1,0,0,81.35052,82.1031436000001,84.2408937,84.240812,2.13766839999994,86.3527945999999,87.3607073000001,3.5,0.285714285714286,0.714285714285714,5,10,20,"(1, 2)"
194,15,4,3,2,2,0,0.5,1,0,0,0,87.3724884999999,88.2136806999999,89.6474289,89.6473457,1.43366500000002,91.7710784999999,92.7832541,3.5,0.266666666666667,0.733333333333333,5,11,20,"(2, 0)"
195,16,4,3,2,0,2,0.5,1,0,0,1,92.7954253999999,93.5248881,95.2684772,95.2683941,1.74350600000002,97.3803072999999,98.3885522999999,3.5,0.25,0.75,5,12,20,"(0, 2)"
196,17,4,3,2,1,1,0.5,1,0,0,0,98.3998050999999,99.0991165,100.6631799,100.2972981,1.1981816,102.7926903,103.8176079,3.5,0.235294117647059,0.764705882352941,5,13,20,"(1, 1)"
197,18,4,3,2,0,2,0.5,1,1,1,1,103.8322365,104.5316457,106.2972395,106.2971575,1.76551180000001,108.4089865,109.4369934,3.5,0.277777777777778,0.722222222222222,5,14,20,"(0, 2)"
198,19,4,3,2,1,1,0.5,1,1,1,1,109.4439861,110.185775,111.9561876,111.9561044,1.77032940000004,114.0741366,115.084585,3.5,0.315789473684211,0.684210526315789,6,14,20,"(1, 1)"
199,20,4,3,2,2,2,0.35,0,0,1,1,115.0966307,115.7980309,117.8252536,117.8251722,2.02714130000004,119.9371767,120.9455601,3.5,0.35,0.65,7,14,20,"(2, 2)"
200,21,4,3,2,1,0,0.35,0,0,1,1,120.9573932,121.6541343,123.4750991,122.8733075,1.21917320000011,125.6348077,126.6719741,3.5,0.380952380952381,0.619047619047619,8,14,20,"(1, 0)"
201,22,4,3,2,1,0,0.35,0,0,1,0,127.4548051,128.5096348,130.0849665,129.6415161,1.13188130000003,132.2067425,133.2240942,3.5,0.409090909090909,0.590909090909091,9,14,20,"(1, 0)"
202,23,4,3,2,0,1,0.35,0,0,1,1,133.2348699,134.6499633,136.2213244,135.9694714,1.31950810000012,138.3603705,139.4000857,3.5,0.434782608695652,0.565217391304348,10,14,20,"(0, 1)"
203,24,4,3,2,0,2,0.5,1,1,1,0,139.5875609,140.2982954,141.846914,141.84683,1.54853460000004,143.9705151,144.9928264,3.5,0.458333333333333,0.541666666666667,11,14,20,"(0, 2)"
204,25,4,3,2,0,0,0.15,0,0,1,0,145.0053123,147.2263755,148.8791847,148.6254476,1.39907210000001,151.0199479,152.0601821,3.5,0.48,0.52,12,14,20,"(0, 0)"
205,26,4,3,2,1,1,0.5,1,1,1,1,152.2362025,154.1969667,155.7739746,155.1052596,0.908292900000106,157.8943513,158.9230653,3.5,0.5,0.5,13,14,20,"(1, 1)"
206,27,4,3,2,1,1,0.5,1,1,1,1,159.1265193,160.760787,163.0471534,161.7932147,1.03242769999997,165.2038755,166.2432747,3.5,0.518518518518518,0.481481481481482,14,14,20,"(1, 1)"
207,28,4,3,2,2,2,0.35,0,0,1,1,166.4107209,167.7960404,169.2364518,169.2363674,1.44032700000002,171.3785003,172.4026376,3.5,0.535714285714286,0.464285714285714,15,14,20,"(2, 2)"
208,29,4,3,2,1,1,0.5,1,1,1,1,172.5621722,174.6467616,176.2608227,175.3772695,0.730507900000021,178.3825727,179.4112352,3.5,0.551724137931034,0.448275862068966,16,14,20,"(1, 1)"
209,30,4,3,2,1,1,0.5,1,1,1,1,179.5733514,180.2764154,182.3227478,180.969481,0.693065599999954,184.4617443,185.4977524,3.5,0.566666666666667,0.433333333333333,17,14,20,"(1, 1)"
210,31,4,3,2,1,1,0.5,1,1,1,0,185.6231724,186.5864434,188.8280722,187.1934369,0.606993500000044,190.958827,191.982573,3.5,0.580645161290323,0.419354838709677,18,14,20,"(1, 1)"
211,32,4,3,2,1,0,0.35,0,0,1,1,192.0957059,193.4037253,195.0091515,194.4574168,1.05369150000001,197.1490627,198.1682131,3.5,0.59375,0.40625,19,14,20,"(1, 0)"
212,33,4,3,2,0,1,0.35,0,0,1,1,198.2403427,198.9858544,200.5498365,200.1612675,1.17541310000001,202.6784034,203.6899105,3.5,0.606060606060606,0.393939393939394,20,14,20,"(0, 1)"
213,34,4,3,2,1,2,0.15,0,0,1,1,203.6976039,205.457098,208.105435,206.6495349,1.19243690000008,210.2662435,211.3170332,3.5,0.617647058823529,0.382352941176471,21,14,20,"(1, 2)"
214,35,4,3,2,2,2,0.35,0,0,1,1,211.4869442,212.5907699,214.165299,213.7774202,1.18665030000011,216.284159,217.3016619,3.5,0.628571428571429,0.371428571428571,22,14,20,"(2, 2)"
215,36,4,3,2,1,1,0.5,1,1,1,1,217.3212174,219.1789696,221.4732431,219.9614315,0.782461900000044,223.6122894,224.6542745,3.5,0.638888888888889,0.361111111111111,23,14,20,"(1, 1)"
216,37,4,3,2,1,0,0.35,0,0,1,0,224.8525919,226.0027809,227.6322662,226.9612545,0.958473599999934,229.750643,230.7792194,3.5,0.648648648648649,0.351351351351351,24,14,20,"(1, 0)"
217,38,4,3,2,0,2,0.5,1,1,1,1,230.8285268,232.7588302,234.34499,233.825234,1.06640379999999,236.4807093,237.5138758,3.5,0.657894736842105,0.342105263157895,25,14,20,"(0, 2)"
218,39,4,3,2,2,0,0.5,1,1,1,1,237.6979357,239.1775144,241.337616,240.1774491,0.999934699999812,243.4949378,244.5481562,3.5,0.666666666666667,0.333333333333333,26,14,20,"(2, 0)"
219,40,4,3,2,0,2,0.5,1,1,1,0,244.697269,245.687855,247.698954,246.4894454,0.801590400000123,249.8301861,250.8549255,3.5,0.675,0.325,27,14,20,"(0, 2)"
220,41,4,3,2,2,0,0.5,1,1,1,1,250.9280484,252.0904724,254.3095873,253.0094103,0.918937899999946,256.4641356,257.5106119,3.5,0.682926829268293,0.317073170731707,28,14,20,"(2, 0)"
221,42,4,3,2,2,0,0.5,1,1,1,1,257.7006264,259.5679329,261.057696,261.0575983,1.48966539999992,263.1962541,264.2236851,3.5,0.69047619047619,0.30952380952381,29,14,20,"(2, 0)"
222,43,4,3,2,1,1,0.5,1,1,1,0,264.3707613,265.2655723,266.8391185,266.1132095,0.847637200000008,268.9466892,269.9597262,3.5,0.697674418604651,0.302325581395349,30,14,20,"(1, 1)"
223,44,4,3,2,1,0,0.35,0,0,1,1,269.9743045,270.8783989,272.4618127,271.7294276,0.851028700000143,274.5687934,275.6045183,3.5,0.704545454545455,0.295454545454545,31,14,20,"(1, 0)"
224,45,4,3,2,2,0,0.5,1,1,1,1,275.6220519,277.5242994,279.15886,278.3532344,0.828935000000001,281.2784385,282.3135488,3.5,0.711111111111111,0.288888888888889,32,14,20,"(2, 0)"
225,46,4,3,2,1,0,0.35,0,0,1,0,282.4943212,283.2570095,285.5559434,284.3452258,1.08821630000011,287.7205023,288.7622034,3.5,0.717391304347826,0.282608695652174,33,14,20,"(1, 0)"
226,47,4,3,2,2,2,0.35,0,0,1,1,288.9651799,289.6994018,291.7754385,291.7753554,2.07595359999982,293.8874241,294.8954533,3.5,0.723404255319149,0.276595744680851,34,14,20,"(2, 2)"
227,48,4,3,2,2,0,0.5,1,1,1,1,294.9028058,296.1080022,298.6542978,297.3054486,1.19744639999999,300.8238045,301.8642131,3.5,0.729166666666667,0.270833333333333,35,14,20,"(2, 0)"
228,49,4,3,2,0,0,0.15,0,0,1,1,302.0569874,303.1085346,304.514451,304.5143687,1.40583409999999,306.642025,307.666731,3.5,0.73469387755102,0.26530612244898,36,14,20,"(0, 0)"
229,50,4,3,2,2,2,0.35,0,0,1,0,307.6788793,309.8531574,311.8077725,311.8076895,1.95453210000005,313.9304475,314.9677824,3.5,0.74,0.26,37,14,20,"(2, 2)"
230,51,4,3,2,0,0,0.15,0,0,1,0,315.1352062,315.8561623,318.1437854,317.041218,1.18505569999979,320.2970337,321.334463,3.5,0.745098039215686,0.254901960784314,38,14,20,"(0, 0)"
231,52,4,3,2,0,2,0.5,1,1,1,1,321.4930856,322.5876831,324.9376471,323.4014691,0.813785999999709,327.080839,328.1133522,3.5,0.75,0.25,39,14,20,"(0, 2)"
232,53,4,3,2,2,0,0.5,1,1,1,1,328.3008434,329.3905179,330.963282,330.3774439,0.986926000000039,333.0801619,334.1017957,3.5,0.754716981132076,0.245283018867924,40,14,20,"(2, 0)"
233,54,4,3,2,1,2,0.15,0,0,1,1,334.1159702,335.0330928,337.0480184,336.0014052,0.968312400000286,339.1558365,340.1753448,3.5,0.759259259259259,0.240740740740741,41,14,20,"(1, 2)"
234,55,4,3,2,1,0,0.35,0,0,1,0,340.2034988,340.9896499,342.5687465,341.8013828,0.811732899999697,344.6723871,345.688102,3.5,0.763636363636364,0.236363636363636,42,14,20,"(1, 0)"
235,56,4,3,2,2,0,0.5,1,1,1,1,345.7267218,346.881054,348.652175,348.6520871,1.77103309999984,350.7701793,351.7918257,3.5,0.767857142857143,0.232142857142857,43,14,20,"(2, 0)"
236,57,4,3,2,0,1,0.35,0,0,1,1,351.8185918,352.8049144,355.1010774,355.1009957,2.29608129999997,357.2135384,358.2209227,3.5,0.771929824561403,0.228070175438597,44,14,20,"(0, 1)"
237,58,4,3,2,2,1,0.15,0,0,1,1,358.2385117,359.054282,360.6406257,360.6405415,1.58625949999987,362.7642576,363.7749006,3.5,0.775862068965517,0.224137931034483,45,14,20,"(2, 1)"
238,59,4,3,2,0,2,0.5,1,1,1,1,363.7872135,365.4938997,367.8243495,366.3453895,0.851489799999854,369.9607424,371.0080266,3.5,0.779661016949153,0.220338983050847,46,14,20,"(0, 2)"
239,60,4,3,2,2,2,0.35,0,0,1,0,371.1833479,372.3253531,373.9232594,373.2412147,0.915861599999971,376.0315686,377.0547352,3.5,0.783333333333333,0.216666666666667,47,14,20,"(2, 2)"
0,1,1,0,2,1,1,0.15,0,0,1,1,0.0114892000000282,0.663888100000008,2.15020049999998,1.85171769999999,1.18782959999999,4.28189839999999,5.29463750000002,3.5,1.0,0.0,1,1,11,"(1, 1)"
1,2,1,0,2,1,0,0.35,0,0,1,1,5.44391519999999,6.07628340000002,7.55243389999998,7.11561879999999,1.03933539999997,9.65930679999997,10.6670866000001,3.5,1.0,0.0,2,1,11,"(1, 0)"
2,3,1,0,2,2,0,0.5,1,1,1,0,10.7398879,11.3689387000001,12.8472178000001,12.3634886,0.994549899999924,14.9498515,15.9656632,3.5,1.0,0.0,3,1,11,"(2, 0)"
3,4,1,0,2,1,2,0.5,1,0,0,1,15.9821386,16.5919945000001,18.0747049,17.5076359,0.915641399999913,20.1813319,21.2036269,3.5,0.75,0.25,4,1,11,"(1, 2)"
4,5,1,0,2,2,2,0.15,0,1,0,0,21.2144054,21.8444531,23.3311709,22.7714232,0.926970099999949,25.4421495,26.4602192,3.5,0.6,0.4,4,2,11,"(2, 2)"
5,6,1,0,2,0,1,0.5,1,1,1,1,26.4827790000001,27.1073061,28.5866277,28.0116502,0.904344100000003,30.6905001,31.7002007,3.5,0.666666666666667,0.333333333333333,4,3,11,"(0, 1)"
6,7,1,0,2,1,2,0.5,1,0,0,0,31.7066981,32.3368861,33.8224594,33.1075825,0.77069640000002,35.9283855,36.9345427000001,3.5,0.571428571428571,0.428571428571429,5,3,11,"(1, 2)"
7,8,1,0,2,0,1,0.5,1,1,1,0,36.9402441,37.5787457,39.0591548,38.435596,0.856850300000019,41.1674848,42.1747681000001,3.5,0.625,0.375,5,4,11,"(0, 1)"
8,9,1,0,2,2,0,0.5,1,1,1,1,42.1815399,42.8060885,44.2866525000001,43.8594041,1.05331560000002,46.3979497,47.403266,3.5,0.666666666666667,0.333333333333333,6,4,11,"(2, 0)"
9,10,1,0,2,2,2,0.15,0,0,1,1,47.4100673,48.0326244,49.521477,48.8275788,0.794954399999938,51.6314326,52.6560000000001,3.5,0.7,0.3,7,4,11,"(2, 2)"
10,11,1,0,2,2,0,0.5,1,0,0,1,52.6619212000001,53.288481,54.749192,54.7490327,1.4605517,56.8732051000001,57.8872986,3.5,0.636363636363636,0.363636363636364,8,4,11,"(2, 0)"
11,12,1,0,2,1,1,0.15,0,1,0,0,57.8929846,58.4997713,59.9769479,59.411375,0.911603700000001,62.0816170000001,63.0878089,3.5,0.583333333333333,0.416666666666667,8,5,11,"(1, 1)"
12,13,1,0,2,1,0,0.35,0,1,0,0,63.0946262,63.733069,65.2137777,64.5875009,0.854431900000009,67.3196612,68.3374602,3.5,0.538461538461538,0.461538461538462,8,6,11,"(1, 0)"
13,14,1,0,2,1,2,0.5,1,0,0,0,68.3438834,68.9833011000001,70.4609577,69.9395187,0.956217599999945,72.5752622,73.5911318,3.5,0.5,0.5,8,7,11,"(1, 2)"
14,15,1,0,2,0,1,0.5,1,1,1,1,73.5983999,74.2238254,75.7064653,75.1074033,0.883577899999977,77.8086416,78.8178759,3.5,0.533333333333333,0.466666666666667,8,8,11,"(0, 1)"
15,16,1,0,2,2,1,0.35,0,0,1,1,78.824397,79.4631109000001,80.9456031,80.2755327,0.812421799999925,83.0505489,84.0582993,3.5,0.5625,0.4375,9,8,11,"(2, 1)"
16,17,1,0,2,2,2,0.15,0,0,1,0,84.0726164,84.7039841,86.1839327,85.4753293,0.771345200000042,88.2926753,89.2991299,3.5,0.588235294117647,0.411764705882353,10,8,11,"(2, 2)"
17,18,1,0,2,1,2,0.5,1,1,1,1,89.3055893000001,89.9422525,91.4233936000001,91.1715849,1.22933239999998,93.5559848,94.5630304,3.5,0.611111111111111,0.388888888888889,11,8,11,"(1, 2)"
18,19,1,0,2,1,2,0.5,1,1,1,0,94.5687663,95.1935782,96.6697835,95.8435573,0.649979099999996,98.7729136,99.7934428,3.5,0.631578947368421,0.368421052631579,12,8,11,"(1, 2)"
19,20,1,0,2,1,0,0.35,0,0,1,1,99.8006918,100.4392061,101.9161584,101.2833125,0.844106399999987,104.0184088,105.0261436,3.5,0.65,0.35,13,8,11,"(1, 0)"
20,21,1,0,2,0,1,0.5,1,1,1,0,105.0337,105.6587406,107.1404826,106.435318,0.776577400000065,109.2512228,110.2691777,3.5,0.666666666666667,0.333333333333333,14,8,11,"(0, 1)"
21,22,1,0,2,2,0,0.5,1,1,1,1,110.2756932,110.891138,112.3693001,112.0835115,1.19237350000003,114.496551,115.5030804,3.5,0.681818181818182,0.318181818181818,15,8,11,"(2, 0)"
22,23,1,0,2,1,2,0.5,1,1,1,1,115.5176616,116.1572582,117.6356148,117.1474805,0.990222300000028,119.7392756,120.7624621,3.5,0.695652173913043,0.304347826086957,16,8,11,"(1, 2)"
23,24,1,0,2,0,0,0.15,0,0,1,0,120.7697304,121.4042646,122.8821206,122.4913666,1.08710199999996,125.0092865,126.0235048,3.5,0.708333333333333,0.291666666666667,17,8,11,"(0, 0)"
24,25,1,0,2,2,0,0.5,1,1,1,1,126.0300251,126.66809,128.1456333,127.5873718,0.919281800000022,130.2487317,131.268568,3.5,0.72,0.28,18,8,11,"(2, 0)"
25,26,1,0,2,2,0,0.5,1,1,1,1,131.2760136,131.90751,133.3922804,133.2512588,1.34374879999996,135.5244811,136.5357818,3.5,0.730769230769231,0.269230769230769,19,8,11,"(2, 0)"
26,27,1,0,2,1,0,0.35,0,0,1,1,136.5431006,137.1594298,138.6455909,138.0194625,0.860032700000033,140.7487485,141.7693333,3.5,0.740740740740741,0.259259259259259,20,8,11,"(1, 0)"
27,28,1,0,2,1,1,0.15,0,1,0,0,141.7766692,142.4170715,143.9030227,143.3233651,0.906293600000026,146.0087304,147.0242256,3.5,0.714285714285714,0.285714285714286,21,8,11,"(1, 1)"
28,29,1,0,2,2,1,0.35,0,0,1,1,147.0316731,147.6651082,149.2228727,149.2227865,1.55767830000002,151.346601,152.3683911,3.5,0.724137931034483,0.275862068965517,21,9,11,"(2, 1)"
29,30,1,0,2,1,2,0.5,1,1,1,1,152.3828958,153.0119094,154.5258289,154.2593776,1.24746819999996,156.6554147,157.6659204,3.5,0.733333333333333,0.266666666666667,22,9,11,"(1, 2)"
30,31,1,0,2,1,2,0.5,1,1,1,1,157.6733914,158.3130076,159.9077991,158.995309,0.682301400000028,162.0166946,163.0324061,3.5,0.741935483870968,0.258064516129032,23,9,11,"(1, 2)"
31,32,1,0,2,1,0,0.35,0,0,1,0,163.0396899,163.7717907,165.3825285,164.3633897,0.591598999999974,167.4901911,168.5111563,3.5,0.75,0.25,24,9,11,"(1, 0)"
32,33,1,0,2,0,0,0.15,0,1,0,1,168.5178814,169.2454273,171.1057618,171.1056746,1.86024730000008,173.2175979,174.2285601,3.5,0.727272727272727,0.272727272727273,25,9,11,"(0, 0)"
33,34,1,0,2,0,1,0.5,1,1,1,1,174.2358675,174.9707856,176.56643,175.8193661,0.848580500000025,178.6689605,179.6889826,3.5,0.735294117647059,0.264705882352941,25,10,11,"(0, 1)"
34,35,1,0,2,0,2,0.35,0,0,1,1,179.6954501,180.421118,182.0065716,181.0513451,0.63022710000007,184.1117409,185.1279191,3.5,0.742857142857143,0.257142857142857,26,10,11,"(0, 2)"
35,36,1,0,2,1,0,0.35,0,1,0,0,185.1424192,185.8796013,187.4682114,186.6993423,0.819741000000022,189.575228,190.5825931,3.5,0.722222222222222,0.277777777777778,27,10,11,"(1, 0)"
36,37,1,0,2,0,1,0.5,1,1,1,0,190.5891215,191.298954,192.886443,192.1791566,0.880202600000075,194.9928419,196.0184761,3.5,0.72972972972973,0.27027027027027,27,11,11,"(0, 1)"
37,38,1,0,2,0,1,0.5,1,1,1,1,196.0250477,196.7380544,198.339473,197.3792718,0.64121739999996,200.4417301,201.4479542,3.5,0.736842105263158,0.263157894736842,28,11,11,"(0, 1)"
38,39,1,0,2,1,0,0.35,0,0,1,1,201.4549103,202.1695851,203.7501388,202.6752735,0.50568839999994,205.8555653,206.8809922,3.5,0.743589743589744,0.256410256410256,29,11,11,"(1, 0)"
39,40,1,0,2,0,2,0.35,0,0,1,0,206.8877681,207.6036668,209.1846651,208.4511407,0.847473899999954,211.2991942,212.3045054,3.5,0.75,0.25,30,11,11,"(0, 2)"
40,41,1,0,2,2,0,0.5,1,0,0,0,212.3106202,213.0235248,214.6101675,213.6192453,0.59572049999997,216.7123682,217.7313676,3.5,0.731707317073171,0.268292682926829,31,11,11,"(2, 0)"
41,42,1,0,2,0,0,0.15,0,0,1,1,217.7459441,218.4514698,220.0423622,219.3473175,0.89584769999999,222.1442917,223.149353,3.5,0.738095238095238,0.261904761904762,31,12,11,"(0, 0)"
42,43,1,0,2,0,2,0.35,0,0,1,1,223.1551377,223.883335,225.464857,224.6910694,0.807734400000072,227.5670478,228.5748695,3.5,0.744186046511628,0.255813953488372,32,12,11,"(0, 2)"
43,44,1,0,2,2,0,0.5,1,1,1,0,228.5814639,229.2934608,230.8735178,230.1633258,0.869865000000004,232.9775173,233.9825495,3.5,0.75,0.25,33,12,11,"(2, 0)"
44,45,1,0,2,2,1,0.35,0,0,1,0,233.9883148,234.7157267,236.2958759,235.6832655,0.967538800000057,238.3980255,239.4047632,3.5,0.755555555555556,0.244444444444444,34,12,11,"(2, 1)"
45,46,1,0,2,2,1,0.35,0,0,1,0,239.4114269,240.127755,241.7144773,240.9311733,0.803418299999976,243.818531,244.8429906,3.5,0.760869565217391,0.239130434782609,35,12,11,"(2, 1)"
46,47,1,0,2,0,2,0.35,0,0,1,1,244.8495443,245.5815905,247.1723951,246.403291,0.821700499999906,249.2859571,250.292055,3.5,0.765957446808511,0.234042553191489,36,12,11,"(0, 2)"
47,48,1,0,2,0,2,0.35,0,0,1,1,250.2986971,251.0132251,252.6032241,251.7071917,0.693966600000067,254.7161651,255.7378394,3.5,0.770833333333333,0.229166666666667,37,12,11,"(0, 2)"
48,49,1,0,2,2,0,0.5,1,1,1,1,255.7526244,256.4938712,258.0733579,257.2670823,0.773211099999912,260.1764078,261.1824709,3.5,0.775510204081633,0.224489795918367,38,12,11,"(2, 0)"
49,50,1,0,2,1,2,0.5,1,0,0,0,261.1892305,261.9157955,263.4955053,262.8991752,0.9833797,265.6012448,266.6182431,3.5,0.76,0.24,39,12,11,"(1, 2)"
50,51,1,0,2,1,2,0.5,1,1,1,1,266.6241391,267.3374623,268.9134804,267.9790085,0.641546199999993,271.016878,272.0406364,3.5,0.764705882352941,0.235294117647059,39,13,11,"(1, 2)"
51,52,1,0,2,2,1,0.35,0,1,0,1,272.0479079,272.757904,274.3348062,273.5229907,0.765086699999983,276.4452923,277.4515785,3.5,0.75,0.25,40,13,11,"(2, 1)"
52,53,1,0,2,0,2,0.35,0,0,1,1,277.4592122,278.1691386,279.760735,278.9551346,0.785996000000068,281.8665715,282.8862516,3.5,0.754716981132076,0.245283018867924,40,14,11,"(0, 2)"
53,54,1,0,2,2,1,0.35,0,0,1,1,282.8923517,283.6089978,285.1891166,284.3951224,0.786124599999994,287.2990467,288.3052327,3.5,0.759259259259259,0.240740740740741,41,14,11,"(2, 1)"
54,55,1,0,2,0,1,0.5,1,1,1,1,288.3198559,289.0459788,290.6316174,290.3869665,1.34098769999991,292.7464761,293.761074,3.5,0.763636363636364,0.236363636363636,42,14,11,"(0, 1)"
55,56,1,0,2,2,0,0.5,1,1,1,1,293.7670152,294.5015309,296.0945296,295.3230476,0.821516699999961,298.1996883,299.2109574,3.5,0.767857142857143,0.232142857142857,43,14,11,"(2, 0)"
56,57,1,0,2,2,1,0.35,0,0,1,1,299.2167128,299.9295942,301.504113,301.0109564,1.08136220000006,303.6241229,304.6416109,3.5,0.771929824561403,0.228070175438597,44,14,11,"(2, 1)"
57,58,1,0,2,0,1,0.5,1,1,1,1,304.6489079,305.3572518,306.9415468,305.9631264,0.605874599999993,309.0448189,310.0647002,3.5,0.775862068965517,0.224137931034483,45,14,11,"(0, 1)"
58,59,1,0,2,0,1,0.5,1,1,1,0,310.0707251,310.8000772,312.4019744,311.4669309,0.666853699999933,314.5040112,315.5102926,3.5,0.779661016949153,0.220338983050847,46,14,11,"(0, 1)"
59,60,1,0,2,0,2,0.35,0,0,1,0,315.5175682,316.2441264,317.8380214,316.8588929,0.614766499999973,319.9414463,320.9486492,3.5,0.783333333333333,0.216666666666667,47,14,11,"(0, 2)"
60,1,2,1,0,2,1,0.35,0,1,0,0,0.0001297999999678,0.730568299999959,2.99496840000006,2.99487810000005,2.26430980000009,5.10670879999998,6.11546729999998,3.5,0.0,1.0,1,1,11,"(2, 1)"
61,2,2,1,0,2,1,0.35,0,1,0,0,6.12733200000002,6.84389069999997,8.50723430000005,7.71463330000006,0.870742600000085,10.6095117,11.6215113,3.5,0.0,1.0,1,2,11,"(2, 1)"
62,3,2,1,0,2,1,0.35,0,0,1,1,11.6318639,12.3294728,13.9191676,13.0106611,0.681188300000031,16.0316303,17.0467505,3.5,0.333333333333333,0.666666666666667,1,3,11,"(2, 1)"
63,4,2,1,0,0,0,0.15,0,1,0,0,17.0540018,17.698815,19.2586256,18.7866834,1.08786840000005,21.386967,22.3980757,3.5,0.25,0.75,2,3,11,"(0, 0)"
64,5,2,1,0,1,1,0.15,0,0,1,1,22.40448,23.1170048,24.7069952000001,23.9148697000001,0.797864900000036,26.8186351000001,27.8354851,3.5,0.4,0.6,2,4,11,"(1, 1)"
65,6,2,1,0,2,0,0.5,1,0,0,0,27.849911,28.5927166,30.1604265,29.706644,1.11392739999997,32.265595,33.272364,3.5,0.333333333333333,0.666666666666667,3,4,11,"(2, 0)"
66,7,2,1,0,0,2,0.35,0,0,1,0,33.2796510000001,33.9969885,35.9097187,35.9095525,1.91256399999997,38.0213107,39.0300049,3.5,0.428571428571429,0.571428571428571,3,5,11,"(0, 2)"
67,8,2,1,0,1,0,0.35,0,1,0,1,39.0372654,39.7268234000001,41.3168715,40.9788267,1.25200329999996,43.4438796000001,44.4551157,3.5,0.375,0.625,4,5,11,"(1, 0)"
68,9,2,1,0,1,2,0.5,1,0,0,0,44.461625,45.1757282,46.7621181,45.7466032,0.570875000000001,48.8712995,49.8773653,3.5,0.333333333333333,0.666666666666667,4,6,11,"(1, 2)"
69,10,2,1,0,0,1,0.5,1,0,0,1,49.883063,50.6005396,52.1553046,51.4188101,0.818270499999926,54.257521,55.2737951,3.5,0.3,0.7,4,7,11,"(0, 1)"
70,11,2,1,0,2,1,0.35,0,0,1,0,55.2796846,56.0118056,57.6163856000001,57.0907113,1.07890569999995,59.7420084,60.7570117,3.5,0.363636363636364,0.636363636363636,4,8,11,"(2, 1)"
71,12,2,1,0,1,1,0.15,0,1,0,0,60.7636217,61.4739254,63.0736533,62.4987457,1.02482029999999,65.1767284,66.1922138,3.5,0.333333333333333,0.666666666666667,5,8,11,"(1, 1)"
72,13,2,1,0,0,1,0.5,1,1,1,1,66.2064741,66.9304764,68.5026587,67.4425306000001,0.51205420000008,70.6091398,71.6250119,3.5,0.384615384615385,0.615384615384615,5,9,11,"(0, 1)"
73,14,2,1,0,2,1,0.35,0,0,1,1,71.6316666,72.3709081,73.9522423,73.0507323,0.679824200000098,76.0575834,77.0786818,3.5,0.428571428571429,0.571428571428571,6,9,11,"(2, 1)"
74,15,2,1,0,0,1,0.5,1,0,0,0,77.084734,77.8166422,79.4057652,78.5225032,0.705860999999913,81.5077107,82.5138865,3.5,0.4,0.6,7,9,11,"(0, 1)"
75,16,2,1,0,1,2,0.5,1,0,0,1,82.5198126,83.2078212,84.7888855,84.1144982,0.906676999999945,86.8923117000001,87.909995,3.5,0.375,0.625,7,10,11,"(1, 2)"
76,17,2,1,0,0,2,0.35,0,1,0,0,87.9159359,88.6473647,90.2001626,89.1224906,0.475125899999966,92.3112519,93.3344704,3.5,0.352941176470588,0.647058823529412,7,11,11,"(0, 2)"
77,18,2,1,0,1,0,0.35,0,0,1,0,93.3407197,94.056588,95.648824,95.2584724,1.20188439999993,97.7750267,98.7821481,3.5,0.388888888888889,0.611111111111111,7,12,11,"(1, 0)"
78,19,2,1,0,2,0,0.5,1,0,0,0,98.7964743,99.5068575,101.097566,100.4266923,0.91983479999999,103.199751,104.208948,3.5,0.368421052631579,0.631578947368421,8,12,11,"(2, 0)"
79,20,2,1,0,0,1,0.5,1,0,0,0,104.2155638,104.9395836,106.5195852,106.3145264,1.37494279999999,108.6391002,109.6564082,3.5,0.35,0.65,8,13,11,"(0, 1)"
80,21,2,1,0,0,2,0.35,0,1,0,0,109.6638391,110.3864729,111.9690119,111.0184544,0.631981499999938,114.0772052,115.0848537,3.5,0.333333333333333,0.666666666666667,8,14,11,"(0, 2)"
81,22,2,1,0,1,2,0.5,1,1,1,1,115.0923282,115.7798358,117.3928722,116.5224606,0.742624800000044,119.4951598,120.5133186,3.5,0.363636363636364,0.636363636363636,8,15,11,"(1, 2)"
82,23,2,1,0,2,0,0.5,1,0,0,0,120.5205371,121.2105321,122.7957102,122.3865807,1.17604859999994,124.9283477,125.9335102,3.5,0.347826086956522,0.652173913043478,9,15,11,"(2, 0)"
83,24,2,1,0,1,0,0.35,0,0,1,1,125.940841,126.6320296,128.2170672,127.7944384,1.16240879999998,130.342419,131.3487892,3.5,0.375,0.625,9,16,11,"(1, 0)"
84,25,2,1,0,1,0,0.35,0,0,1,1,131.363481,132.0912162,133.6778469,132.810403,0.719186799999989,135.7836484,136.7957243,3.5,0.4,0.6,10,16,11,"(1, 0)"
85,26,2,1,0,0,0,0.15,0,1,0,1,136.8017663,137.5294821,139.121396,138.1223925,0.592910400000051,141.2289777,142.249982,3.5,0.384615384615385,0.615384615384615,11,16,11,"(0, 0)"
86,27,2,1,0,0,2,0.35,0,0,1,1,142.2572648,142.9847563,144.5779112,143.6185532,0.633796900000107,146.6883616,147.7112116,3.5,0.407407407407407,0.592592592592593,11,17,11,"(0, 2)"
87,28,2,1,0,1,2,0.5,1,1,1,0,147.718592,148.466792,150.0541246,148.9143862,0.447594199999912,152.1678237,153.1729833,3.5,0.428571428571429,0.571428571428571,12,17,11,"(1, 2)"
88,29,2,1,0,1,2,0.5,1,1,1,0,153.1796058,153.9072472,155.5122141,154.538532,0.631284800000003,157.6264602,158.632451,3.5,0.448275862068966,0.551724137931034,13,17,11,"(1, 2)"
89,30,2,1,0,1,0,0.35,0,0,1,0,158.6398069,159.3726258,160.9558192,159.9863677,0.613741899999923,163.0580659,164.0661713,3.5,0.466666666666667,0.533333333333333,14,17,11,"(1, 0)"
90,31,2,1,0,1,0,0.35,0,0,1,1,164.0739514,164.8048454,166.5138574,165.3943486,0.589503199999854,168.6312216,169.6559023,3.5,0.483870967741935,0.516129032258065,15,17,11,"(1, 0)"
91,32,2,1,0,2,0,0.5,1,0,0,1,169.671915,170.523807,172.233189,171.29847,0.774663000000146,174.3382329,175.3516847,3.5,0.46875,0.53125,16,17,11,"(2, 0)"
92,33,2,1,0,0,1,0.5,1,0,0,0,175.3575317,176.0572768,177.6116019,176.6504862,0.593209399999978,179.7138535,180.7321292,3.5,0.454545454545455,0.545454545454545,16,18,11,"(0, 1)"
93,34,2,1,0,2,0,0.5,1,0,0,0,180.7386036,181.4309025,183.0001193,182.5625592,1.13165669999989,185.1317551,186.1536343,3.5,0.441176470588235,0.558823529411765,16,19,11,"(2, 0)"
94,35,2,1,0,1,2,0.5,1,1,1,1,186.1609569,186.8661088,188.4679482,187.7064946,0.840385799999922,190.5757509,191.5884531,3.5,0.457142857142857,0.542857142857143,16,20,11,"(1, 2)"
95,36,2,1,0,2,0,0.5,1,1,1,1,191.5940744,192.3236476,193.8864676,193.6983376,1.37468999999987,196.0093398,197.0276298,3.5,0.472222222222222,0.527777777777778,17,20,11,"(2, 0)"
96,37,2,1,0,2,0,0.5,1,0,0,1,197.0342655,197.734885,199.4412847,199.4409775,1.70609250000007,201.5497321,202.5736813,3.5,0.459459459459459,0.540540540540541,18,20,11,"(2, 0)"
97,38,2,1,0,2,2,0.15,0,1,0,0,202.5883354,203.2698129,204.8546792,204.5705481,1.30073520000019,206.9825829,208.0029114,3.5,0.447368421052632,0.552631578947368,18,21,11,"(2, 2)"
98,39,2,1,0,2,2,0.15,0,0,1,1,208.0094225,208.7232841,210.2806632,209.3702876,0.647003499999983,212.3917709,213.3978242,3.5,0.461538461538462,0.538461538461538,18,22,11,"(2, 2)"
99,40,2,1,0,2,0,0.5,1,0,0,1,213.4037064,214.1037682,215.6899467,215.3462832,1.24251499999991,217.8194202,218.8268816,3.5,0.45,0.55,19,22,11,"(2, 0)"
100,41,2,1,0,0,2,0.35,0,0,1,1,218.832616,219.5439092,221.1058794,220.2104964,0.666587199999867,223.2199305,224.2292419,3.5,0.463414634146341,0.536585365853659,19,23,11,"(0, 2)"
101,42,2,1,0,0,2,0.35,0,0,1,1,224.2350222,224.9504715,226.5057773,225.6182686,0.667797100000143,228.6155193,229.6387044,3.5,0.476190476190476,0.523809523809524,20,23,11,"(0, 2)"
102,43,2,1,0,2,1,0.35,0,1,0,0,229.644636,230.3611613,231.9325731,231.2742448,0.913083500000084,234.0461277,235.052197,3.5,0.465116279069767,0.534883720930233,21,23,11,"(2, 1)"
103,44,2,1,0,1,2,0.5,1,1,1,1,235.0667107,235.8000504,237.3887117,236.4663907,0.666340300000002,239.4940396,240.5168873,3.5,0.477272727272727,0.522727272727273,21,24,11,"(1, 2)"
104,45,2,1,0,0,2,0.35,0,0,1,1,240.5234435,241.2561807,242.8383086,241.9144873,0.658306599999833,244.9468572,245.9529422,3.5,0.488888888888889,0.511111111111111,22,24,11,"(0, 2)"
105,46,2,1,0,1,1,0.15,0,0,1,1,245.9586088,246.6766596,248.2371449,247.2823655,0.605705899999975,250.343274,251.3493849,3.5,0.5,0.5,23,24,11,"(1, 1)"
106,47,2,1,0,0,1,0.5,1,0,0,0,251.3558371,252.0697488,253.6514438,252.7224118,0.652663000000075,255.7648245,256.7708067,3.5,0.48936170212766,0.51063829787234,24,24,11,"(0, 1)"
107,48,2,1,0,2,1,0.35,0,1,0,0,256.7773065,257.4656026,259.0685737,258.0501984,0.584595800000216,261.1717043,262.1855071,3.5,0.479166666666667,0.520833333333333,24,25,11,"(2, 1)"
108,49,2,1,0,0,1,0.5,1,0,0,0,262.1929914,262.9170186,264.4760845,263.5223577,0.605339100000037,266.5829933,267.6032786,3.5,0.469387755102041,0.530612244897959,24,26,11,"(0, 1)"
109,50,2,1,0,0,1,0.5,1,0,0,0,267.6100266,268.2989188,269.8560184,268.7463715,0.447452699999985,271.9598137,272.9802037,3.5,0.46,0.54,24,27,11,"(0, 1)"
110,51,2,1,0,0,0,0.15,0,0,1,1,272.9948194,273.7118459,275.3261243,274.6901619,0.97831599999995,277.4301134,278.4545694,3.5,0.470588235294118,0.529411764705882,24,28,11,"(0, 0)"
111,52,2,1,0,2,0,0.5,1,0,0,1,278.4619798,279.1542884,280.7535877,280.1141831,0.959894700000177,282.856115,283.8719564,3.5,0.461538461538462,0.538461538461538,25,28,11,"(2, 0)"
112,53,2,1,0,0,1,0.5,1,1,1,0,283.878986,284.6051163,286.2160179,285.2263741,0.621257799999967,288.3294419,289.3541706,3.5,0.471698113207547,0.528301886792453,25,29,11,"(0, 1)"
113,54,2,1,0,2,2,0.15,0,0,1,1,289.3632415,290.0874049,291.701023,290.8901344,0.802729499999941,293.8058505,294.8123474,3.5,0.481481481481481,0.518518518518519,26,29,11,"(2, 2)"
114,55,2,1,0,1,2,0.5,1,1,1,1,294.820191,295.553767,297.1619883,296.1463388,0.592571800000087,299.2653956,300.27339,3.5,0.490909090909091,0.509090909090909,27,29,11,"(1, 2)"
115,56,2,1,0,1,2,0.5,1,0,0,0,300.2821471,300.9990714,302.5678332,302.3463255,1.3472541000001,304.6827281,305.6996249,3.5,0.482142857142857,0.517857142857143,28,29,11,"(1, 2)"
116,57,2,1,0,0,1,0.5,1,0,0,1,305.7249893,306.4590471,308.0429597,307.8261181,1.3670709999999,310.1711716,311.1829429,3.5,0.473684210526316,0.526315789473684,28,30,11,"(0, 1)"
117,58,2,1,0,1,0,0.35,0,0,1,0,311.1906865,311.93583,313.5288671,313.186301,1.25047100000006,315.6828224,316.729394,3.5,0.482758620689655,0.517241379310345,28,31,11,"(1, 0)"
118,59,2,1,0,1,2,0.5,1,1,1,1,316.9370554,318.135278,319.8447695,318.6983603,0.563082299999905,321.9831037,323.0175959,3.5,0.491525423728814,0.508474576271186,29,31,11,"(1, 2)"
119,60,2,1,0,2,0,0.5,1,1,1,0,323.1402264,324.1174977,325.7969726,324.8422987,0.72480100000007,327.9416963,328.9800761,3.5,0.5,0.5,30,31,11,"(2, 0)"
120,1,3,2,3,0,2,0.35,0,0,1,1,0.0016812000001209,0.728496600000199,2.28881490000003,1.68743590000008,0.958939299999884,4.40219420000017,5.42923170000017,3.5,1.0,0.0,1,1,11,"(0, 2)"
121,2,3,2,3,1,2,0.5,1,1,1,1,5.47747709999999,6.19936610000013,7.8704851,7.8704037,1.67103759999986,9.99695610000003,11.0180984000001,3.5,1.0,0.0,2,1,11,"(1, 2)"
122,3,3,2,3,1,2,0.5,1,1,1,1,11.1807147000002,11.8709897000001,14.4499486000002,12.5674106000001,0.696420900000021,16.6056157,17.6471395000001,3.5,1.0,0.0,3,1,11,"(1, 2)"
123,4,3,2,3,0,2,0.35,0,1,0,1,17.8400713000001,18.8538067000002,20.4645527,19.5755717000002,0.721765000000005,22.5784381000001,23.6118354,3.5,0.75,0.25,4,1,11,"(0, 2)"
124,5,3,2,3,1,0,0.35,0,0,1,1,23.6184679,24.4090559000001,26.8544705000002,25.2233837000001,0.814327800000001,29.0042876,30.0551024000001,3.5,0.8,0.2,4,2,11,"(1, 0)"
125,6,3,2,3,0,1,0.5,1,0,0,0,30.2233700000002,31.1950052000002,32.7598857,32.4073246,1.21231939999984,34.8764874000001,35.8864236000002,3.5,0.666666666666667,0.333333333333333,5,2,11,"(0, 1)"
126,7,3,2,3,2,0,0.5,1,1,1,0,35.8951702000002,37.9220982000002,39.5137525,39.2955338000002,1.37343559999999,41.6521157000002,42.6807969000001,3.5,0.714285714285714,0.285714285714286,5,3,11,"(2, 0)"
127,8,3,2,3,0,1,0.5,1,0,0,0,42.8379665,43.5433168000002,45.7968578,44.695518,1.15220119999981,47.9465970000001,48.9724551000002,3.5,0.625,0.375,6,3,11,"(0, 1)"
128,9,3,2,3,2,2,0.15,0,0,1,1,49.1245947,50.1190346000001,51.7112005000001,51.1913373,1.07230269999991,53.8413478,54.8589631,3.5,0.666666666666667,0.333333333333333,6,4,11,"(2, 2)"
129,10,3,2,3,0,0,0.15,0,1,0,0,54.8702974,56.2163003000001,57.8244406000001,57.3434510000002,1.12715070000013,59.9642233000002,60.9999598000002,3.5,0.6,0.4,7,4,11,"(0, 0)"
130,11,3,2,3,0,2,0.35,0,0,1,0,61.175009,61.8291086000002,63.3932066,62.5193178000002,0.690209200000027,65.4972591000001,66.511665,3.5,0.636363636363636,0.363636363636364,7,5,11,"(0, 2)"
131,12,3,2,3,2,0,0.5,1,0,0,0,66.5230901,67.7226609000002,69.3944576000001,68.9673041000001,1.24464319999993,71.5471017,72.5781414,3.5,0.583333333333333,0.416666666666667,8,5,11,"(2, 0)"
132,13,3,2,3,0,1,0.5,1,0,0,1,72.7318029,73.9432507000001,75.5364969000002,75.3114862,1.36823549999986,77.6764207000001,78.7095863000002,3.5,0.538461538461538,0.461538461538462,8,6,11,"(0, 1)"
133,14,3,2,3,0,0,0.15,0,1,0,0,78.8484614000001,79.5764929000002,81.1709622000001,80.4632714000002,0.886778499999991,83.2735868000002,84.2981892,3.5,0.5,0.5,8,7,11,"(0, 0)"
134,15,3,2,3,2,0,0.5,1,0,0,1,84.3237884,85.7483032,87.3359971,86.5274599000002,0.779156700000158,89.4564306000002,90.4914635,3.5,0.466666666666667,0.533333333333333,8,8,11,"(2, 0)"
135,16,3,2,3,2,0,0.5,1,0,0,0,90.6399822000001,92.1576643000001,93.7659050000002,93.0234418,0.865777499999922,95.8903636,96.9310135000001,3.5,0.4375,0.5625,8,9,11,"(2, 0)"
136,17,3,2,3,2,0,0.5,1,0,0,0,97.1122492000002,97.8198443000001,100.2965825,98.7114378000001,0.891593499999999,102.4420682,103.4788705,3.5,0.411764705882353,0.588235294117647,8,10,11,"(2, 0)"
137,18,3,2,3,1,0,0.35,0,0,1,1,103.7092343,106.0471275,107.6501458,106.7753983,0.728270800000018,109.7662933,110.7915067,3.5,0.444444444444444,0.555555555555556,8,11,11,"(1, 0)"
138,19,3,2,3,0,2,0.35,0,1,0,1,110.9276796,111.6775261,114.5353635,112.407413,0.72988690000011,116.6774852,117.7304354,3.5,0.421052631578947,0.578947368421053,9,11,11,"(0, 2)"
139,20,3,2,3,1,0,0.35,0,0,1,1,117.9041519,119.0430621,120.7992246,120.1433831,1.10032100000012,122.9535606,124.0024487,3.5,0.45,0.55,9,12,11,"(1, 0)"
140,21,3,2,3,2,0,0.5,1,0,0,0,124.1558692,126.8312721,128.4575776,127.4391836,0.6079115,130.5754073,131.6102575,3.5,0.428571428571429,0.571428571428571,10,12,11,"(2, 0)"
141,22,3,2,3,0,1,0.5,1,0,0,0,131.7991099,132.5653902,135.2455668,133.8153595,1.24996929999998,137.3770106,138.4018799,3.5,0.409090909090909,0.590909090909091,10,13,11,"(0, 1)"
142,23,3,2,3,0,1,0.5,1,0,0,1,138.4196974,139.2040109,141.4608277,140.0074028,0.803391899999951,143.580832,144.6102944,3.5,0.391304347826087,0.608695652173913,10,14,11,"(0, 1)"
143,24,3,2,3,1,1,0.15,0,0,1,0,144.6347428,145.4701613,147.0625362,146.2553363,0.785174999999981,149.1648683,150.1750371,3.5,0.416666666666667,0.583333333333333,10,15,11,"(1, 1)"
144,25,3,2,3,2,1,0.35,0,1,0,0,150.1870008,150.942117,152.5254566,151.5991183,0.657001300000047,154.6289113,155.6400023,3.5,0.4,0.6,11,15,11,"(2, 1)"
145,26,3,2,3,2,1,0.35,0,1,0,0,155.658768,157.2900551,159.3831315,157.8073104,0.517255299999988,161.5233981,162.5743854,3.5,0.384615384615385,0.615384615384615,11,16,11,"(2, 1)"
146,27,3,2,3,0,1,0.5,1,0,0,0,162.7541932,163.7611025,166.5294303,164.3593851,0.598282599999948,168.6789162,169.7152968,3.5,0.37037037037037,0.62962962962963,11,17,11,"(0, 1)"
147,28,3,2,3,2,0,0.5,1,0,0,0,169.8964322,170.9910389,172.5590513,171.6071459,0.616107000000056,174.6638379,175.669938,3.5,0.357142857142857,0.642857142857143,11,18,11,"(2, 0)"
148,29,3,2,3,1,2,0.5,1,1,1,1,175.6774719,176.471567,178.5326883,177.0230665,0.551499500000091,180.668868,181.6994373,3.5,0.379310344827586,0.620689655172414,11,19,11,"(1, 2)"
149,30,3,2,3,1,2,0.5,1,1,1,1,181.8537554,183.823758,185.4351468,184.231231,0.407472999999982,187.5469751,188.5706063,3.5,0.4,0.6,12,19,11,"(1, 2)"
150,31,3,2,3,1,1,0.15,0,0,1,1,188.6963968,189.4188431,191.0243323,190.0392786,0.620435499999985,193.1263826,194.1478041,3.5,0.419354838709677,0.580645161290323,13,19,11,"(1, 1)"
151,32,3,2,3,1,2,0.5,1,1,1,1,194.1619478,194.8739859,196.4698427,195.823075,0.949089100000037,198.5740488,199.5804891,3.5,0.4375,0.5625,14,19,11,"(1, 2)"
152,33,3,2,3,0,0,0.15,0,1,0,0,199.5890749,200.3650535,201.9839382,201.5512333,1.18617979999999,204.1100179,205.1205551,3.5,0.424242424242424,0.575757575757576,15,19,11,"(0, 0)"
153,34,3,2,3,2,0,0.5,1,0,0,1,205.1468183,206.4099048,208.2725748,207.0632648,0.653360000000021,210.4163404,211.4542263,3.5,0.411764705882353,0.588235294117647,15,20,11,"(2, 0)"
154,35,3,2,3,2,1,0.35,0,1,0,0,211.6278628,213.1540952,214.7603847,213.8712112,0.717116000000033,216.8806453,217.9236747,3.5,0.4,0.6,15,21,11,"(2, 1)"
155,36,3,2,3,1,0,0.35,0,0,1,0,218.0781865,219.7976873,221.38652,220.2550239,0.45733660000019,223.5021847,224.527956,3.5,0.416666666666667,0.583333333333333,15,22,11,"(1, 0)"
156,37,3,2,3,1,2,0.5,1,1,1,0,224.658758,225.3850946,226.9689186,226.1271818,0.742087200000014,229.0797674,230.0918897,3.5,0.432432432432432,0.567567567567568,16,22,11,"(1, 2)"
157,38,3,2,3,2,2,0.15,0,0,1,1,230.1004388,232.0081471,233.6505481,232.6391791,0.631032000000005,235.7722224,236.8086079,3.5,0.447368421052632,0.552631578947368,17,22,11,"(2, 2)"
158,39,3,2,3,1,2,0.5,1,0,0,0,236.9804592,238.5300593,240.1499016,238.9429805,0.412921200000028,242.2822345,243.3069482,3.5,0.435897435897436,0.564102564102564,18,22,11,"(1, 2)"
159,40,3,2,3,0,2,0.35,0,0,1,1,243.4526581,245.1268091,246.7462877,245.6950567,0.56824759999995,248.8660597,249.8858417,3.5,0.45,0.55,18,23,11,"(0, 2)"
160,41,3,2,3,1,2,0.5,1,1,1,1,250.0429479,250.7986492,252.3612432,251.3432453,0.544596100000035,254.4717185,255.4964407,3.5,0.463414634146341,0.536585365853659,19,23,11,"(1, 2)"
161,42,3,2,3,0,1,0.5,1,1,1,0,255.5101288,256.2094926,258.3367566,257.1509391,0.941446499999984,260.4880187,261.5258793,3.5,0.476190476190476,0.523809523809524,20,23,11,"(0, 1)"
162,43,3,2,3,1,2,0.5,1,1,1,1,261.7135581,262.746777,264.671806,263.4551019,0.70832489999998,266.820583,267.8500423,3.5,0.488372093023256,0.511627906976744,21,23,11,"(1, 2)"
163,44,3,2,3,2,1,0.35,0,1,0,1,268.0020536,269.0619983,270.6314156,269.7111177,0.649119400000018,272.738659,273.7617707,3.5,0.477272727272727,0.522727272727273,22,23,11,"(2, 1)"
164,45,3,2,3,1,0,0.35,0,0,1,1,273.7697839,275.5686456,277.150974,276.2390934,0.67044779999992,279.2730899,280.3073551,3.5,0.488888888888889,0.511111111111111,22,24,11,"(1, 0)"
165,46,3,2,3,0,1,0.5,1,0,0,1,280.4784913,282.2767617,283.8795899,283.2311214,0.954359699999941,285.9989358,287.0310744,3.5,0.478260869565217,0.521739130434783,23,24,11,"(0, 1)"
166,47,3,2,3,1,0,0.35,0,0,1,0,287.1815555,288.681076,290.2899632,289.3670226,0.685946600000079,292.4104782,293.4498963,3.5,0.48936170212766,0.51063829787234,23,25,11,"(1, 0)"
167,48,3,2,3,1,0,0.35,0,0,1,1,293.6218338,294.3375156,296.4634857,295.0710536,0.733537999999953,298.5788515,299.6071388,3.5,0.5,0.5,24,25,11,"(1, 0)"
168,49,3,2,3,0,2,0.35,0,0,1,1,299.6530337,300.5849499,302.2691305,301.4870732,0.902123300000085,304.4137043,305.4526644,3.5,0.510204081632653,0.489795918367347,25,25,11,"(0, 2)"
169,50,3,2,3,0,2,0.35,0,0,1,1,305.5975203,307.0680175,308.6572046,307.6390284,0.571010900000147,310.7740392,311.8175538,3.5,0.52,0.48,26,25,11,"(0, 2)"
170,51,3,2,3,2,1,0.35,0,1,0,1,311.9713911,313.8285595,315.4246598,314.5988253,0.770265800000061,317.545775,318.5827608,3.5,0.509803921568627,0.490196078431373,27,25,11,"(2, 1)"
171,52,3,2,3,2,1,0.35,0,1,0,0,318.7436517,319.4446452,321.4218017,320.2148367,0.770191499999783,323.5672274,324.605097,3.5,0.5,0.5,27,26,11,"(2, 1)"
172,53,3,2,3,0,1,0.5,1,0,0,0,324.7796434,327.2288885,329.3898807,327.7587896,0.529901099999961,331.527885,332.563667,3.5,0.490566037735849,0.509433962264151,27,27,11,"(0, 1)"
173,54,3,2,3,0,1,0.5,1,0,0,0,332.7394167,334.5675175,336.1590711,335.1509692,0.583451700000069,338.2834201,339.308471,3.5,0.481481481481481,0.518518518518519,27,28,11,"(0, 1)"
174,55,3,2,3,2,0,0.5,1,0,0,0,339.454872,340.8032259,343.2060106,341.5509892,0.74776329999986,345.3604454,346.398257,3.5,0.472727272727273,0.527272727272727,27,29,11,"(2, 0)"
175,56,3,2,3,1,1,0.15,0,0,1,0,346.5765774,347.7220078,349.7974124,348.2869646,0.564956800000118,351.9221974,352.9433578,3.5,0.482142857142857,0.517857142857143,27,30,11,"(1, 1)"
176,57,3,2,3,2,0,0.5,1,0,0,0,353.0076411,353.9593616,355.5150735,354.9509295,0.991567899999836,357.6213406,358.63404,3.5,0.473684210526316,0.526315789473684,28,30,11,"(2, 0)"
177,58,3,2,3,2,2,0.15,0,0,1,1,358.6486265,359.3931507,362.2366834,360.2309368,0.83778610000013,364.3848578,365.4222788,3.5,0.482758620689655,0.517241379310345,28,31,11,"(2, 2)"
178,59,3,2,3,1,2,0.5,1,1,1,0,365.6315509,366.6983273,368.2781387,367.3027034,0.604376100000081,370.3804827,371.3985896,3.5,0.491525423728814,0.508474576271186,29,31,11,"(1, 2)"
179,60,3,2,3,2,1,0.35,0,1,0,0,371.4191522,372.4932993,374.5509708,373.26289,0.769590700000208,376.7005499,377.7430153,3.5,0.483333333333333,0.516666666666667,30,31,11,"(2, 1)"
180,1,4,3,1,2,1,0.35,0,1,0,1,0.0006992999999511,0.743860799999993,2.31850889999987,2.31842519999987,1.57456439999987,4.44228589999989,5.4648866,3.5,0.0,1.0,1,1,11,"(2, 1)"
181,2,4,3,1,0,2,0.35,0,1,0,0,5.50090380000006,6.20984709999993,7.78506119999997,7.78498149999996,1.57513440000002,9.9087634,10.9257494999999,3.5,0.0,1.0,1,2,11,"(0, 2)"
182,3,4,3,1,1,2,0.5,1,0,0,0,11.0192379,11.7778822999999,13.3038741999999,13.3037919000001,1.5259096000002,15.4274786000001,16.4388681999999,3.5,0.0,1.0,1,3,11,"(1, 2)"
183,4,4,3,1,1,2,0.5,1,0,0,0,16.4509733,17.1567560000001,18.7167420999999,17.9815632,0.824807199999896,20.8226090000001,21.8327669,3.5,0.0,1.0,1,4,11,"(1, 2)"
184,5,4,3,1,1,0,0.35,0,1,0,0,21.854452,22.5878439000001,25.0341624,23.3897443999999,0.801900499999874,27.1765055000001,28.2247625,3.5,0.0,1.0,1,5,11,"(1, 0)"
185,6,4,3,1,1,2,0.5,1,0,0,1,28.3994293000001,29.6935598,31.2928672,30.3817566999999,0.688196899999866,33.4193665999999,34.4442572,3.5,0.0,1.0,1,6,11,"(1, 2)"
186,7,4,3,1,0,1,0.5,1,0,0,0,34.6122817999999,35.3290950999999,36.7847508,36.7846529000001,1.45555780000018,38.9083386,39.9309741,3.5,0.0,1.0,1,7,11,"(0, 1)"
187,8,4,3,1,0,1,0.5,1,0,0,1,39.9371936,41.7494406999999,43.3459522999999,42.6537045,0.904263800000081,45.4656365999999,46.5009402000001,3.5,0.0,1.0,1,8,11,"(0, 1)"
188,9,4,3,1,2,1,0.35,0,1,0,0,46.630537,47.8135144999999,49.8077464999999,48.6135079000001,0.799993400000176,51.9560901,53.0088426,3.5,0.0,1.0,1,9,11,"(2, 1)"
189,10,4,3,1,1,2,0.5,1,0,0,0,53.1801743999999,55.0345557999999,56.6727378999999,56.0136686000001,0.979112800000166,58.7998802,59.8456874000001,3.5,0.0,1.0,1,10,11,"(1, 2)"
190,11,4,3,1,1,2,0.5,1,0,0,0,60.0165757,61.7540633999999,63.3552901,62.4616215999999,0.707558199999994,65.4718479999999,66.5218339,3.5,0.0,1.0,1,11,11,"(1, 2)"
191,12,4,3,1,0,0,0.15,0,0,1,0,66.6915789,68.3757475,69.9494514999999,69.5576722999999,1.18192479999993,72.0846905999999,73.1155467999999,3.5,0.0833333333333333,0.916666666666667,1,12,11,"(0, 0)"
192,13,4,3,1,0,2,0.35,0,1,0,1,73.2751358999999,74.7273181,77.0393744999999,75.6216645,0.894346399999904,79.180083,80.2233060999999,3.5,0.0769230769230769,0.923076923076923,2,12,11,"(0, 2)"
193,14,4,3,1,2,1,0.35,0,1,0,0,80.3818057999999,81.3645412000001,83.9547087000001,82.3574598999999,0.992918699999791,86.0996505000001,87.1412895000001,3.5,0.0714285714285714,0.928571428571429,2,13,11,"(2, 1)"
194,15,4,3,1,0,1,0.5,1,1,1,1,87.3209537999999,89.5456294999999,91.5684514,90.3336749,0.788045400000101,93.7129769000001,94.744782,3.5,0.133333333333333,0.866666666666667,2,14,11,"(0, 1)"
195,16,4,3,1,0,2,0.35,0,1,0,1,94.8920912999999,95.8888469999999,98.0185047,97.0055603999999,1.11671339999998,100.1722354,101.2034839,3.5,0.125,0.875,3,14,11,"(0, 2)"
196,17,4,3,1,2,0,0.5,1,0,0,1,101.4026966,102.4390716,104.0180167,103.5576116,1.11853999999994,106.1348252,107.1581955,3.5,0.117647058823529,0.882352941176471,3,15,11,"(2, 0)"
197,18,4,3,1,0,2,0.35,0,1,0,0,107.1835998,108.927684,110.5143523,110.0054085,1.07772449999993,112.6545859,113.7821322,3.5,0.111111111111111,0.888888888888889,3,16,11,"(0, 2)"
198,19,4,3,1,2,0,0.5,1,0,0,0,113.9345279,115.1452291,117.4735491,116.0695765,0.924347399999988,119.6190466,120.6695283,3.5,0.105263157894737,0.894736842105263,3,17,11,"(2, 0)"
199,20,4,3,1,0,1,0.5,1,0,0,0,120.8537491,122.1090275,125.4367998,123.3416485,1.23262100000011,127.6121769,128.6566689,3.5,0.1,0.9,3,18,11,"(0, 1)"
200,21,4,3,1,1,2,0.5,1,0,0,0,128.8012536,129.8573583,131.4306288,130.9335931,1.07623480000007,133.5479833,134.5640585,3.5,0.0952380952380952,0.904761904761905,3,19,11,"(1, 2)"
201,22,4,3,1,0,1,0.5,1,0,0,0,134.5994689,135.3253134,136.9262349,136.3416952,1.01638180000009,139.0303079,140.0388904,3.5,0.0909090909090909,0.909090909090909,3,20,11,"(0, 1)"
202,23,4,3,1,2,2,0.15,0,0,1,1,140.0529761,142.2637943,143.8902568,143.0455889,0.781794600000012,146.0040966,147.0356841,3.5,0.130434782608696,0.869565217391304,3,21,11,"(2, 2)"
203,24,4,3,1,1,1,0.15,0,0,1,0,147.2768427,148.1159366,150.3616207,149.0773243,0.961387699999932,152.5138122,153.5574847,3.5,0.166666666666667,0.833333333333333,4,21,11,"(1, 1)"
204,25,4,3,1,1,1,0.15,0,0,1,1,153.7331065,154.8008192,156.9052711,155.3173036,0.516484400000081,159.053336,160.0899512,3.5,0.2,0.8,5,21,11,"(1, 1)"
205,26,4,3,1,0,2,0.35,0,1,0,0,160.2308297,161.0579804,162.6621767,162.1012959,1.04331550000006,164.777025,165.7889321,3.5,0.192307692307692,0.807692307692308,6,21,11,"(0, 2)"
206,27,4,3,1,2,0,0.5,1,0,0,0,165.7979455,167.3726621,168.9924665,168.5015017,1.12883959999999,171.1268117,172.1584654,3.5,0.185185185185185,0.814814814814815,6,22,11,"(2, 0)"
207,28,4,3,1,1,0,0.35,0,1,0,1,172.3437746,174.6254048,176.2503208,175.6294824,1.00407759999985,178.3932434,179.4224418,3.5,0.178571428571429,0.821428571428571,6,23,11,"(1, 0)"
208,29,4,3,1,2,0,0.5,1,0,0,0,179.5643414,181.2698311,182.881649,182.1495133,0.879682200000161,184.9934504,186.0188673,3.5,0.172413793103448,0.827586206896552,6,24,11,"(2, 0)"
209,30,4,3,1,2,1,0.35,0,1,0,0,186.2004439,188.7898546,190.2324553,190.2323724,1.44251780000013,192.369995,193.4048558,3.5,0.166666666666667,0.833333333333333,6,25,11,"(2, 1)"
210,31,4,3,1,2,2,0.15,0,0,1,1,193.5426174,194.2506156,195.9482239,195.0534566,0.802840999999944,198.07977,199.1038099,3.5,0.193548387096774,0.806451612903226,6,26,11,"(2, 2)"
211,32,4,3,1,2,0,0.5,1,0,0,0,199.2059113,200.5600776,202.7161689,201.5493924,0.989314800000102,204.8567787,205.8865012,3.5,0.1875,0.8125,7,26,11,"(2, 0)"
212,33,4,3,1,0,1,0.5,1,0,0,1,206.0516439,207.0756245,208.750214,208.7501314,1.67450689999987,210.8757014,211.8978231,3.5,0.181818181818182,0.818181818181818,7,27,11,"(0, 1)"
213,34,4,3,1,1,0,0.35,0,1,0,1,211.910671,213.2205158,215.1883806,213.9653729,0.74485709999999,217.3335799,218.3690666,3.5,0.176470588235294,0.823529411764706,7,28,11,"(1, 0)"
214,35,4,3,1,1,2,0.5,1,0,0,0,218.5756596,219.8731448,221.4723458,220.7732149,0.900070099999994,223.5924343,224.6347718,3.5,0.171428571428571,0.828571428571429,7,29,11,"(1, 2)"
215,36,4,3,1,1,0,0.35,0,1,0,0,224.7824379,226.1455945,227.7433774,226.9811959,0.835601399999859,229.8633695,230.8969276,3.5,0.166666666666667,0.833333333333333,7,30,11,"(1, 0)"
216,37,4,3,1,1,0,0.35,0,1,0,0,231.086518,233.0006022,234.5162579,233.6694694,0.668867200000022,236.6360488,237.6611816,3.5,0.162162162162162,0.837837837837838,7,31,11,"(1, 0)"
217,38,4,3,1,0,0,0.15,0,0,1,1,237.8134333,238.6718492,241.6212469,239.4533812,0.78153199999997,243.7710829,244.8079395,3.5,0.184210526315789,0.815789473684211,7,32,11,"(0, 0)"
218,39,4,3,1,1,2,0.5,1,0,0,0,244.969572,245.7508263,247.584157,246.6213097,0.870483400000012,249.6867365,250.7011468,3.5,0.179487179487179,0.82051282051282,8,32,11,"(1, 2)"
219,40,4,3,1,0,1,0.5,1,0,0,1,250.7174074,252.6344903,254.2291594,253.6051281,0.970637800000077,256.3527459,257.3898625,3.5,0.175,0.825,8,33,11,"(0, 1)"
220,41,4,3,1,2,0,0.5,1,0,0,0,257.5708751,258.3076566,260.7505478,259.1893295,0.881672900000012,262.8915406,263.9318766,3.5,0.170731707317073,0.829268292682927,8,34,11,"(2, 0)"
221,42,4,3,1,2,1,0.35,0,1,0,0,264.0837186,265.5609454,267.0169468,267.0168629,1.45591749999994,269.1613746,270.1928647,3.5,0.166666666666667,0.833333333333333,8,35,11,"(2, 1)"
222,43,4,3,1,2,1,0.35,0,1,0,0,270.3777483,271.6819655,273.8493111,272.9972723,1.31530680000014,276.0201968,277.0589114,3.5,0.162790697674419,0.837209302325581,8,36,11,"(2, 1)"
223,44,4,3,1,2,0,0.5,1,0,0,0,277.2314109,278.3797732,281.4031112,279.2130927,0.833319500000016,283.5497649,284.5960097,3.5,0.159090909090909,0.840909090909091,8,37,11,"(2, 0)"
224,45,4,3,1,2,2,0.15,0,0,1,1,284.7511654,286.258223,289.1793468,287.3092959,1.05107290000001,291.3434704,292.3852646,3.5,0.177777777777778,0.822222222222222,8,38,11,"(2, 2)"
225,46,4,3,1,0,1,0.5,1,0,0,1,292.5439649,293.5826142,296.3361006,294.6772135,1.0945992999998,298.494662,299.5391035,3.5,0.173913043478261,0.826086956521739,9,38,11,"(0, 1)"
226,47,4,3,1,0,1,0.5,1,0,0,0,299.7016172,300.7130722,302.3038782,301.837245,1.1241728,304.429259,305.4580188,3.5,0.170212765957447,0.829787234042553,9,39,11,"(0, 1)"
227,48,4,3,1,2,1,0.35,0,1,0,1,305.4714071,306.1710192,307.7433445,306.9973001,0.826280900000029,309.8456105,310.8647737,3.5,0.166666666666667,0.833333333333333,9,40,11,"(2, 1)"
228,49,4,3,1,1,0,0.35,0,1,0,0,310.8912374,311.6606412,313.2150511,312.461013,0.800371799999994,315.3322985,316.3406981,3.5,0.163265306122449,0.836734693877551,9,41,11,"(1, 0)"
229,50,4,3,1,0,2,0.35,0,1,0,0,316.3547213,317.0922462,318.6623053,318.2212047,1.12895849999995,320.7778948,321.7911714,3.5,0.16,0.84,9,42,11,"(0, 2)"
230,51,4,3,1,1,0,0.35,0,1,0,1,321.7999941,322.5125469,324.077582,323.1970115,0.684464599999956,326.1843519,327.1968928,3.5,0.156862745098039,0.843137254901961,9,43,11,"(1, 0)"
231,52,4,3,1,1,2,0.5,1,0,0,0,327.2110935,327.9337875,329.5425701,328.5730977,0.639310200000182,331.6539122,332.6691945,3.5,0.153846153846154,0.846153846153846,9,44,11,"(1, 2)"
232,53,4,3,1,2,0,0.5,1,0,0,1,332.6795481,333.4213099,334.9880444,334.1409871,0.719677200000206,337.0970931,338.1032394,3.5,0.150943396226415,0.849056603773585,9,45,11,"(2, 0)"
233,54,4,3,1,0,2,0.35,0,1,0,1,338.1151636,339.5757101,341.2050106,340.2849627,0.709252600000127,343.3242358,344.3529046,3.5,0.148148148148148,0.851851851851852,9,46,11,"(0, 2)"
234,55,4,3,1,1,1,0.15,0,0,1,0,344.501243,346.05794,347.6564848,347.1091291,1.0511891000001,349.7917267,350.8278264,3.5,0.163636363636364,0.836363636363636,9,47,11,"(1, 1)"
235,56,4,3,1,2,0,0.5,1,0,0,0,350.988735,351.7496797,353.314028,352.5091412,0.759461500000043,355.4170241,356.4452968,3.5,0.160714285714286,0.839285714285714,10,47,11,"(2, 0)"
236,57,4,3,1,2,0,0.5,1,0,0,0,356.4579875,358.1841847,359.7877247,358.9169451,0.732760399999961,361.9024858,362.9382642,3.5,0.157894736842105,0.842105263157895,10,48,11,"(2, 0)"
237,58,4,3,1,0,1,0.5,1,0,0,0,363.0864002,364.1308197,365.7948747,365.7947654,1.66394569999989,367.9066993,368.9235687,3.5,0.155172413793103,0.844827586206897,10,49,11,"(0, 1)"
238,59,4,3,1,1,2,0.5,1,0,0,0,368.9298456,370.4818007,372.3749584,371.2451758,0.763375100000076,374.5237923,375.5550571,3.5,0.152542372881356,0.847457627118644,10,50,11,"(1, 2)"
239,60,4,3,1,0,0,0.15,0,1,0,0,375.7458136,376.7581826,378.4572681,377.3251139,0.566931299999851,380.584068,381.6186593,3.5,0.15,0.85,10,51,11,"(0, 0)"
0,1,1,0,2,0,1,0.35,0,1,0,0,0.0102117999999791,0.658012699999972,3.01512379999997,3.0149735,2.35696080000002,5.16432889999999,6.17516650000005,3.5,0.0,1.0,1,1,16,"(0, 1)"
1,2,1,0,2,0,0,0.5,1,1,1,1,6.34702019999997,6.94071299999996,8.46969790000003,8.46955890000004,1.52884590000008,10.5936710999999,11.6050384,3.5,0.5,0.5,1,2,16,"(0, 0)"
2,3,1,0,2,2,1,0.15,0,1,0,0,11.6779553,12.2967786,13.9004473,13.9002957,1.60351709999998,16.0127050999999,17.0216143,3.5,0.333333333333333,0.666666666666667,2,2,16,"(2, 1)"
3,4,1,0,2,1,2,0.35,0,1,0,1,17.0377406,17.6618089,19.3151852,19.3150543,1.65324540000006,21.4390344,22.4625983,3.5,0.25,0.75,2,3,16,"(1, 2)"
4,5,1,0,2,1,0,0.15,0,0,1,1,22.474051,23.0920288999999,24.7803206,24.7800268,1.68799790000003,26.8945633,27.9041437,3.5,0.4,0.6,2,4,16,"(1, 0)"
5,6,1,0,2,2,0,0.35,0,1,0,0,27.9260325,28.5371966,29.9458388,29.9456301,1.4084335,32.0761527,33.0866516,3.5,0.333333333333333,0.666666666666667,3,4,16,"(2, 0)"
6,7,1,0,2,1,1,0.5,1,0,0,1,33.0946112,33.7119017,35.1898788,34.993863,1.28196130000003,37.321689,38.3382689,3.5,0.285714285714286,0.714285714285714,3,5,16,"(1, 1)"
7,8,1,0,2,1,1,0.5,1,0,0,0,38.3448085,38.9656156999999,40.4440442,40.1938871,1.22827140000004,42.5649958,43.5826776,3.5,0.25,0.75,3,6,16,"(1, 1)"
8,9,1,0,2,2,0,0.35,0,0,1,0,43.5884817,44.2104897,46.2857778,46.2857063,2.07521659999998,48.3976130999999,49.4073237,3.5,0.333333333333333,0.666666666666667,3,7,16,"(2, 0)"
9,10,1,0,2,2,0,0.35,0,1,0,0,49.4129867,50.0337165,51.5110913999999,51.5110185999999,1.47730209999997,53.6346781,54.6502306,3.5,0.3,0.7,4,7,16,"(2, 0)"
10,11,1,0,2,2,1,0.15,0,0,1,1,54.6566241,55.2672976,57.7222356,57.7221645,2.45486689999996,59.8340790999999,60.8422189,3.5,0.363636363636364,0.636363636363636,4,8,16,"(2, 1)"
11,12,1,0,2,0,1,0.35,0,1,0,0,60.8489834,61.4684919,63.9324476,63.9323765,2.46388460000003,66.0442896,67.0526513,3.5,0.333333333333333,0.666666666666667,5,8,16,"(0, 1)"
12,13,1,0,2,0,1,0.35,0,0,1,0,67.0590918,67.6816899,69.461515,69.4614398,1.77974989999996,71.5732585,72.5812978,3.5,0.384615384615385,0.615384615384615,5,9,16,"(0, 1)"
13,14,1,0,2,1,2,0.35,0,1,0,0,72.5881239,73.2086908,75.2124471,75.2123761,2.00368530000003,77.3241991,78.3324502,3.5,0.357142857142857,0.642857142857143,6,9,16,"(1, 2)"
14,15,1,0,2,1,1,0.5,1,1,1,1,78.3388909,78.9515124,80.6968146,80.6967433999999,1.74523099999999,82.8086401,83.8166643,3.5,0.4,0.6,6,10,16,"(1, 1)"
15,16,1,0,2,1,2,0.35,0,0,1,1,83.8224232,84.4355583,85.9130536,85.825797,1.39023869999994,88.0305185,89.0411375,3.5,0.4375,0.5625,7,10,16,"(1, 2)"
16,17,1,0,2,0,2,0.15,0,1,0,1,89.0553723,89.6586057,91.1452412,91.0257602,1.36715450000008,93.267955,94.2751527,3.5,0.411764705882353,0.588235294117647,8,10,16,"(0, 2)"
17,18,1,0,2,2,2,0.5,1,0,0,0,94.2808497999999,94.9060762,96.3848822,96.1457948,1.23971859999995,98.5014123,99.5085223,3.5,0.388888888888889,0.611111111111111,8,11,16,"(2, 2)"
18,19,1,0,2,2,2,0.5,1,0,0,0,99.5148935,100.1366539,101.6408603,101.640785,1.5041311,103.7644668,104.7707718,3.5,0.368421052631579,0.631578947368421,8,12,16,"(2, 2)"
19,20,1,0,2,2,2,0.5,1,1,1,0,104.7772164,105.3924601,106.8716622,106.5779614,1.18550129999994,108.9869868,109.992282,3.5,0.4,0.6,8,13,16,"(2, 2)"
20,21,1,0,2,0,0,0.5,1,1,1,1,109.9979643,110.6167338,112.9508537,112.9507811,2.33404729999995,115.0627435,116.0719753,3.5,0.428571428571429,0.571428571428571,9,13,16,"(0, 0)"
21,22,1,0,2,0,0,0.5,1,1,1,1,116.0776498,116.6944602,118.1754172,117.9778758,1.28341560000001,120.2982556,121.3122241,3.5,0.454545454545455,0.545454545454545,10,13,16,"(0, 0)"
22,23,1,0,2,1,1,0.5,1,1,1,1,121.3269341,121.9478148,123.424173,123.2337381,1.28592330000004,125.5498197,126.5679262,3.5,0.478260869565217,0.521739130434783,11,13,16,"(1, 1)"
23,24,1,0,2,1,2,0.35,0,0,1,1,126.5743237,127.1978657,128.7728559,128.7727823,1.57491660000005,130.8964999,131.9079434,3.5,0.5,0.5,12,13,16,"(1, 2)"
24,25,1,0,2,0,0,0.5,1,1,1,1,131.913497,132.5269059,134.0049212,133.92171,1.39480409999999,136.1275738,137.1391848,3.5,0.52,0.48,13,13,16,"(0, 0)"
25,26,1,0,2,2,0,0.35,0,0,1,0,137.1447839,137.7692165,139.247627,138.8339133,1.06469679999998,141.3588785,142.3760977,3.5,0.538461538461538,0.461538461538462,14,13,16,"(2, 0)"
26,27,1,0,2,1,1,0.5,1,1,1,1,142.382438,143.0065252,144.4895208,144.2016946,1.19516940000005,146.6130738,147.6201372,3.5,0.555555555555556,0.444444444444444,15,13,16,"(1, 1)"
27,28,1,0,2,1,2,0.35,0,0,1,1,147.6258547,148.2511809,149.7364425,149.345903,1.09472210000001,151.848145,152.8649979,3.5,0.571428571428571,0.428571428571429,16,13,16,"(1, 2)"
28,29,1,0,2,2,2,0.5,1,0,0,1,152.8714636,153.492688,155.3925409,155.3924665,1.89977849999991,157.5045076,158.5127316,3.5,0.551724137931034,0.448275862068966,17,13,16,"(2, 2)"
29,30,1,0,2,1,1,0.5,1,1,1,0,158.5273165,159.1463288,160.6238774,160.5216601,1.37533129999997,162.7442495,163.7584798,3.5,0.566666666666667,0.433333333333333,17,14,16,"(1, 1)"
30,31,1,0,2,0,0,0.5,1,0,0,0,163.7656919,164.3744375,166.8244402,166.8243682,2.44993069999998,168.9364088,169.9443746,3.5,0.548387096774194,0.451612903225806,18,14,16,"(0, 0)"
31,32,1,0,2,2,2,0.5,1,0,0,0,169.950159,170.5717643,172.1451747,172.145099,1.57333469999992,174.2688232,175.2784121,3.5,0.53125,0.46875,18,15,16,"(2, 2)"
32,33,1,0,2,1,0,0.15,0,0,1,0,175.2849386,175.8969479,177.9010575,177.900983,2.00403510000001,180.0128969,181.0222988,3.5,0.545454545454545,0.454545454545455,18,16,16,"(1, 0)"
33,34,1,0,2,2,1,0.15,0,0,1,1,181.0295595,181.6486487,183.1381461,182.9617228,1.31307409999999,185.2537418,186.2640178,3.5,0.558823529411765,0.441176470588235,19,16,16,"(2, 1)"
34,35,1,0,2,0,0,0.5,1,0,0,0,186.270388,186.8791401,189.1162759,189.1161906,2.23705050000001,191.2281102,192.2359156,3.5,0.542857142857143,0.457142857142857,20,16,16,"(0, 0)"
35,36,1,0,2,1,2,0.35,0,0,1,1,192.2501483,192.8691182,194.3326003,194.332525,1.46340680000003,196.4562902,197.4646236,3.5,0.555555555555556,0.444444444444444,20,17,16,"(1, 2)"
36,37,1,0,2,0,1,0.35,0,1,0,1,197.4713991,198.0869137,199.7876015,199.7875284,1.70061470000007,201.8995467,202.9075982,3.5,0.540540540540541,0.459459459459459,21,17,16,"(0, 1)"
37,38,1,0,2,0,0,0.5,1,0,0,0,202.9139388,203.5271105,205.0049837,204.7215437,1.19443319999993,207.1310314,208.1424209,3.5,0.526315789473684,0.473684210526316,21,18,16,"(0, 0)"
38,39,1,0,2,0,1,0.35,0,1,0,0,208.1489266,208.7693721,210.6918275,210.6917518,1.92237970000008,212.8036638,213.8117044,3.5,0.512820512820513,0.487179487179487,21,19,16,"(0, 1)"
39,40,1,0,2,0,1,0.35,0,0,1,1,213.8179912,214.4383103,216.7251315,216.7250541,2.28674379999995,218.8368578,219.8449739,3.5,0.525,0.475,21,20,16,"(0, 1)"
40,41,1,0,2,2,0,0.35,0,1,0,1,219.8507678,220.4715838,221.973045,221.6336769,1.16209309999999,224.0778679,225.1009319,3.5,0.51219512195122,0.48780487804878,22,20,16,"(2, 0)"
41,42,1,0,2,1,1,0.5,1,1,1,0,225.1149475,225.756035,228.1574129,228.157335,2.40129999999999,230.269225,231.2774377,3.5,0.523809523809524,0.476190476190476,22,21,16,"(1, 1)"
42,43,1,0,2,2,2,0.5,1,0,0,1,231.2839799,231.9307325,233.3953203,233.3952414,1.46450890000006,235.5189449,236.5241632,3.5,0.511627906976744,0.488372093023256,23,21,16,"(2, 2)"
43,44,1,0,2,2,0,0.35,0,1,0,0,236.5307022,237.2472474,238.8539992,238.1936525,0.946405099999993,240.9581382,241.9756393,3.5,0.5,0.5,23,22,16,"(2, 0)"
44,45,1,0,2,0,0,0.5,1,0,0,0,241.982997,242.7088029,244.6902735,244.6901971,1.98139419999995,246.8021712,247.8101804,3.5,0.488888888888889,0.511111111111111,23,23,16,"(0, 0)"
45,46,1,0,2,1,0,0.15,0,0,1,1,247.8177796,248.535658,250.136302,249.689425,1.15376700000002,252.2610723,253.271251,3.5,0.5,0.5,23,24,16,"(1, 0)"
46,47,1,0,2,2,2,0.5,1,0,0,0,253.2777231,254.000144,255.604692,255.1936687,1.19352470000001,257.7334293,258.7394849,3.5,0.48936170212766,0.51063829787234,24,24,16,"(2, 2)"
47,48,1,0,2,2,2,0.5,1,0,0,0,258.7472293,259.4723904,260.9970875,260.9970074,1.52461700000003,263.1207434,264.131746,3.5,0.479166666666667,0.520833333333333,24,25,16,"(2, 2)"
48,49,1,0,2,0,0,0.5,1,0,0,0,264.1462446,264.8647445,266.7902882,266.7902117,1.92546719999996,268.9022108,269.9125736,3.5,0.469387755102041,0.530612244897959,24,26,16,"(0, 0)"
49,50,1,0,2,1,1,0.5,1,1,1,0,269.9202592,270.6370672,272.8715624,272.8714844,2.23441719999994,274.983421,275.9915023,3.5,0.48,0.52,24,27,16,"(1, 1)"
50,51,1,0,2,2,2,0.5,1,0,0,1,275.9989777,276.7399172,278.9570174,278.9569387,2.21702149999999,281.0687797,282.0770226,3.5,0.470588235294118,0.529411764705882,25,27,16,"(2, 2)"
51,52,1,0,2,1,2,0.35,0,0,1,1,282.0832525,282.8056801,285.0575109,285.0574231,2.25174299999992,287.1693193,288.1775194,3.5,0.480769230769231,0.519230769230769,25,28,16,"(1, 2)"
52,53,1,0,2,0,1,0.35,0,1,0,1,288.1853253,288.9050149,290.4988266,290.0815578,1.17654290000007,292.6303613,293.6366322,3.5,0.471698113207547,0.528301886792453,26,28,16,"(0, 1)"
53,54,1,0,2,1,1,0.5,1,0,0,0,293.6439813,294.3636509,295.9585307,295.7616297,1.39797879999992,298.085345,299.0990292,3.5,0.462962962962963,0.537037037037037,26,29,16,"(1, 1)"
54,55,1,0,2,1,1,0.5,1,0,0,0,299.1133651,299.8394224,301.4348927,301.4348145,1.59539210000003,303.5466842,304.5554707,3.5,0.454545454545455,0.545454545454545,26,30,16,"(1, 1)"
55,56,1,0,2,2,0,0.35,0,1,0,0,304.5620075,305.2740934,306.8595313,306.2895325,1.01543910000009,308.9683273,309.9852489,3.5,0.446428571428571,0.553571428571429,26,31,16,"(2, 0)"
56,57,1,0,2,0,2,0.15,0,1,0,0,309.9909532,310.7062362,312.3039404,311.9533387,1.24710249999998,314.4334127,315.4414009,3.5,0.43859649122807,0.56140350877193,26,32,16,"(0, 2)"
57,58,1,0,2,2,2,0.5,1,0,0,1,315.4472115,316.1543268,317.7431599,317.4414747,1.28714790000004,319.8705085,320.8856823,3.5,0.431034482758621,0.568965517241379,26,33,16,"(2, 2)"
58,59,1,0,2,0,0,0.5,1,0,0,0,320.8912861,321.6138901,324.4456575,324.4455788,2.83168869999986,326.5616972,327.5669055,3.5,0.423728813559322,0.576271186440678,26,34,16,"(0, 0)"
59,60,1,0,2,0,2,0.15,0,1,0,0,327.5725026,328.2934199,329.8894388,329.6893239,1.39590399999997,332.0128516,333.0189821,3.5,0.416666666666667,0.583333333333333,26,35,16,"(0, 2)"
60,1,2,1,1,2,2,0.5,1,1,1,0,8.72000000526896e-05,0.720793199999889,2.53291110000009,2.53283620000002,1.81204300000013,4.64465590000009,5.65229619999991,3.5,1.0,0.0,1,1,16,"(2, 2)"
61,2,2,1,1,1,1,0.5,1,1,1,1,5.66398520000007,6.37271239999995,7.94926289999989,7.70805719999998,1.33534480000003,10.0683850999999,11.0832086,3.5,1.0,0.0,2,1,16,"(1, 1)"
62,3,2,1,1,2,2,0.5,1,0,0,0,11.0935672999999,11.8036959999999,13.4542971999999,13.4542191,1.6505231000001,15.5662052,16.5859137,3.5,0.666666666666667,0.333333333333333,3,1,16,"(2, 2)"
63,4,2,1,1,2,0,0.35,0,1,0,0,16.5930461,17.3059745,18.8775267000001,18.8774504999999,1.57147599999985,21.0012844,22.0110576,3.5,0.5,0.5,3,2,16,"(2, 0)"
64,5,2,1,1,2,0,0.35,0,0,1,1,22.0166822000001,22.733927,24.8685206,24.8684447999999,2.13451779999991,26.9804465,27.9888467999999,3.5,0.6,0.4,3,3,16,"(2, 0)"
65,6,2,1,1,2,2,0.5,1,1,1,0,28.0032922,28.7407304999999,31.7477977000001,31.7477231,3.0069926000001,33.8596689000001,34.8676677000001,3.5,0.666666666666667,0.333333333333333,4,3,16,"(2, 2)"
66,7,2,1,1,0,0,0.5,1,1,1,1,34.8734132,35.5745522,37.525991,37.5259169999999,1.95136479999996,39.6379079999999,40.6470093999999,3.5,0.714285714285714,0.285714285714286,5,3,16,"(0, 0)"
67,8,2,1,1,2,2,0.5,1,0,0,1,40.6526252000001,41.3410477,43.0860364,43.0859605000001,1.74491280000007,45.1980156,46.2072381999999,3.5,0.625,0.375,6,3,16,"(2, 2)"
68,9,2,1,1,1,2,0.35,0,0,1,0,46.2129308999999,46.9062704,49.2412519,49.2411771,2.33490669999992,51.3529854999999,52.3619547000001,3.5,0.666666666666667,0.333333333333333,6,4,16,"(1, 2)"
69,10,2,1,1,1,0,0.15,0,1,0,0,52.3675638,53.0555265,54.5675401000001,54.5674589,1.51193239999998,56.6910682,57.7080214,3.5,0.6,0.4,7,4,16,"(1, 0)"
70,11,2,1,1,1,1,0.5,1,1,1,1,57.7143959,58.4039304999999,60.0122630000001,60.012187,1.60825650000015,62.1430014,63.15095,3.5,0.636363636363636,0.363636363636364,7,5,16,"(1, 1)"
71,12,2,1,1,2,0,0.35,0,1,0,0,63.1564847,63.8457215000001,66.0384892,66.0384142999999,2.1926927999998,68.1503091,69.1594989,3.5,0.583333333333333,0.416666666666667,8,5,16,"(2, 0)"
72,13,2,1,1,2,1,0.15,0,1,0,1,69.1739597000001,69.8737412,71.5605123,71.5604343,1.68669309999996,73.6742033,74.6900399000001,3.5,0.538461538461538,0.461538461538462,8,6,16,"(2, 1)"
73,14,2,1,1,1,1,0.5,1,1,1,1,74.6964292,75.3830989999999,78.0579990000001,78.0579204999999,2.67482150000001,80.1697406000001,81.1778969,3.5,0.571428571428571,0.428571428571429,8,7,16,"(1, 1)"
74,15,2,1,1,1,2,0.35,0,0,1,1,81.1836507,81.8772741,83.5238261,83.5237485,1.64647439999999,85.6355329,86.6538103,3.5,0.6,0.4,9,7,16,"(1, 2)"
75,16,2,1,1,1,0,0.15,0,0,1,1,86.6602042,87.3479577000001,88.9026232000001,88.7238528999999,1.37589519999983,91.0237135,92.0312962999999,3.5,0.625,0.375,10,7,16,"(1, 0)"
76,17,2,1,1,2,0,0.35,0,1,0,0,92.0370981000001,92.7245559,94.7165287,94.7164528000001,1.99189690000003,96.8284474,97.8364377999999,3.5,0.588235294117647,0.411764705882353,11,7,16,"(2, 0)"
77,18,2,1,1,1,1,0.5,1,1,1,1,97.8421977999999,98.5326158,100.5271041,100.5270279,1.99441209999986,102.639074,103.6471582,3.5,0.611111111111111,0.388888888888889,11,8,16,"(1, 1)"
78,19,2,1,1,0,1,0.35,0,0,1,1,103.6617527,104.3575189,105.9162947,105.451893,1.09437409999987,108.0197455,109.0423914,3.5,0.631578947368421,0.368421052631579,12,8,16,"(0, 1)"
79,20,2,1,1,0,0,0.5,1,1,1,0,109.04884,109.7296718,111.2881669,110.9079499,1.17827809999994,113.4142209,114.419461,3.5,0.65,0.35,13,8,16,"(0, 0)"
80,21,2,1,1,0,1,0.35,0,0,1,1,114.4259549,115.11795,116.6807941,116.3957191,1.27776909999989,118.8020176,119.8187271,3.5,0.666666666666667,0.333333333333333,14,8,16,"(0, 1)"
81,22,2,1,1,2,2,0.5,1,1,1,1,119.8251763,120.5113992,122.0429739,122.0428951,1.53149589999998,124.1664032,125.1774977,3.5,0.681818181818182,0.318181818181818,15,8,16,"(2, 2)"
82,23,2,1,1,0,0,0.5,1,1,1,1,125.1847419,125.8894824,127.4394721,127.0756691,1.18618670000001,129.5598595,130.5821334,3.5,0.695652173913043,0.304347826086957,16,8,16,"(0, 0)"
83,24,2,1,1,2,2,0.5,1,1,1,0,130.5885716,131.2731807,133.2771755,133.2770995,2.00391880000006,135.3889362,136.3978982,3.5,0.708333333333333,0.291666666666667,17,8,16,"(2, 2)"
84,25,2,1,1,0,2,0.15,0,0,1,0,136.4123205,137.1118407,138.6689131,138.4199143,1.30807360000017,140.7876181,141.8043959,3.5,0.72,0.28,18,8,16,"(0, 2)"
85,26,2,1,1,1,1,0.5,1,1,1,1,141.8101967,142.5021976,144.0511998,143.8517756,1.34957800000007,146.179311,147.1852766,3.5,0.730769230769231,0.269230769230769,19,8,16,"(1, 1)"
86,27,2,1,1,2,2,0.5,1,1,1,1,147.1910835,147.8872677,150.0129728,150.0128973,2.12562960000014,152.1248092,153.1335407,3.5,0.740740740740741,0.259259259259259,20,8,16,"(2, 2)"
87,28,2,1,1,1,1,0.5,1,1,1,0,153.1392881,153.8285246,155.4014521,155.035844,1.20731939999996,157.5164539,158.5215467,3.5,0.75,0.25,21,8,16,"(1, 1)"
88,29,2,1,1,0,0,0.5,1,1,1,0,158.5271773,159.205247,160.8072101,160.8071311,1.60188410000001,162.9191329,163.9277773,3.5,0.758620689655172,0.241379310344828,22,8,16,"(0, 0)"
89,30,2,1,1,1,2,0.35,0,0,1,1,163.9342274,164.6280345,166.6554261,166.6553495,2.02731500000004,168.767278,169.7783549,3.5,0.766666666666667,0.233333333333333,23,8,16,"(1, 2)"
90,31,2,1,1,0,2,0.15,0,1,0,0,169.7847258,170.4700139,172.1219919,172.1219145,1.65190060000009,174.2457713,175.2620144,3.5,0.741935483870968,0.258064516129032,24,8,16,"(0, 2)"
91,32,2,1,1,1,1,0.5,1,1,1,1,175.2763056,175.9547105,177.4167057,177.4166263,1.46191580000004,179.540318,180.548091,3.5,0.75,0.25,24,9,16,"(1, 1)"
92,33,2,1,1,1,1,0.5,1,1,1,1,180.5546039,181.2686454,182.8493075,182.4515709,1.18292550000001,184.965302,185.9797541,3.5,0.757575757575758,0.242424242424242,25,9,16,"(1, 1)"
93,34,2,1,1,0,0,0.5,1,0,0,1,185.9854438,186.6943837,189.0708611,189.0707848,2.37640110000007,191.1827678,192.1919563,3.5,0.735294117647059,0.264705882352941,26,9,16,"(0, 0)"
94,35,2,1,1,0,0,0.5,1,0,0,0,192.1983828,192.9179463,196.1252858,196.125211,3.2072647,198.2371382,199.2453963,3.5,0.714285714285714,0.285714285714286,26,10,16,"(0, 0)"
95,36,2,1,1,0,1,0.35,0,0,1,1,199.251783,199.9725242,201.4617977,201.4617183,1.48919410000008,203.5854327,204.6020351,3.5,0.722222222222222,0.277777777777778,26,11,16,"(0, 1)"
96,37,2,1,1,1,2,0.35,0,0,1,1,204.60933,205.3406918,206.8907738,206.6437266,1.30303479999998,209.0115198,210.0288361,3.5,0.72972972972973,0.27027027027027,27,11,16,"(1, 2)"
97,38,2,1,1,0,1,0.35,0,0,1,0,210.0434227,210.7150659,212.155448,212.1553701,1.44030420000013,214.2791621,215.2975409,3.5,0.736842105263158,0.263157894736842,28,11,16,"(0, 1)"
98,39,2,1,1,2,2,0.5,1,1,1,1,215.3039264,216.0263544,217.6866281,217.6865487,1.66019430000006,219.7984994,220.8148523,3.5,0.743589743589744,0.256410256410256,29,11,16,"(2, 2)"
99,40,2,1,1,2,0,0.35,0,0,1,1,220.8223199,221.5091295,223.960418,223.9603414,2.45121190000009,226.0721828,227.0805207,3.5,0.75,0.25,30,11,16,"(2, 0)"
100,41,2,1,1,0,0,0.5,1,1,1,0,227.0878774,227.7740157,229.3546496,229.1154275,1.34141179999983,231.4831225,232.4907653,3.5,0.75609756097561,0.24390243902439,31,11,16,"(0, 0)"
101,42,2,1,1,1,1,0.5,1,1,1,1,232.4973881,233.2040294,234.7643278,234.3717466,1.16771719999997,236.8965583,237.9165247,3.5,0.761904761904762,0.238095238095238,32,11,16,"(1, 1)"
102,43,2,1,1,2,0,0.35,0,0,1,1,237.9222402,238.603306,240.1578843,239.8355773,1.23227130000009,242.2760619,243.283177,3.5,0.767441860465116,0.232558139534884,33,11,16,"(2, 0)"
103,44,2,1,1,1,1,0.5,1,1,1,0,243.2975659,243.9926402,246.3321069,246.3320307,2.33939049999981,248.4439091,249.4526322,3.5,0.772727272727273,0.227272727272727,34,11,16,"(1, 1)"
104,45,2,1,1,0,0,0.5,1,1,1,1,249.4582333,250.1496471,251.7058969,251.2836454,1.13399830000003,253.8207205,254.8316794,3.5,0.777777777777778,0.222222222222222,35,11,16,"(0, 0)"
105,46,2,1,1,0,1,0.35,0,0,1,1,254.8373386,255.5233668,256.9341276,256.9340513,1.41068449999989,259.0654081,260.0759975,3.5,0.782608695652174,0.217391304347826,36,11,16,"(0, 1)"
106,47,2,1,1,2,1,0.15,0,0,1,1,260.0817218,260.7682575,262.3361505,262.0513748,1.28311730000019,264.4610222,265.477587,3.5,0.787234042553192,0.212765957446808,37,11,16,"(2, 1)"
107,48,2,1,1,0,2,0.15,0,0,1,1,265.4832598,266.1634684,268.1671352,268.1670589,2.00359049999997,270.2789716,271.2884854,3.5,0.791666666666667,0.208333333333333,38,11,16,"(0, 2)"
108,49,2,1,1,0,1,0.35,0,0,1,1,271.2951076,271.9823278,273.5909802,273.2594987,1.2771709000001,275.717118,276.7257163,3.5,0.795918367346939,0.204081632653061,39,11,16,"(0, 1)"
109,50,2,1,1,2,2,0.5,1,1,1,0,276.7315696,277.4496629,279.0489954,278.5155907,1.06592780000005,281.1685341,282.1811384,3.5,0.8,0.2,40,11,16,"(2, 2)"
110,51,2,1,1,1,2,0.35,0,0,1,1,282.1957507,282.8919059,284.4495098,284.0513419,1.15943599999991,286.5809889,287.5872481,3.5,0.803921568627451,0.196078431372549,41,11,16,"(1, 2)"
111,52,2,1,1,0,0,0.5,1,1,1,1,287.5939325,288.3040344,289.8841891,289.643539,1.33950459999983,292.0091539,293.0308087,3.5,0.807692307692308,0.192307692307692,42,11,16,"(0, 0)"
112,53,2,1,1,1,2,0.35,0,0,1,1,293.0381768,293.7791752,295.3656035,294.99559,1.21641479999994,297.4864388,298.4930508,3.5,0.811320754716981,0.188679245283019,43,11,16,"(1, 2)"
113,54,2,1,1,2,1,0.15,0,0,1,0,298.4994283,299.2066717,302.2137548,302.2136775,3.00700579999989,304.3255036,305.3336048,3.5,0.814814814814815,0.185185185185185,44,11,16,"(2, 1)"
114,55,2,1,1,0,0,0.5,1,1,1,1,305.3408012,306.0621001,307.5012138,307.5011343,1.43903420000015,309.6248114,310.6393614,3.5,0.818181818181818,0.181818181818182,45,11,16,"(0, 0)"
115,56,2,1,1,1,2,0.35,0,0,1,1,310.6457187,311.3854997,312.9837784,312.9836984,1.59819870000001,315.0955597,316.1042648,3.5,0.821428571428571,0.178571428571429,46,11,16,"(1, 2)"
116,57,2,1,1,1,0,0.15,0,0,1,0,316.1187995,316.8253012,318.4220687,317.9313059,1.10600470000008,320.5437878,321.5498007,3.5,0.824561403508772,0.175438596491228,47,11,16,"(1, 0)"
117,58,2,1,1,2,0,0.35,0,0,1,1,321.5562523,322.265075,323.9417299,323.941648,1.67657299999996,326.0557136,327.0706285,3.5,0.827586206896552,0.172413793103448,48,11,16,"(2, 0)"
118,59,2,1,1,2,2,0.5,1,1,1,0,327.0762538,327.7915634,329.3827557,329.139399,1.34783559999983,331.4990846,332.5104864,3.5,0.830508474576271,0.169491525423729,49,11,16,"(2, 2)"
119,60,2,1,1,0,1,0.35,0,0,1,1,332.5161908,333.2268561,335.1724454,335.1723671,1.9455109999999,337.2842605,338.2924651,3.5,0.833333333333333,0.166666666666667,50,11,16,"(0, 1)"
120,1,3,2,0,2,2,0.5,1,1,1,1,7.70999999986088e-05,0.705793400000175,2.22219310000014,2.01161460000003,1.30582119999985,4.35016350000001,5.37012050000021,3.5,1.0,0.0,1,1,16,"(2, 2)"
121,2,3,2,0,0,0,0.5,1,1,1,1,5.37374250000016,6.06076390000021,7.66316690000008,7.66308620000018,1.60232229999997,9.77504240000007,10.7825667000002,3.5,1.0,0.0,2,1,16,"(0, 0)"
122,3,3,2,0,2,2,0.5,1,0,0,0,10.7885861000002,11.4809208000001,13.0794896000002,13.0794091,1.59848829999987,15.2076057000002,16.2147842000002,3.5,0.666666666666667,0.333333333333333,3,1,16,"(2, 2)"
123,4,3,2,0,0,1,0.35,0,0,1,0,16.2290862000002,16.9798724000002,19.5167274,19.5166524000001,2.53677999999991,21.6285400000002,22.6366387,3.5,0.75,0.25,3,2,16,"(0, 1)"
124,5,3,2,0,0,0,0.5,1,1,1,1,22.6429983,23.3356984000002,25.4859763000002,25.4858988000001,2.1502003999999,27.5977351000001,28.6059603000001,3.5,0.8,0.2,4,2,16,"(0, 0)"
125,6,3,2,0,0,0,0.5,1,1,1,1,28.6123970000001,29.3058832000002,30.9156964000001,30.9156189,1.60973569999987,33.0462875000001,34.0626221,3.5,0.833333333333333,0.166666666666667,5,2,16,"(0, 0)"
126,7,3,2,0,1,1,0.5,1,1,1,1,34.0691146000001,34.7667125,36.3291171000001,36.0753014000002,1.30858890000013,38.4614976,39.4816413000001,3.5,0.857142857142857,0.142857142857143,6,2,16,"(1, 1)"
127,8,3,2,0,0,0,0.5,1,1,1,1,39.4873896000001,40.1822549000001,41.7438834000002,41.2912858000002,1.10903090000011,43.8620290000001,44.8811912000001,3.5,0.875,0.125,7,2,16,"(0, 0)"
128,9,3,2,0,1,0,0.15,0,0,1,0,44.896424,45.6020600000002,47.1615730000001,46.8915227,1.28946269999983,49.2804183000001,50.2979932000001,3.5,0.888888888888889,0.111111111111111,8,2,16,"(1, 0)"
129,10,3,2,0,1,2,0.35,0,0,1,0,50.3055223000001,51.0025067000001,53.2119375000002,53.2118592000002,2.20935250000002,55.3238721,56.3318510000001,3.5,0.9,0.1,9,2,16,"(1, 2)"
130,11,3,2,0,1,2,0.35,0,1,0,0,56.3392302000002,57.0425979000001,58.6150847000001,58.6150069,1.57240899999988,60.7387636000001,61.7484222,3.5,0.818181818181818,0.181818181818182,10,2,16,"(1, 2)"
131,12,3,2,0,2,2,0.5,1,1,1,1,61.7559163000001,62.4499412,63.8540889000001,63.8540126,1.40407140000002,65.9813800000002,66.9875704000001,3.5,0.833333333333333,0.166666666666667,10,3,16,"(2, 2)"
132,13,3,2,0,0,2,0.15,0,0,1,0,66.9943143,67.6988080000001,70.8211311,70.8210524000001,3.1222444,72.9329381,73.9409082000002,3.5,0.846153846153846,0.153846153846154,11,3,16,"(0, 2)"
133,14,3,2,0,2,0,0.35,0,0,1,1,73.9482569000002,74.6533521000001,76.1326112000002,75.8512245000002,1.19787240000005,78.2485996,79.2682086000002,3.5,0.857142857142857,0.142857142857143,12,3,16,"(2, 0)"
134,15,3,2,0,1,0,0.15,0,0,1,1,79.2836606000001,79.9714906000002,81.5379318,81.1711867000001,1.19969609999998,83.6652532000001,84.6817462000001,3.5,0.866666666666667,0.133333333333333,13,3,16,"(1, 0)"
135,16,3,2,0,1,1,0.5,1,1,1,1,84.6891374000002,85.4106102000001,86.9750764,86.3792009000001,0.96859070000005,89.0805316000001,90.0997110000001,3.5,0.875,0.125,14,3,16,"(1, 1)"
136,17,3,2,0,1,2,0.35,0,0,1,1,90.1066964000001,90.8168776,92.3884436000001,91.7232173000002,0.906339700000217,94.4944039000002,95.5095393000001,3.5,0.882352941176471,0.117647058823529,15,3,16,"(1, 2)"
137,18,3,2,0,2,2,0.5,1,1,1,0,95.5172624000002,96.2441813,98.0264347000002,98.0263561000002,1.78217480000012,100.1382725,101.1471574,3.5,0.888888888888889,0.111111111111111,16,3,16,"(2, 2)"
138,19,3,2,0,1,2,0.35,0,0,1,0,101.1531746,101.883445,103.4793435,103.1631954,1.27975040000001,105.6200651,106.6647872,3.5,0.894736842105263,0.105263157894737,17,3,16,"(1, 2)"
139,20,3,2,0,2,0,0.35,0,0,1,1,106.892912,107.9748916,109.6717263,109.1312578,1.15636620000009,111.8226562,112.8692565,3.5,0.9,0.1,18,3,16,"(2, 0)"
140,21,3,2,0,1,2,0.35,0,0,1,1,113.0178998,113.9677923,115.4956239,115.4955425,1.5277501999999,117.6192372,118.6335238,3.5,0.904761904761905,0.0952380952380952,19,3,16,"(1, 2)"
141,22,3,2,0,2,2,0.5,1,1,1,1,118.6547904,119.6219464,121.7472995,120.803396,1.18144959999995,123.908119,124.9587834,3.5,0.909090909090909,0.0909090909090909,20,3,16,"(2, 2)"
142,23,3,2,0,0,1,0.35,0,0,1,0,125.1345602,126.1456731,128.5247493,127.0271216,0.881448500000033,130.6730799,131.7224116,3.5,0.91304347826087,0.0869565217391305,21,3,16,"(0, 1)"
143,24,3,2,0,0,2,0.15,0,0,1,0,131.8645482,132.875464,134.5057213,134.5056407,1.63017669999999,136.6183526,137.638192,3.5,0.916666666666667,0.0833333333333334,22,3,16,"(0, 2)"
144,25,3,2,0,0,0,0.5,1,1,1,1,137.6455682,138.99044,140.8616131,140.035119,1.04467900000009,143.0101516,144.0570956,3.5,0.92,0.08,23,3,16,"(0, 0)"
145,26,3,2,0,1,1,0.5,1,1,1,1,144.2351573,145.2432888,147.624486,146.4193482,1.17605939999999,149.789841,150.826692,3.5,0.923076923076923,0.0769230769230769,24,3,16,"(1, 1)"
146,27,3,2,0,2,0,0.35,0,0,1,0,150.9752707,152.6866097,154.2735883,153.7550712,1.06846150000001,156.4012663,157.4280693,3.5,0.925925925925926,0.0740740740740741,25,3,16,"(2, 0)"
147,28,3,2,0,1,1,0.5,1,1,1,1,157.6271048,158.4278433,160.5379641,159.4830248,1.05518149999989,162.7040795,163.7458196,3.5,0.928571428571429,0.0714285714285714,26,3,16,"(1, 1)"
148,29,3,2,0,0,0,0.5,1,1,1,1,163.9238877,165.0008453,166.5609269,166.1872943,1.18644900000004,168.6945262,169.7075981,3.5,0.931034482758621,0.0689655172413793,27,3,16,"(0, 0)"
149,30,3,2,0,0,1,0.35,0,0,1,1,169.7155703,170.4086708,171.9677703,171.2111976,0.802526799999896,174.0790166,175.0959854,3.5,0.933333333333333,0.0666666666666667,28,3,16,"(0, 1)"
150,31,3,2,0,0,0,0.5,1,1,1,1,175.1041367,176.902619,178.5041562,177.691029,0.788409999999885,180.6288446,181.6606237,3.5,0.935483870967742,0.0645161290322581,29,3,16,"(0, 0)"
151,32,3,2,0,0,1,0.35,0,0,1,1,181.827433,182.5607842,184.1645341,183.947017,1.38623280000002,186.2815827,187.2939253,3.5,0.9375,0.0625,30,3,16,"(0, 1)"
152,33,3,2,0,1,1,0.5,1,1,1,0,187.3071471,189.4443978,191.0120218,190.2672737,0.822875899999872,193.1367996,194.1626668,3.5,0.939393939393939,0.0606060606060606,31,3,16,"(1, 1)"
153,34,3,2,0,2,0,0.35,0,0,1,0,194.345854,195.1023835,196.6561716,196.6560899,1.55370640000001,198.7798102,199.802872,3.5,0.941176470588235,0.0588235294117647,32,3,16,"(2, 0)"
154,35,3,2,0,1,1,0.5,1,1,1,1,199.8159147,200.5262182,202.2184067,202.2183247,1.69210649999991,204.3397683,205.3636885,3.5,0.942857142857143,0.0571428571428572,33,3,16,"(1, 1)"
155,36,3,2,0,2,0,0.35,0,0,1,1,205.370237,206.0566748,207.6160884,207.4031216,1.34644679999997,209.7332641,210.7470495,3.5,0.944444444444444,0.0555555555555556,34,3,16,"(2, 0)"
156,37,3,2,0,1,1,0.5,1,1,1,0,210.7550063,211.4422697,213.0196165,212.6671265,1.2248568,215.1519956,216.1708509,3.5,0.945945945945946,0.0540540540540541,35,3,16,"(1, 1)"
157,38,3,2,0,2,2,0.5,1,1,1,1,216.1813798,216.9322914,219.2315945,218.2111046,1.27881319999983,221.3945686,222.4409349,3.5,0.947368421052632,0.0526315789473685,36,3,16,"(2, 2)"
158,39,3,2,0,2,2,0.5,1,1,1,1,222.6549583,223.750012,225.3429859,224.859199,1.10918700000002,227.4745369,228.4858738,3.5,0.948717948717949,0.0512820512820513,37,3,16,"(2, 2)"
159,40,3,2,0,2,1,0.15,0,0,1,1,228.4977931,229.1868727,231.460581,230.3629113,1.17603860000008,233.6219568,234.6661794,3.5,0.95,0.05,38,3,16,"(2, 1)"
160,41,3,2,0,1,0,0.15,0,0,1,1,234.8941633,235.9932098,237.6581241,237.6580421,1.66483229999994,239.7750753,240.799565,3.5,0.951219512195122,0.0487804878048781,39,3,16,"(1, 0)"
161,42,3,2,0,2,1,0.15,0,0,1,1,240.8123967,242.6509605,244.260088,244.0270517,1.37609120000002,246.4013421,247.4445611,3.5,0.952380952380952,0.0476190476190477,40,3,16,"(2, 1)"
162,43,3,2,0,0,2,0.15,0,0,1,1,247.6269504,248.4368354,251.0304447,251.0303641,2.59352869999998,253.1474933,254.1539638,3.5,0.953488372093023,0.0465116279069767,41,3,16,"(0, 2)"
163,44,3,2,0,0,0,0.5,1,1,1,1,254.1692871,254.8877357,256.6130361,256.6129546,1.72521890000007,258.7248893,259.7487329,3.5,0.954545454545455,0.0454545454545454,42,3,16,"(0, 0)"
164,45,3,2,0,1,1,0.5,1,1,1,1,259.7620333,260.5414629,262.4050212,262.4049409,1.86347799999999,264.5168374,265.5411683,3.5,0.955555555555556,0.0444444444444444,43,3,16,"(1, 1)"
165,46,3,2,0,2,0,0.35,0,0,1,1,265.549716,267.3099865,268.9322544,268.9321722,1.62218570000005,271.0738063,272.1215887,3.5,0.956521739130435,0.0434782608695652,44,3,16,"(2, 0)"
166,47,3,2,0,1,2,0.35,0,0,1,0,272.2871257,273.0354727,274.6839396,274.6838588,1.64838609999993,276.7957088,277.8151255,3.5,0.957446808510638,0.0425531914893617,45,3,16,"(1, 2)"
167,48,3,2,0,2,2,0.5,1,1,1,0,277.8266711,278.609854,280.7554755,279.8748322,1.26497820000009,282.9187135,283.9707426,3.5,0.958333333333333,0.0416666666666666,46,3,16,"(2, 2)"
168,49,3,2,0,1,1,0.5,1,1,1,1,284.1784534,285.304349,287.3780625,286.5870146,1.2826656000002,289.5381784,290.5830454,3.5,0.959183673469388,0.0408163265306123,47,3,16,"(1, 1)"
169,50,3,2,0,1,2,0.35,0,0,1,1,290.7498936,291.7316177,294.7129505,294.71287,2.98125230000005,296.8249439,297.8330831,3.5,0.96,0.04,48,3,16,"(1, 2)"
170,51,3,2,0,0,0,0.5,1,1,1,0,297.8444325,299.803014,301.3814013,300.7067893,0.903775300000007,303.5033455,304.5395596,3.5,0.96078431372549,0.0392156862745098,49,3,16,"(0, 0)"
171,52,3,2,0,1,1,0.5,1,1,1,1,304.7317349,305.5093807,308.1637437,308.1636662,2.65428550000001,310.2754745,311.2836545,3.5,0.961538461538462,0.0384615384615384,50,3,16,"(1, 1)"
172,53,3,2,0,0,1,0.35,0,0,1,1,311.3101874,313.3551542,316.6438352,316.643752,3.28859780000016,318.7754873,319.8033874,3.5,0.962264150943396,0.0377358490566038,51,3,16,"(0, 1)"
173,54,3,2,0,2,0,0.35,0,0,1,1,319.9774952,320.7306496,322.5244407,322.0587401,1.32809049999992,324.6983051,325.7355193,3.5,0.962962962962963,0.0370370370370371,52,3,16,"(2, 0)"
174,55,3,2,0,0,0,0.5,1,1,1,1,325.915062,327.6820775,329.2883199,328.8907376,1.20866010000009,331.4255258,332.4493458,3.5,0.963636363636364,0.0363636363636364,53,3,16,"(0, 0)"
175,56,3,2,0,2,2,0.5,1,1,1,1,332.5981725,333.3556438,334.9174987,334.4667369,1.11109310000006,337.0339592,338.0406892,3.5,0.964285714285714,0.0357142857142857,54,3,16,"(2, 2)"
176,57,3,2,0,0,1,0.35,0,0,1,1,338.0540543,340.7251836,342.3276414,341.4508395,0.725655899999992,344.4469279,345.4802102,3.5,0.964912280701754,0.0350877192982456,55,3,16,"(0, 1)"
177,58,3,2,0,2,1,0.15,0,0,1,0,345.6606979,346.4253803,348.2398041,348.2397253,1.814345,350.3517083,351.3624635,3.5,0.96551724137931,0.0344827586206896,56,3,16,"(2, 1)"
178,59,3,2,0,0,1,0.35,0,0,1,1,351.374763,352.0661964,354.3423268,354.3422478,2.27605139999991,356.4542212,357.4621333,3.5,0.966101694915254,0.0338983050847458,57,3,16,"(0, 1)"
179,60,3,2,0,2,2,0.5,1,,0,0,357.4839615,358.1925486,359.5926286,361.6931621,,361.8320492,362.900478,3.5,0.95,0.05,58,3,16,"(2, 2)"
180,1,4,3,3,1,0,0.15,0,1,0,0,0.0001538000001346,0.705867399999988,2.29642250000006,1.50225610000007,0.79638870000008,4.40538690000017,5.42561070000011,3.5,0.0,1.0,1,1,16,"(1, 0)"
181,2,4,3,3,2,0,0.35,0,1,0,0,5.43989430000011,6.15034320000018,7.72268589999999,7.5019929,1.35164969999983,9.85076049999998,10.8755926000001,3.5,0.0,1.0,1,2,16,"(2, 0)"
182,3,4,3,3,2,0,0.35,0,0,1,0,11.0432040000001,12.3163074000001,13.9230475000002,13.9229631000001,1.60665569999992,16.0641241000001,17.0935542,3.5,0.333333333333333,0.666666666666667,1,3,16,"(2, 0)"
183,4,4,3,3,2,2,0.5,1,1,1,1,17.2428617,18.6428559000001,20.2396785000001,20.2395923000001,1.59673640000005,22.3633,23.3828918000002,3.5,0.5,0.5,2,3,16,"(2, 2)"
184,5,4,3,3,2,1,0.15,0,0,1,0,23.5169456000001,24.3131607,25.9767340000001,25.5021532000001,1.18899250000004,28.0929691000001,29.1023815000001,3.5,0.6,0.4,3,3,16,"(2, 1)"
185,6,4,3,3,0,0,0.5,1,1,1,1,29.1145016,31.0097747,32.6168895000001,32.3420602000001,1.33228550000013,34.7515201000001,35.7878702,3.5,0.666666666666667,0.333333333333333,4,3,16,"(0, 0)"
186,7,4,3,3,1,2,0.35,0,0,1,1,35.9429561000002,37.0639738,38.4711863,38.4710455000002,1.40707170000019,40.6190192000001,41.6454034000001,3.5,0.714285714285714,0.285714285714286,5,3,16,"(1, 2)"
187,8,4,3,3,1,1,0.5,1,0,0,1,41.7587886000001,42.4776360000001,45.6299917000001,45.6299103000001,3.15227430000004,47.7418856000002,48.7499358,3.5,0.625,0.375,6,3,16,"(1, 1)"
188,9,4,3,3,0,1,0.35,0,0,1,1,48.7617292,49.4629177000002,51.0610231000001,51.0609426000001,1.59802489999993,53.1728040000003,54.1927853000002,3.5,0.666666666666667,0.333333333333333,6,4,16,"(0, 1)"
189,10,4,3,3,2,0,0.35,0,0,1,1,54.1993947999999,54.9006164000002,56.3859115999999,56.3858287000003,1.48521230000006,58.5095624999999,59.5251814000003,3.5,0.7,0.3,7,4,16,"(2, 0)"
190,11,4,3,3,0,1,0.35,0,1,0,1,59.5425464,60.2429150000003,63.6960161000002,63.6959382,3.45302319999973,65.8078713,66.8160566000001,3.5,0.636363636363636,0.363636363636364,8,4,16,"(0, 1)"
191,12,4,3,3,0,0,0.5,1,1,1,1,66.8238245000002,67.5212719000001,69.0870195000002,68.8138726000002,1.29260070000009,71.2088766000002,72.2280163,3.5,0.666666666666667,0.333333333333333,8,5,16,"(0, 0)"
192,13,4,3,3,2,2,0.5,1,1,1,0,72.2349007000003,72.9298950000002,75.0067617,75.0066815999999,2.07678659999965,77.1188013000001,78.1268159000001,3.5,0.692307692307692,0.307692307692308,9,5,16,"(2, 2)"
193,14,4,3,3,1,1,0.5,1,0,0,1,78.1399123000001,78.8243227000003,80.8693404999999,80.8692615999998,2.04493889999958,82.9813867000003,83.9897340000002,3.5,0.642857142857143,0.357142857142857,10,5,16,"(1, 1)"
194,15,4,3,3,1,2,0.35,0,1,0,0,84.0020035000002,84.6929506000001,86.6152066,86.6151255,1.92217489999985,88.7271706000001,89.7352206999999,3.5,0.6,0.4,10,6,16,"(1, 2)"
195,16,4,3,3,0,0,0.5,1,1,1,1,89.7410316,90.4447424,92.4762228,92.4761444999999,2.03140209999992,94.5880493,95.5961163000002,3.5,0.625,0.375,10,7,16,"(0, 0)"
196,17,4,3,3,2,2,0.5,1,1,1,0,95.6026866000002,96.3373603,98.6491062999999,98.6490272000001,2.31166690000009,100.7608686,101.7689868,3.5,0.647058823529412,0.352941176470588,11,7,16,"(2, 2)"
197,18,4,3,3,0,1,0.35,0,0,1,1,101.7837993,102.4804416,105.4714155,105.4713358,2.99089419999973,107.5832842,108.5965105,3.5,0.666666666666667,0.333333333333333,12,7,16,"(0, 1)"
198,19,4,3,3,0,2,0.15,0,0,1,1,108.6031966,109.3049888,110.8588286,110.6537778,1.34878900000012,112.987454,113.9947455,3.5,0.684210526315789,0.315789473684211,13,7,16,"(0, 2)"
199,20,4,3,3,1,2,0.35,0,0,1,1,114.0023491,114.6936788,117.4716287,117.471548,2.77786919999971,119.5834508,120.5914429,3.5,0.7,0.3,14,7,16,"(1, 2)"
200,21,4,3,3,0,0,0.5,1,1,1,1,120.5974232,121.3028319,124.6005113,124.6004307,3.29759880000029,126.7127998,127.7203717,3.5,0.714285714285714,0.285714285714286,15,7,16,"(0, 0)"
201,22,4,3,3,0,0,0.5,1,1,1,0,127.7324584,128.4136646,129.9676776,129.6457348,1.23207019999973,132.0860938,133.0976494,3.5,0.727272727272727,0.272727272727273,16,7,16,"(0, 0)"
202,23,4,3,3,2,2,0.5,1,0,0,0,133.1094597,133.8053317,135.8697288,135.8696494,2.06431770000017,137.9815899,138.9897141,3.5,0.695652173913043,0.304347826086957,17,7,16,"(2, 2)"
203,24,4,3,3,1,1,0.5,1,1,1,1,139.0223245,139.714458,143.1360494,143.1359704,3.42151240000021,145.2478755,146.2560617,3.5,0.708333333333333,0.291666666666667,17,8,16,"(1, 1)"
204,25,4,3,3,0,1,0.35,0,0,1,1,146.2618478,146.960297,148.5160733,147.7897065,0.829409500000111,150.6205545,151.626755,3.5,0.72,0.28,18,8,16,"(0, 1)"
205,26,4,3,3,0,2,0.15,0,0,1,0,151.6334861,152.3342825,154.9022146,154.9021324,2.56784990000006,157.0140577,158.0220013,3.5,0.730769230769231,0.269230769230769,19,8,16,"(0, 2)"
206,27,4,3,3,0,0,0.5,1,1,1,1,158.0338282,158.7274839,160.2956801,159.9256637,1.19817979999971,162.4136629,163.4379745,3.5,0.740740740740741,0.259259259259259,20,8,16,"(0, 0)"
207,28,4,3,3,2,0,0.35,0,0,1,1,163.4445419,164.1481508,165.7078789,165.4376898,1.28953899999988,167.8373407,168.8544082,3.5,0.75,0.25,21,8,16,"(2, 0)"
208,29,4,3,3,1,0,0.15,0,0,1,0,168.8604304,169.5670709,171.1319489,170.813845,1.24677410000004,173.2625998,174.277451,3.5,0.758620689655172,0.241379310344828,22,8,16,"(1, 0)"
209,30,4,3,3,2,0,0.35,0,0,1,0,174.2922848,174.9915601,177.8941953,177.8941143,2.90255419999994,180.006131,181.0140725,3.5,0.766666666666667,0.233333333333333,23,8,16,"(2, 0)"
210,31,4,3,3,1,1,0.5,1,1,1,1,181.0198174,181.7727479,183.3346822,183.0456159,1.27286800000002,185.4506602,186.4666629,3.5,0.774193548387097,0.225806451612903,24,8,16,"(1, 1)"
211,32,4,3,3,1,1,0.5,1,1,1,1,186.4741884,187.1890662,189.2533051,188.0376201,0.848553899999843,191.3677045,192.3737157,3.5,0.78125,0.21875,25,8,16,"(1, 1)"
212,33,4,3,3,2,0,0.35,0,0,1,1,192.3837728,193.1433536,194.9578499,194.9577696,1.81441600000016,197.0698644,198.0778098,3.5,0.787878787878788,0.212121212121212,26,8,16,"(2, 0)"
213,34,4,3,3,0,1,0.35,0,0,1,0,198.0848297,200.2935938,201.8623087,201.2456064,0.952012600000216,203.9700175,204.9889014,3.5,0.794117647058823,0.205882352941177,27,8,16,"(0, 1)"
214,35,4,3,3,1,1,0.5,1,1,1,1,205.0446155,205.7491869,208.3840604,208.3839786,2.63479169999982,210.4959133,211.5041302,3.5,0.8,0.2,28,8,16,"(1, 1)"
215,36,4,3,3,0,0,0.5,1,1,1,1,211.5159225,212.2090322,214.1610507,213.1655929,0.956560699999955,216.3068568,217.3513592,3.5,0.805555555555556,0.194444444444444,29,8,16,"(0, 0)"
216,37,4,3,3,1,2,0.35,0,0,1,1,217.5602039,218.5692589,220.0683034,219.5335152,0.964256300000216,222.1724151,223.1872825,3.5,0.810810810810811,0.189189189189189,30,8,16,"(1, 2)"
217,38,4,3,3,2,2,0.5,1,1,1,1,223.19863,224.0097238,225.9940805,224.805575,0.795851200000016,228.1455079,229.1932464,3.5,0.815789473684211,0.184210526315789,31,8,16,"(2, 2)"
218,39,4,3,3,1,1,0.5,1,1,1,0,229.3924403,230.3391713,231.928499,231.1655481,0.826376800000162,234.0337578,235.0514242,3.5,0.82051282051282,0.17948717948718,32,8,16,"(1, 1)"
219,40,4,3,3,0,0,0.5,1,1,1,1,235.0595088,236.3781642,237.961736,237.9616494,1.58348520000027,240.0863299,241.1157322,3.5,0.825,0.175,33,8,16,"(0, 0)"
220,41,4,3,3,0,0,0.5,1,1,1,1,241.1299796,241.8488705,244.1994499,244.1993711,2.35050060000003,246.3117907,247.3192418,3.5,0.829268292682927,0.170731707317073,34,8,16,"(0, 0)"
221,42,4,3,3,2,1,0.15,0,0,1,1,247.3269693,248.0378536,249.6135111,249.6133857,1.57553209999969,251.7371773,252.7473047,3.5,0.833333333333333,0.166666666666667,35,8,16,"(2, 1)"
222,43,4,3,3,1,1,0.5,1,1,1,1,252.7739597,253.532919,255.0945511,254.4376796,0.904760599999918,257.1967871,258.2108339,3.5,0.837209302325581,0.162790697674419,36,8,16,"(1, 1)"
223,44,4,3,3,1,1,0.5,1,1,1,0,258.2238718,258.8648424,260.4431238,259.6216682,0.75682579999966,262.5463656,263.5568096,3.5,0.840909090909091,0.159090909090909,37,8,16,"(1, 1)"
224,45,4,3,3,2,2,0.5,1,1,1,0,263.568906,264.2884027,265.9675558,265.509678,1.22127529999989,268.100191,269.1159443,3.5,0.844444444444444,0.155555555555556,38,8,16,"(2, 2)"
225,46,4,3,3,1,0,0.15,0,0,1,1,269.1284537,269.7660823,272.5553389,271.1094715,1.34338919999982,274.7165308,275.7551469,3.5,0.847826086956522,0.152173913043478,39,8,16,"(1, 0)"
226,47,4,3,3,0,0,0.5,1,1,1,1,275.9499545,277.0234448,278.6020004,278.3096921,1.28624730000001,280.7337338,281.7430858,3.5,0.851063829787234,0.148936170212766,40,8,16,"(0, 0)"
227,48,4,3,3,2,2,0.5,1,1,1,1,281.7555124,284.1484386,285.6379221,285.6378352,1.48939659999996,287.7771643,288.8127133,3.5,0.854166666666667,0.145833333333333,41,8,16,"(2, 2)"
228,49,4,3,3,2,0,0.35,0,0,1,1,288.981182,289.7896985,291.3603123,290.4936433,0.703944800000045,293.4662194,294.4830571,3.5,0.857142857142857,0.142857142857143,42,8,16,"(2, 0)"
229,50,4,3,3,1,2,0.35,0,0,1,1,294.4946944,295.1645003,297.6984041,296.1656621,1.00116180000032,299.8445023,300.8929675,3.5,0.86,0.14,43,8,16,"(1, 2)"
230,51,4,3,3,0,1,0.35,0,0,1,0,301.1060383,302.5422196,304.1345455,303.789588,1.24736840000014,306.2756282,307.323217,3.5,0.862745098039216,0.137254901960784,44,8,16,"(0, 1)"
231,52,4,3,3,1,2,0.35,0,0,1,1,307.4676521,308.2599331,310.8195299,309.0855551,0.825621999999839,312.9721835,314.0125843,3.5,0.865384615384615,0.134615384615385,45,8,16,"(1, 2)"
232,53,4,3,3,0,2,0.15,0,0,1,0,314.2009593,315.2605138,316.7873212,316.7872372,1.52672340000026,318.9109333,319.931333,3.5,0.867924528301887,0.132075471698113,46,8,16,"(0, 2)"
233,54,4,3,3,0,1,0.35,0,0,1,0,319.9440829,320.678818,322.9346194,322.9345371,2.25571910000008,325.0464854,326.0544833,3.5,0.87037037037037,0.12962962962963,47,8,16,"(0, 1)"
234,55,4,3,3,2,2,0.5,1,1,1,1,326.0688299,327.4347546,329.8028909,329.8028036,2.36804900000016,331.9307166,332.962332,3.5,0.872727272727273,0.127272727272727,48,8,16,"(2, 2)"
235,56,4,3,3,2,1,0.15,0,0,1,1,333.1469258,333.895924,335.7271053,335.7270238,1.83109980000017,337.8461374,338.8550702,3.5,0.875,0.125,49,8,16,"(2, 1)"
236,57,4,3,3,1,1,0.5,1,1,1,1,338.8743658,340.4878226,342.4054547,341.3815143,0.89369170000009,344.5575704,345.6058172,3.5,0.87719298245614,0.12280701754386,50,8,16,"(1, 1)"
237,58,4,3,3,1,2,0.35,0,0,1,1,345.8079488,347.2716773,348.9032667,348.2055728,0.933895499999835,351.0225715,352.0578118,3.5,0.879310344827586,0.120689655172414,51,8,16,"(1, 2)"
238,59,4,3,3,2,2,0.5,1,1,1,0,352.2331929,352.9926706,356.1367333,356.1366516,3.14398100000017,358.2491243,359.2566744,3.5,0.88135593220339,0.11864406779661,52,8,16,"(2, 2)"
239,60,4,3,3,2,2,0.5,1,1,1,1,359.2690706,360.0276666,362.7982566,360.6693015,0.641634900000099,364.9449223,365.9944247,3.5,0.883333333333333,0.116666666666667,53,8,16,"(2, 2)"
0,1,1,0,0,2,0,0.5,1,0,0,0,0.0107861000000185,0.667080100000021,2.14520679999998,1.50031799999999,0.833237899999972,4.29626050000002,5.31173339999998,3.5,0.0,1.0,1,1,10,"(2, 0)"
1,2,1,0,0,1,1,0.5,1,1,1,1,5.47785839999995,6.09912589999999,7.58370019999995,6.7242281,0.625102200000015,9.69862079999996,10.7153681999999,3.5,0.5,0.5,1,2,10,"(1, 1)"
2,3,1,0,0,2,2,0.35,0,0,1,1,10.7882596999999,11.4333134999999,12.9226494999999,12.4683662,1.03505270000005,15.0305278999999,16.0436609999999,3.5,0.666666666666667,0.333333333333333,2,2,10,"(2, 2)"
3,4,1,0,0,0,0,0.15,0,0,1,1,16.0597766999999,16.7027294,18.1922916,17.8444039999999,1.14167459999999,20.3105472999999,21.3292763999999,3.5,0.75,0.25,3,2,10,"(0, 0)"
4,5,1,0,0,1,1,0.5,1,1,1,1,21.3401024,21.9726542,23.4508634,22.7962954999999,0.823641299999963,25.5584344,26.5792998999999,3.5,0.8,0.2,4,2,10,"(1, 1)"
5,6,1,0,0,2,2,0.35,0,0,1,0,26.6015318999999,27.2262383,28.714427,28.1643081,0.938069799999994,30.8171901999999,31.8421016999999,3.5,0.833333333333333,0.166666666666667,5,2,10,"(2, 2)"
6,7,1,0,0,2,1,0.15,0,0,1,1,31.8491368,32.4734254,34.0050368999999,34.0048779,1.5314525,36.1288776,37.1404344,3.5,0.857142857142857,0.142857142857143,6,2,10,"(2, 1)"
7,8,1,0,0,2,0,0.5,1,1,1,0,37.1471389999999,37.7717861,39.2594174999999,38.8602913,1.08850519999999,41.3682443,42.3744647,3.5,0.875,0.125,7,2,10,"(2, 0)"
8,9,1,0,0,2,1,0.15,0,1,0,0,42.3808819,43.0053753999999,44.4845362999999,44.0683058,1.06293040000003,46.5973849,47.6046689999999,3.5,0.777777777777778,0.222222222222222,8,2,10,"(2, 1)"
9,10,1,0,0,1,1,0.5,1,0,0,1,47.6113812,48.2349763999999,49.7137418999999,49.540176,1.30519960000004,51.8403278999999,52.8576524,3.5,0.7,0.3,8,3,10,"(1, 1)"
10,11,1,0,0,2,2,0.35,0,1,0,0,52.8641878999999,53.4878666999999,54.972491,54.4761495,0.988282800000093,57.0863402,58.0972475,3.5,0.636363636363636,0.363636363636364,8,4,10,"(2, 2)"
11,12,1,0,0,2,0,0.5,1,1,1,0,58.102805,58.7310573,60.2102904,59.8763401,1.14528280000002,62.3344046,63.3505447,3.5,0.666666666666667,0.333333333333333,8,5,10,"(2, 0)"
12,13,1,0,0,0,1,0.35,0,0,1,1,63.3569516,63.9889886,65.4670593999999,65.2282521,1.23926349999999,67.5836175999999,68.5966258,3.5,0.692307692307692,0.307692307692308,9,5,10,"(0, 1)"
13,14,1,0,0,0,2,0.5,1,1,1,1,68.6030635,69.2220408999999,71.0232996999999,71.0232165,1.80117560000008,73.1351148,74.1434045999999,3.5,0.714285714285714,0.285714285714286,10,5,10,"(0, 2)"
14,15,1,0,0,0,2,0.5,1,1,1,1,74.149053,74.7647354999999,76.2481715,76.2480868,1.48335130000009,78.3717383999999,79.3877231,3.5,0.733333333333333,0.266666666666667,11,5,10,"(0, 2)"
15,16,1,0,0,0,2,0.5,1,1,1,1,79.3936633,80.0060625,81.4840303999999,80.9481565,0.942093999999997,83.5943314,84.6010943,3.5,0.75,0.25,12,5,10,"(0, 2)"
16,17,1,0,0,0,2,0.5,1,1,1,1,84.6156874999999,85.2532094999999,86.7399739,86.5241181,1.2709086000001,88.8553892,89.8637156,3.5,0.764705882352941,0.235294117647059,13,5,10,"(0, 2)"
17,18,1,0,0,1,1,0.5,1,1,1,0,89.870097,90.4966104,92.3448847999999,92.3447927,1.84818229999996,94.4568059999999,95.4649511,3.5,0.777777777777778,0.222222222222222,14,5,10,"(1, 1)"
18,19,1,0,0,1,0,0.35,0,1,0,0,95.4705478,96.0863393999999,97.6836459,97.683502,1.59716260000005,99.7953831999999,100.8151343,3.5,0.736842105263158,0.263157894736842,15,5,10,"(1, 0)"
19,20,1,0,0,0,1,0.35,0,0,1,1,100.821792,101.4350623,102.877723,102.8775511,1.44248880000009,105.0013074,106.0131765,3.5,0.75,0.25,15,6,10,"(0, 1)"
20,21,1,0,0,2,1,0.15,0,1,0,0,106.018827,106.6300191,108.1076962,107.924257,1.2942379000001,110.2260773,111.2428263,3.5,0.714285714285714,0.285714285714286,16,6,10,"(2, 1)"
21,22,1,0,0,0,2,0.5,1,1,1,1,111.2483856,111.859538,113.338891,113.1001059,1.24056790000009,115.4639628,116.486301,3.5,0.727272727272727,0.272727272727273,16,7,10,"(0, 2)"
22,23,1,0,0,1,1,0.5,1,1,1,0,116.5010495,117.1119492,118.588957,118.4602587,1.34830950000003,120.7132737,121.72899,3.5,0.739130434782609,0.260869565217391,17,7,10,"(1, 1)"
23,24,1,0,0,2,0,0.5,1,0,0,1,121.7345584,122.3562167,123.8333206,123.724237,1.36802030000001,125.9491156,126.9658281,3.5,0.708333333333333,0.291666666666667,18,7,10,"(2, 0)"
24,25,1,0,0,2,0,0.5,1,0,0,0,126.971439,127.5851977,129.0749959,128.7560666,1.17086889999996,131.1919074,132.2015281,3.5,0.68,0.32,18,8,10,"(2, 0)"
25,26,1,0,0,2,0,0.5,1,1,1,0,132.2087263,132.8176599,134.2981112,133.8200764,1.00241649999998,136.4015291,137.4076358,3.5,0.692307692307692,0.307692307692308,18,9,10,"(2, 0)"
26,27,1,0,0,0,0,0.15,0,0,1,1,137.4141899,138.0530204,139.5330604,139.4282303,1.37520990000007,141.6552261,142.669297,3.5,0.703703703703704,0.296296296296296,19,9,10,"(0, 0)"
27,28,1,0,0,1,2,0.15,0,0,1,1,142.6758604,143.2956596,144.7725383,144.4043136,1.108654,146.9025228,147.9151406,3.5,0.714285714285714,0.285714285714286,20,9,10,"(1, 2)"
28,29,1,0,0,1,0,0.35,0,1,0,0,147.9216595,148.5549354,150.1298561,150.1297815,1.57484609999995,152.2533064,153.2730359,3.5,0.689655172413793,0.310344827586207,21,9,10,"(1, 0)"
29,30,1,0,0,2,0,0.5,1,1,1,1,153.2876433,153.9041903,155.3814714,155.2042726,1.30008229999999,157.5085565,158.5223832,3.5,0.7,0.3,21,10,10,"(2, 0)"
30,31,1,0,0,1,2,0.15,0,0,1,0,158.5289233,159.1374328,160.6149349,160.3240451,1.18661229999998,162.7376083,163.7551642,3.5,0.709677419354839,0.290322580645161,22,10,10,"(1, 2)"
31,32,1,0,0,1,0,0.35,0,0,1,1,163.7616207,164.3737309,165.8650622,165.7242387,1.35050780000006,167.9934634,169.0000276,3.5,0.71875,0.28125,23,10,10,"(1, 0)"
32,33,1,0,0,0,1,0.35,0,1,0,1,169.0075878,169.657328,171.0930162,171.0929433,1.43561529999999,173.2167733,174.2382561,3.5,0.696969696969697,0.303030303030303,24,10,10,"(0, 1)"
33,34,1,0,0,2,0,0.5,1,0,0,0,174.2447014,174.8927147,176.4410837,176.4410099,1.54829519999998,178.5647412,179.5854713,3.5,0.676470588235294,0.323529411764706,24,11,10,"(2, 0)"
34,35,1,0,0,1,0,0.35,0,0,1,1,179.5927229,180.3088304,181.9167747,181.9167021,1.60787170000003,184.0474975,185.0641325,3.5,0.685714285714286,0.314285714285714,24,12,10,"(1, 0)"
35,36,1,0,0,2,0,0.5,1,1,1,1,185.0784671,185.8074018,187.4083129,186.8841862,1.07678439999995,189.5108086,190.5237002,3.5,0.694444444444444,0.305555555555556,25,12,10,"(2, 0)"
36,37,1,0,0,0,1,0.35,0,1,0,0,190.5310208,191.2475746,192.8459102,192.2440418,0.996467199999984,194.9601764,195.9676015,3.5,0.675675675675676,0.324324324324324,26,12,10,"(0, 1)"
37,38,1,0,0,1,1,0.5,1,1,1,0,195.9733998,196.6846311,198.3970301,198.3969571,1.71232600000008,200.5090108,201.5328458,3.5,0.684210526315789,0.315789473684211,26,13,10,"(1, 1)"
38,39,1,0,0,0,2,0.5,1,1,1,0,201.5394562,202.24926,203.8366353,203.2282198,0.978959799999984,205.9474564,206.9579468,3.5,0.692307692307692,0.307692307692308,27,13,10,"(0, 2)"
39,40,1,0,0,1,1,0.5,1,0,0,0,206.9635476,207.7054213,209.1834339,209.183357,1.47793569999999,211.307038,212.3239634,3.5,0.675,0.325,28,13,10,"(1, 1)"
40,41,1,0,0,2,0,0.5,1,1,1,1,212.3304236,213.028868,214.4829322,214.4828591,1.45399109999994,216.6065755,217.6168644,3.5,0.682926829268293,0.317073170731707,28,14,10,"(2, 0)"
41,42,1,0,0,2,2,0.35,0,0,1,1,217.6312837,218.3497133,219.9273843,219.1962054,0.846492099999978,222.0298947,223.0442913,3.5,0.69047619047619,0.30952380952381,29,14,10,"(2, 2)"
42,43,1,0,0,1,2,0.15,0,0,1,1,223.0507107,223.7693934,225.3495804,224.8761993,1.10680589999993,227.4741714,228.4926259,3.5,0.697674418604651,0.302325581395349,30,14,10,"(1, 2)"
43,44,1,0,0,1,1,0.5,1,1,1,1,228.498224,229.233031,230.9054131,230.9053392,1.67230819999997,233.01734,234.037015,3.5,0.704545454545455,0.295454545454545,31,14,10,"(1, 1)"
44,45,1,0,0,0,2,0.5,1,1,1,0,234.0435601,234.756335,236.3385107,235.8761909,1.11985590000006,238.4583159,239.4655169,3.5,0.711111111111111,0.288888888888889,32,14,10,"(0, 2)"
45,46,1,0,0,0,2,0.5,1,0,0,1,239.4722181,240.1969258,241.7991726,241.3000693,1.1031435000001,243.9184282,244.9289423,3.5,0.695652173913043,0.304347826086957,33,14,10,"(0, 2)"
46,47,1,0,0,1,0,0.35,0,0,1,1,244.9346945,245.6442535,247.2162065,247.2161319,1.57187839999995,249.3398165,250.3517084,3.5,0.702127659574468,0.297872340425532,33,15,10,"(1, 0)"
47,48,1,0,0,2,2,0.35,0,0,1,1,250.3590558,251.0751591,252.5299257,252.5298506,1.45469149999997,254.6535738,255.6621402,3.5,0.708333333333333,0.291666666666667,34,15,10,"(2, 2)"
48,49,1,0,0,0,0,0.15,0,0,1,1,255.6770259,256.3943489,257.8597431,257.8596672,1.46531830000004,259.9834458,260.9927955,3.5,0.714285714285714,0.285714285714286,35,15,10,"(0, 0)"
49,50,1,0,0,0,1,0.35,0,1,0,1,260.9995329,261.7110507,264.8695869,264.8695145,3.15846379999994,266.9813834,267.9911533,3.5,0.7,0.3,36,15,10,"(0, 1)"
50,51,1,0,0,1,1,0.5,1,0,0,0,267.9977262,268.7162612,270.3068675,269.9161031,1.19984190000002,272.4219876,273.4299862,3.5,0.686274509803922,0.313725490196078,36,16,10,"(1, 1)"
51,52,1,0,0,0,1,0.35,0,1,0,0,273.4372465,274.1609941,275.7576633,275.4039711,1.242977,277.881335,278.8891889,3.5,0.673076923076923,0.326923076923077,36,17,10,"(0, 1)"
52,53,1,0,0,1,1,0.5,1,1,1,1,278.8949668,279.6021444,281.1340144,281.133939,1.53179460000001,283.2576084,284.2684096,3.5,0.679245283018868,0.320754716981132,36,18,10,"(1, 1)"
53,54,1,0,0,0,1,0.35,0,0,1,1,284.2740091,285.0031216,286.5911767,286.148138,1.14501640000003,288.7199545,289.7251056,3.5,0.685185185185185,0.314814814814815,37,18,10,"(0, 1)"
54,55,1,0,0,1,0,0.35,0,0,1,0,289.7394292,290.4568322,292.0764879,292.0764116,1.61957939999991,294.1882992,295.1955858,3.5,0.690909090909091,0.309090909090909,38,18,10,"(1, 0)"
55,56,1,0,0,2,2,0.35,0,1,0,0,295.2011794,295.9150261,297.370959,297.3708849,1.45585879999999,299.4946531,300.5025464,3.5,0.678571428571429,0.321428571428571,39,18,10,"(2, 2)"
56,57,1,0,0,1,0,0.35,0,0,1,1,300.508937,301.2307136,302.8098451,302.8097686,1.57905500000004,304.9334412,305.9447965,3.5,0.684210526315789,0.315789473684211,39,19,10,"(1, 0)"
57,58,1,0,0,2,2,0.35,0,1,0,1,305.9503781,306.6698815,308.1069946,308.1069196,1.4370381,310.2306083,311.2471147,3.5,0.672413793103448,0.327586206896552,40,19,10,"(2, 2)"
58,59,1,0,0,0,2,0.5,1,1,1,0,311.2534366,311.9739866,313.5574274,313.1721691,1.19818250000003,315.6789317,316.6896903,3.5,0.677966101694915,0.322033898305085,40,20,10,"(0, 2)"
59,60,1,0,0,0,2,0.5,1,1,1,1,316.6952253,317.4092784,318.9979638,318.6279315,1.21865309999998,321.1233206,322.1321696,3.5,0.683333333333333,0.316666666666667,41,20,10,"(0, 2)"
60,1,2,1,2,0,1,0.35,0,1,0,1,8.72999999046442e-05,0.729631099999892,2.31913299999997,1.71623749999992,0.986606400000028,4.42451019999999,5.43716169999993,3.5,0.0,1.0,1,1,10,"(0, 1)"
61,2,2,1,2,2,2,0.35,0,0,1,1,5.44848569999999,6.15787949999992,7.61562849999996,7.61555199999998,1.45767250000006,9.73933629999999,10.7508184,3.5,0.5,0.5,1,2,10,"(2, 2)"
62,3,2,1,2,1,1,0.5,1,0,0,0,10.7604521999999,11.4669124,12.9585817999999,12.9585026999999,1.49159029999998,15.0821342999999,16.0979007999999,3.5,0.333333333333333,0.666666666666667,2,2,10,"(1, 1)"
63,4,2,1,2,0,2,0.5,1,0,0,0,16.1043107999999,16.8218998999999,18.3834887999999,17.8362234,1.01432350000005,20.4870523999999,21.4984816,3.5,0.25,0.75,2,3,10,"(0, 2)"
64,5,2,1,2,0,1,0.35,0,1,0,0,21.5050463,22.1955557,23.7473007999999,23.3481912999999,1.15263559999994,25.872659,26.8849124999999,3.5,0.2,0.8,2,4,10,"(0, 1)"
65,6,2,1,2,0,0,0.15,0,0,1,1,26.8992343,27.5811328,29.1094766,29.1093975,1.52826470000002,31.2333106999999,32.2439198999999,3.5,0.333333333333333,0.666666666666667,2,5,10,"(0, 0)"
66,7,2,1,2,0,0,0.15,0,0,1,0,32.2508578999999,32.9554988,34.63613,34.6360512,1.68055240000001,36.7498995999999,37.7650272,3.5,0.428571428571429,0.571428571428571,3,5,10,"(0, 0)"
67,8,2,1,2,2,0,0.5,1,1,1,0,37.7715037999999,38.4598675999999,40.0209458999999,40.0208614999999,1.56099389999997,42.1446739999999,43.1650553999999,3.5,0.5,0.5,4,5,10,"(2, 0)"
68,9,2,1,2,0,2,0.5,1,1,1,1,43.1715820999999,43.8612168,45.4437114,45.4436304,1.5824136,47.5673767,48.5783621999999,3.5,0.555555555555556,0.444444444444444,5,5,10,"(0, 2)"
69,10,2,1,2,0,1,0.35,0,0,1,1,48.5856104,49.2795153,50.8470222,50.1882026,0.908687299999997,52.9493219999999,53.9596555999999,3.5,0.6,0.4,6,5,10,"(0, 1)"
70,11,2,1,2,2,0,0.5,1,1,1,1,53.9660905,54.6566832,56.2207953,55.6202966,0.963613399999986,58.3349502,59.3525056999999,3.5,0.636363636363636,0.363636363636364,7,5,10,"(2, 0)"
71,12,2,1,2,0,1,0.35,0,0,1,1,59.3590724999999,60.0513782999999,61.6058890999999,61.2364134999999,1.18503520000002,63.7265881,64.7424103,3.5,0.666666666666667,0.333333333333333,8,5,10,"(0, 1)"
72,13,2,1,2,2,0,0.5,1,0,0,1,64.7567557,65.438735,67.1349108999999,67.1348148,1.69607980000001,69.2444393,70.268333,3.5,0.615384615384615,0.384615384615385,9,5,10,"(2, 0)"
73,14,2,1,2,2,1,0.15,0,1,0,1,70.2746695,70.9678971999999,72.5216979999999,72.2281578999999,1.2602607,74.6521707999999,75.6588842,3.5,0.571428571428571,0.428571428571429,9,6,10,"(2, 1)"
74,15,2,1,2,0,2,0.5,1,1,1,1,75.6661591,76.347586,77.9052786,77.4363410999999,1.08875509999996,80.0331831,81.0419274999999,3.5,0.6,0.4,9,7,10,"(0, 2)"
75,16,2,1,2,2,0,0.5,1,0,0,0,81.0491532999999,81.7291780999999,83.1642515,83.1641707,1.4349926000001,85.2880031999999,86.3079866999999,3.5,0.5625,0.4375,10,7,10,"(2, 0)"
76,17,2,1,2,1,0,0.35,0,0,1,0,86.3144590999999,87.0219503,88.6945073999999,88.6944285,1.6724782,90.8063083,91.8223360999999,3.5,0.588235294117647,0.411764705882353,10,8,10,"(1, 0)"
77,18,2,1,2,1,0,0.35,0,1,0,0,91.8279759999999,92.5357316999999,94.2399009999999,94.2398207,1.70408900000007,96.3497632,97.3736531,3.5,0.555555555555556,0.444444444444444,11,8,10,"(1, 0)"
78,19,2,1,2,1,1,0.5,1,0,0,0,97.3878732999999,98.0869279,99.5005484,99.5004689,1.41354100000001,101.6310835,102.6363451,3.5,0.526315789473684,0.473684210526316,11,9,10,"(1, 1)"
79,20,2,1,2,1,1,0.5,1,1,1,1,102.6428588,103.3510374,104.958132,104.7481065,1.39706909999995,107.0863035,108.1016897,3.5,0.55,0.45,11,10,10,"(1, 1)"
80,21,2,1,2,2,0,0.5,1,1,1,1,108.1091458,108.8372034,110.4340385,109.8602437,1.02304029999982,112.5447776,113.5514053,3.5,0.571428571428571,0.428571428571429,12,10,10,"(2, 0)"
81,22,2,1,2,2,1,0.15,0,1,0,0,113.5570637,114.3153235,115.895445,115.6122926,1.29696910000007,118.0138087,119.0279391,3.5,0.545454545454545,0.454545454545455,13,10,10,"(2, 1)"
82,23,2,1,2,2,2,0.35,0,0,1,1,119.0342486,119.7581873,121.2014937,121.2014127,1.44322539999985,123.3250504,124.348405,3.5,0.565217391304348,0.434782608695652,13,11,10,"(2, 2)"
83,24,2,1,2,1,2,0.15,0,0,1,0,124.3555017,125.1795864,126.8659509,126.4122384,1.23265199999992,128.9986775,130.0121132,3.5,0.583333333333333,0.416666666666667,14,11,10,"(1, 2)"
84,25,2,1,2,1,0,0.35,0,1,0,0,130.0273942,130.709492,132.5196121,132.5195339,1.81004190000021,134.6314038,135.640243,3.5,0.56,0.44,15,11,10,"(1, 0)"
85,26,2,1,2,0,2,0.5,1,1,1,1,135.6474838,136.3900183,137.9553201,137.3481307,0.958112399999891,140.0666649,141.0843697,3.5,0.576923076923077,0.423076923076923,15,12,10,"(0, 2)"
86,27,2,1,2,0,2,0.5,1,1,1,0,141.0909333,141.8282997,143.4028495,143.1963037,1.36800399999993,145.5319589,146.5521011,3.5,0.592592592592593,0.407407407407407,16,12,10,"(0, 2)"
87,28,2,1,2,1,0,0.35,0,0,1,1,146.5594409,147.3222202,149.0001073,149.000029,1.67780879999987,151.11432,152.1309252,3.5,0.607142857142857,0.392857142857143,17,12,10,"(1, 0)"
88,29,2,1,2,0,0,0.15,0,0,1,1,152.1373414,152.8670959,154.5247939,154.5247189,1.65762300000006,156.6367047,157.6533258,3.5,0.620689655172414,0.379310344827586,18,12,10,"(0, 0)"
89,30,2,1,2,1,2,0.15,0,0,1,0,157.6590512,158.4057925,159.9664151,159.34811,0.942317500000172,162.0684368,163.0756288,3.5,0.633333333333333,0.366666666666667,19,12,10,"(1, 2)"
90,31,2,1,2,0,2,0.5,1,1,1,1,163.0821195,163.8015162,165.3815453,164.7243097,0.922793499999898,167.4846287,168.5025901,3.5,0.645161290322581,0.354838709677419,20,12,10,"(0, 2)"
91,32,2,1,2,2,0,0.5,1,1,1,1,168.516786,169.1936745,170.800673,170.5082498,1.31457530000012,172.9224412,173.9378506,3.5,0.65625,0.34375,21,12,10,"(2, 0)"
92,33,2,1,2,2,2,0.35,0,0,1,1,173.9435839,174.6503537,176.2307054,175.4520823,0.801728599999933,178.3401331,179.3506946,3.5,0.666666666666667,0.333333333333333,22,12,10,"(2, 2)"
93,34,2,1,2,2,0,0.5,1,1,1,0,179.3561818,180.0785967,181.8349182,181.8348402,1.75624349999998,183.9466261,184.9548983,3.5,0.676470588235294,0.323529411764706,23,12,10,"(2, 0)"
94,35,2,1,2,2,0,0.5,1,1,1,1,184.9613787,185.6897773,187.2719032,187.0042429,1.31446559999995,189.3947259,190.4110867,3.5,0.685714285714286,0.314285714285714,24,12,10,"(2, 0)"
95,36,2,1,2,1,1,0.5,1,1,1,0,190.4174759,191.1274962,192.738279,192.5242516,1.39675540000007,194.8665126,195.8740356,3.5,0.694444444444444,0.305555555555556,25,12,10,"(1, 1)"
96,37,2,1,2,1,0,0.35,0,0,1,1,195.8812993,196.5894041,198.1574183,197.8280731,1.23866899999985,200.2824833,201.3010294,3.5,0.702702702702703,0.297297297297297,26,12,10,"(1, 0)"
97,38,2,1,2,1,1,0.5,1,1,1,1,201.3158107,202.0244403,203.5778576,203.1400297,1.11558939999986,205.7066532,206.7176436,3.5,0.710526315789474,0.289473684210526,27,12,10,"(1, 1)"
98,39,2,1,2,1,1,0.5,1,1,1,1,206.7241334,207.4069259,208.9893291,208.3162778,0.909351900000047,211.1022332,212.1125741,3.5,0.717948717948718,0.282051282051282,28,12,10,"(1, 1)"
99,40,2,1,2,1,1,0.5,1,1,1,0,212.1189993,212.8359216,214.4172604,213.5240765,0.688154899999972,216.5303901,217.5515693,3.5,0.725,0.275,29,12,10,"(1, 1)"
100,41,2,1,2,2,2,0.35,0,0,1,1,217.5589376,218.2795762,219.8384774,219.8383973,1.55882109999993,221.9621748,222.9845985,3.5,0.731707317073171,0.268292682926829,30,12,10,"(2, 2)"
101,42,2,1,2,1,1,0.5,1,1,1,0,222.9911283,223.7058535,225.2900385,224.7882416,1.08238809999989,227.3949337,228.4060773,3.5,0.738095238095238,0.261904761904762,31,12,10,"(1, 1)"
102,43,2,1,2,0,2,0.5,1,1,1,1,228.4125954,229.1267948,231.2509265,231.2508511,2.12405630000012,233.3627434,234.3709861,3.5,0.744186046511628,0.255813953488372,32,12,10,"(0, 2)"
103,44,2,1,2,0,2,0.5,1,1,1,1,234.3856038,235.12314,236.7096865,236.1240328,1.00089279999997,238.8119958,239.8325381,3.5,0.75,0.25,33,12,10,"(0, 2)"
104,45,2,1,2,2,2,0.35,0,0,1,1,239.8391751,240.5640072,242.1660529,241.8121596,1.24815239999998,244.2879804,245.296089,3.5,0.755555555555556,0.244444444444444,34,12,10,"(2, 2)"
105,46,2,1,2,1,2,0.15,0,0,1,0,245.3034593,246.0090958,247.5994778,247.2281596,1.21906379999996,249.7247763,250.733438,3.5,0.760869565217391,0.239130434782609,35,12,10,"(1, 2)"
106,47,2,1,2,0,2,0.5,1,1,1,1,250.7392577,251.4692787,253.0649037,252.412234,0.942955299999994,255.1668737,256.1730253,3.5,0.765957446808511,0.234042553191489,36,12,10,"(0, 2)"
107,48,2,1,2,2,0,0.5,1,0,0,0,256.1788802,256.9183155,259.7731254,259.7730474,2.85473189999993,261.8849483,262.8931596,3.5,0.75,0.25,37,12,10,"(2, 0)"
108,49,2,1,2,1,0,0.35,0,0,1,1,262.8989041,263.6014275,265.1598984,264.8280324,1.22660489999998,267.2756242,268.2916896,3.5,0.755102040816326,0.244897959183674,37,13,10,"(1, 0)"
109,50,2,1,2,2,1,0.15,0,0,1,1,268.2985147,268.9866959,270.5419245,270.1880144,1.20131850000007,272.6723252,273.6834324,3.5,0.76,0.24,38,13,10,"(2, 1)"
110,51,2,1,2,1,1,0.5,1,1,1,0,273.6984872,274.3773783,275.9397334,275.3802009,1.00282259999994,278.0420546,279.059335,3.5,0.764705882352941,0.235294117647059,39,13,10,"(1, 1)"
111,52,2,1,2,2,2,0.35,0,0,1,1,279.0659703,279.7593076,281.3166151,280.8841931,1.12488550000012,283.436582,284.4475207,3.5,0.769230769230769,0.230769230769231,40,13,10,"(2, 2)"
112,53,2,1,2,2,2,0.35,0,0,1,1,284.4547995,285.1417582,286.6734986,286.6733661,1.53160789999993,288.7970356,289.8081439,3.5,0.773584905660377,0.226415094339623,41,13,10,"(2, 2)"
113,54,2,1,2,0,2,0.5,1,1,1,1,289.81381,290.5089971,292.0637619,291.4201658,0.911168699999962,294.1723444,295.1861239,3.5,0.777777777777778,0.222222222222222,42,13,10,"(0, 2)"
114,55,2,1,2,1,0,0.35,0,0,1,1,295.1933788,295.8882659,297.8272627,297.8271862,1.93892030000006,299.9392447,300.9471672,3.5,0.781818181818182,0.218181818181818,43,13,10,"(1, 0)"
115,56,2,1,2,0,1,0.35,0,0,1,0,300.9545814,301.6467582,303.2019922,302.7161731,1.06941490000008,305.3068756,306.3197145,3.5,0.785714285714286,0.214285714285714,44,13,10,"(0, 1)"
116,57,2,1,2,0,1,0.35,0,0,1,0,306.3342287,307.0364237,308.5997676,307.9719546,0.935530900000003,310.7055761,311.7114554,3.5,0.789473684210526,0.210526315789474,45,13,10,"(0, 1)"
117,58,2,1,2,1,1,0.5,1,1,1,1,311.7171339,312.4164598,314.0071544,313.4682057,1.05174590000001,316.1306674,317.140201,3.5,0.793103448275862,0.206896551724138,46,13,10,"(1, 1)"
118,59,2,1,2,0,1,0.35,0,0,1,1,317.1474056,317.8841544,319.4761504,319.0683179,1.18416349999984,321.591871,322.6092438,3.5,0.796610169491525,0.203389830508475,47,13,10,"(0, 1)"
119,60,2,1,2,2,0,0.5,1,1,1,1,322.6156864,323.3315413,324.9178921,324.459969,1.12842769999997,327.0334398,328.0488331,3.5,0.8,0.2,48,13,10,"(2, 0)"
120,1,3,2,1,2,1,0.15,0,1,0,0,8.03000000360043e-05,0.717017100000021,2.30765360000009,1.65900520000014,0.941988100000117,4.41115850000006,5.42320360000008,3.5,0.0,1.0,1,1,10,"(2, 1)"
121,2,3,2,1,2,2,0.35,0,1,0,1,5.42689500000006,6.12092849999999,7.69604470000013,7.69596440000009,1.5750359000001,9.81964070000004,10.8319396000002,3.5,0.0,1.0,1,2,10,"(2, 2)"
122,3,3,2,1,1,2,0.15,0,0,1,1,10.8388371000001,11.5306145000002,12.9736952000001,12.9736164000001,1.4430018999999,15.0973571000002,16.1122575000002,3.5,0.333333333333333,0.666666666666667,1,3,10,"(1, 2)"
123,4,3,2,1,0,0,0.15,0,1,0,1,16.1269432000001,16.8355662000001,18.4433612,17.9790238,1.14345759999992,20.5641285000002,21.5711665000001,3.5,0.25,0.75,2,3,10,"(0, 0)"
124,5,3,2,1,1,1,0.5,1,0,0,0,21.5777116000002,22.2573117000002,23.8530133000002,23.8529349,1.59562319999986,25.976617,26.9835988,3.5,0.2,0.8,2,4,10,"(1, 1)"
125,6,3,2,1,0,2,0.5,1,0,0,0,26.9899854,27.6791290000001,29.2466803,28.8269707000002,1.14784170000007,31.3499426000001,32.3704320000002,3.5,0.166666666666667,0.833333333333333,2,5,10,"(0, 2)"
126,7,3,2,1,1,0,0.35,0,0,1,0,32.3763475000001,33.0895850000002,34.6426322,34.4349926,1.34540759999982,36.7633936,37.7813686000002,3.5,0.285714285714286,0.714285714285714,2,6,10,"(1, 0)"
127,8,3,2,1,2,0,0.5,1,0,0,0,37.7890225000001,38.4943178000001,40.0694025,39.6911018000001,1.19678399999998,42.1881328000002,43.1941246000001,3.5,0.25,0.75,3,6,10,"(2, 0)"
128,9,3,2,1,2,2,0.35,0,1,0,0,43.2084289000002,43.9104281,45.4697748000001,45.1229559000001,1.21252780000009,47.5870070000001,48.5992009000001,3.5,0.222222222222222,0.777777777777778,3,7,10,"(2, 2)"
129,10,3,2,1,2,0,0.5,1,1,1,1,48.6055516000001,49.2971641000001,50.8560988000002,50.6191225,1.32195839999986,52.9834446,54.0078795000002,3.5,0.3,0.7,3,8,10,"(2, 0)"
130,11,3,2,1,1,0,0.35,0,0,1,1,54.0135293000001,54.7011852000001,56.2572637000001,55.8191252000001,1.11794000000009,58.3820144000001,59.4003024000001,3.5,0.363636363636364,0.636363636363636,4,8,10,"(1, 0)"
131,12,3,2,1,1,1,0.5,1,1,1,1,59.4059126,60.09086,61.6270709,61.6269921000001,1.53613210000003,63.7506228,64.7619643,3.5,0.416666666666667,0.583333333333333,5,8,10,"(1, 1)"
132,13,3,2,1,0,2,0.5,1,1,1,0,64.7683514,65.4655508000001,67.4107891000001,67.4107115000002,1.94516070000009,69.5226152,70.5307512000002,3.5,0.461538461538462,0.538461538461538,6,8,10,"(0, 2)"
133,14,3,2,1,2,0,0.5,1,1,1,0,70.5363882000001,71.2324076,73.5305775000002,73.5304998000001,2.29809220000016,75.6423830000001,76.6504670000002,3.5,0.5,0.5,7,8,10,"(2, 0)"
134,15,3,2,1,0,2,0.5,1,0,0,1,76.6649393,77.3470503000001,79.9705577,79.9704797000002,2.62342940000008,82.0824658000001,83.0906934,3.5,0.466666666666667,0.533333333333333,8,8,10,"(0, 2)"
135,16,3,2,1,1,1,0.5,1,1,1,1,83.0965015000002,83.7917105000001,85.8145963000002,85.8145155,2.02280499999983,87.9264894,88.9344363,3.5,0.5,0.5,8,9,10,"(1, 1)"
136,17,3,2,1,1,2,0.15,0,0,1,1,88.9400167000001,89.6427033,91.2168792,91.216799,1.57409570000004,93.3404593,94.3500932000002,3.5,0.529411764705882,0.470588235294118,9,9,10,"(1, 2)"
137,18,3,2,1,1,0,0.35,0,1,0,0,94.3565056,95.0509927000001,98.0902124000002,98.090136,3.03914329999998,100.2019339,101.2100077,3.5,0.5,0.5,10,9,10,"(1, 0)"
138,19,3,2,1,0,2,0.5,1,1,1,1,101.2157338,101.9201666,103.5290723,103.5289939,1.60882730000003,105.6595793,106.667643,3.5,0.526315789473684,0.473684210526316,10,10,10,"(0, 2)"
139,20,3,2,1,1,2,0.15,0,0,1,1,106.6731869,107.365413,109.0166178,109.0165374,1.65112440000007,111.1283551,112.1469368,3.5,0.55,0.45,11,10,10,"(1, 2)"
140,21,3,2,1,0,2,0.5,1,1,1,0,112.1525546,112.802408,114.3893381,114.1311378,1.32872980000002,116.5108473,117.5195853,3.5,0.571428571428571,0.428571428571429,12,10,10,"(0, 2)"
141,22,3,2,1,0,1,0.35,0,0,1,0,117.5349329,118.2811312,120.4324363,120.4323594,2.15122819999988,122.5442222,123.5523188,3.5,0.590909090909091,0.409090909090909,13,10,10,"(0, 1)"
142,23,3,2,1,2,0,0.5,1,1,1,1,123.560539,124.2880982,125.9764213,125.9763358,1.68823759999987,128.0902065,129.1054424,3.5,0.608695652173913,0.391304347826087,14,10,10,"(2, 0)"
143,24,3,2,1,0,1,0.35,0,0,1,1,129.112121,129.8059648,131.4945117,131.4944311,1.68846630000007,133.608245,134.6237404,3.5,0.625,0.375,15,10,10,"(0, 1)"
144,25,3,2,1,1,1,0.5,1,1,1,0,134.6296942,135.3415847,136.7476094,136.7475351,1.40595039999994,138.8783265,139.8846788,3.5,0.64,0.36,16,10,10,"(1, 1)"
145,26,3,2,1,0,2,0.5,1,1,1,1,139.8921984,140.5796594,142.2529996,142.2529226,1.67326320000006,144.3786779,145.400405,3.5,0.653846153846154,0.346153846153846,17,10,10,"(0, 2)"
146,27,3,2,1,2,2,0.35,0,0,1,1,145.4071543,146.1003971,147.6641571,147.4668926,1.36649550000016,149.7897768,150.7971363,3.5,0.666666666666667,0.333333333333333,18,10,10,"(2, 2)"
147,28,3,2,1,2,0,0.5,1,1,1,1,150.8128409,151.5582941,153.1197066,152.8589819,1.30068780000011,155.2485187,156.263491,3.5,0.678571428571429,0.321428571428571,19,10,10,"(2, 0)"
148,29,3,2,1,2,0,0.5,1,1,1,1,156.2711824,157.0156101,158.5749877,158.3308729,1.31526280000003,160.6994932,161.7145808,3.5,0.689655172413793,0.310344827586207,20,10,10,"(2, 0)"
149,30,3,2,1,1,0,0.35,0,0,1,1,161.7212282,162.4437724,164.0440301,163.6350381,1.1912656999998,166.160722,167.1785317,3.5,0.7,0.3,21,10,10,"(1, 0)"
150,31,3,2,1,1,1,0.5,1,1,1,0,167.1855169,167.9072575,170.0856027,170.0855241,2.17826660000014,172.1973377,173.2054228,3.5,0.709677419354839,0.290322580645161,22,10,10,"(1, 1)"
151,32,3,2,1,1,0,0.35,0,0,1,1,173.212677,173.9303847,175.5641408,175.1630827,1.23269800000003,177.7088308,178.7506844,3.5,0.71875,0.28125,23,10,10,"(1, 0)"
152,33,3,2,1,2,2,0.35,0,0,1,1,178.924569,179.9796089,181.5819489,181.187021,1.20741210000006,183.7213673,184.7562658,3.5,0.727272727272727,0.272727272727273,24,10,10,"(2, 2)"
153,34,3,2,1,0,2,0.5,1,1,1,0,184.9124612,185.8684342,187.6820118,187.1628444,1.2944101999999,189.8381145,190.8854865,3.5,0.735294117647059,0.264705882352941,25,10,10,"(0, 2)"
154,35,3,2,1,0,1,0.35,0,0,1,1,191.0513178,192.0566182,194.0905854,194.0905079,2.03388970000015,196.2024344,197.2110204,3.5,0.742857142857143,0.257142857142857,26,10,10,"(0, 1)"
155,36,3,2,1,1,1,0.5,1,1,1,1,197.2174639,198.2054403,199.7841733,199.7840914,1.57865110000012,201.9171848,202.9400509,3.5,0.75,0.25,27,10,10,"(1, 1)"
156,37,3,2,1,2,1,0.15,0,0,1,0,203.0123188,204.2039942,205.7828239,205.5548367,1.3508425,207.9202304,208.9497028,3.5,0.756756756756757,0.243243243243243,28,10,10,"(2, 1)"
157,38,3,2,1,1,1,0.5,1,1,1,1,209.1355358,210.4559493,212.0233495,211.8190818,1.36313249999989,214.1642627,215.2036785,3.5,0.763157894736842,0.236842105263158,29,10,10,"(1, 1)"
158,39,3,2,1,1,0,0.35,0,0,1,1,215.3705346,217.1226533,218.7137552,218.346814,1.22416069999986,220.8492278,221.885258,3.5,0.769230769230769,0.230769230769231,30,10,10,"(1, 0)"
159,40,3,2,1,2,0,0.5,1,1,1,1,222.047543,223.6753185,225.2069618,225.2068821,1.53156360000003,227.345635,228.3811856,3.5,0.775,0.225,31,10,10,"(2, 0)"
160,41,3,2,1,2,0,0.5,1,1,1,0,228.5646231,229.2497525,230.8081187,230.2828218,1.03306929999985,232.9197751,233.9289446,3.5,0.780487804878049,0.219512195121951,32,10,10,"(2, 0)"
161,42,3,2,1,2,2,0.35,0,0,1,1,233.935101,234.6648562,236.3338559,236.333776,1.66891980000014,238.4508536,239.4675461,3.5,0.785714285714286,0.214285714285714,33,10,10,"(2, 2)"
162,43,3,2,1,2,0,0.5,1,1,1,0,239.4735001,240.1945924,242.4699912,241.3067769,1.11218450000001,244.6215356,245.6546259,3.5,0.790697674418605,0.209302325581395,34,10,10,"(2, 0)"
163,44,3,2,1,0,1,0.35,0,0,1,1,245.8091811,246.5709106,248.1693103,248.169231,1.59832039999992,250.2931095,251.3003558,3.5,0.795454545454545,0.204545454545455,35,10,10,"(0, 1)"
164,45,3,2,1,0,0,0.15,0,0,1,0,251.3072459,252.0006431,253.8567138,253.1069466,1.10630349999997,256.0002415,257.0333548,3.5,0.8,0.2,36,10,10,"(0, 0)"
165,46,3,2,1,0,0,0.15,0,0,1,1,257.2000596,258.2042367,259.7986592,259.5552304,1.35099369999989,261.9167486,262.9417283,3.5,0.804347826086957,0.195652173913043,37,10,10,"(0, 0)"
166,47,3,2,1,0,2,0.5,1,1,1,1,262.9699808,263.7088882,265.6877784,264.771037,1.06214879999993,267.8479309,268.8774145,3.5,0.808510638297872,0.191489361702128,38,10,10,"(0, 2)"
167,48,3,2,1,0,2,0.5,1,1,1,1,269.0489227,270.0869424,271.6545479,271.3069291,1.21998670000016,273.7737354,274.7829956,3.5,0.8125,0.1875,39,10,10,"(0, 2)"
168,49,3,2,1,0,1,0.35,0,0,1,1,274.7940312,275.9512544,277.3875595,277.3874792,1.43622479999999,279.5276288,280.5580889,3.5,0.816326530612245,0.183673469387755,40,10,10,"(0, 1)"
169,50,3,2,1,0,2,0.5,1,1,1,1,280.7046515,283.0303275,284.686212,284.3307432,1.30041570000003,286.8208555,287.8569579,3.5,0.82,0.18,41,10,10,"(0, 2)"
170,51,3,2,1,0,1,0.35,0,0,1,0,287.9908982,288.7184448,290.281904,290.0110226,1.29257780000012,292.4000337,293.4164423,3.5,0.823529411764706,0.176470588235294,42,10,10,"(0, 1)"
171,52,3,2,1,0,1,0.35,0,0,1,1,293.4424379,294.1768798,295.7618692,295.5309054,1.35402560000011,297.8831362,298.8948195,3.5,0.826923076923077,0.173076923076923,43,10,10,"(0, 1)"
172,53,3,2,1,2,0,0.5,1,1,1,1,298.921302,299.7327858,301.3274455,300.8910001,1.15821430000005,303.4563636,304.4673441,3.5,0.830188679245283,0.169811320754717,44,10,10,"(2, 0)"
173,54,3,2,1,1,0,0.35,0,0,1,0,304.4790741,305.2410127,307.6897794,306.4267034,1.18569070000012,309.8440623,310.874128,3.5,0.833333333333333,0.166666666666667,45,10,10,"(1, 0)"
174,55,3,2,1,2,1,0.15,0,0,1,1,311.0395581,312.0908127,313.7033497,313.3629218,1.27210910000008,315.833727,316.8415259,3.5,0.836363636363636,0.163636363636364,46,10,10,"(2, 1)"
175,56,3,2,1,2,2,0.35,0,0,1,1,316.8511803,318.2633028,320.4703853,320.4703072,2.20700439999996,322.6018754,323.6299792,3.5,0.839285714285714,0.160714285714286,47,10,10,"(2, 2)"
176,57,3,2,1,1,1,0.5,1,1,1,1,323.7923012,325.6038314,327.1530677,327.1529887,1.54915730000016,329.2915862,330.3265493,3.5,0.842105263157895,0.157894736842105,48,10,10,"(1, 1)"
177,58,3,2,1,1,1,0.5,1,1,1,0,330.461075,331.2040425,332.713373,332.7132912,1.50924870000017,334.8370966,335.8462145,3.5,0.844827586206897,0.155172413793103,49,10,10,"(1, 1)"
178,59,3,2,1,1,1,0.5,1,1,1,1,335.8521009,336.5511761,338.1127547,337.8669352,1.31575910000015,340.2335322,341.253242,3.5,0.847457627118644,0.152542372881356,50,10,10,"(1, 1)"
179,60,3,2,1,2,2,0.35,0,0,1,1,341.2771134,342.7617453,345.187773,343.9549215,1.19317620000015,347.3463661,348.3953156,3.5,0.85,0.15,51,10,10,"(2, 2)"
180,1,4,3,3,0,1,0.35,0,1,0,0,0.0031330999997862,0.762474299999894,2.19570879999992,2.19562909999991,1.43315480000001,4.33360869999979,5.3474549,3.5,0.0,1.0,1,1,10,"(0, 1)"
181,2,4,3,3,1,1,0.5,1,1,1,1,5.4064891999999,6.11489159999996,7.66647699999999,7.50783630000001,1.39294470000004,9.78941309999982,10.8068506,3.5,0.5,0.5,1,2,10,"(1, 1)"
182,3,4,3,3,1,0,0.35,0,0,1,1,10.9390685999999,11.7859102999998,14.1833961999998,13.1157986999999,1.32988840000007,16.3600431999998,17.4228873999998,3.5,0.666666666666667,0.333333333333333,2,2,10,"(1, 0)"
183,4,4,3,3,2,0,0.5,1,1,1,0,17.5786486,18.6750688999998,21.0774641999999,19.8596070999999,1.18453820000013,23.2311156999999,24.2739030999999,3.5,0.75,0.25,3,2,10,"(2, 0)"
184,5,4,3,3,0,2,0.5,1,1,1,1,24.4627776999998,25.5161367999999,27.4764702999998,26.8916534,1.37551660000008,29.6346656999999,30.6669826999998,3.5,0.8,0.2,4,2,10,"(0, 2)"
185,6,4,3,3,1,0,0.35,0,1,0,0,30.8112371,31.8651883999999,34.4931211999999,32.9876690999999,1.1224807000001,36.6425164,37.6735298999999,3.5,0.666666666666667,0.333333333333333,5,2,10,"(1, 0)"
186,7,4,3,3,2,2,0.35,0,0,1,1,37.8463050999999,38.9360836999999,40.5726831999998,40.5726049,1.63652120000006,42.7037475,43.7229732999999,3.5,0.714285714285714,0.285714285714286,5,3,10,"(2, 2)"
187,8,4,3,3,0,1,0.35,0,0,1,1,43.7304185999999,45.9387984999998,47.3813332999998,47.3812527,1.44245420000016,49.5205417,50.5494567999999,3.5,0.75,0.25,6,3,10,"(0, 1)"
188,9,4,3,3,1,0,0.35,0,0,1,1,50.7214710999999,51.4856983,53.1259912999999,53.125912,1.6402137,55.2625134,56.2805059999998,3.5,0.777777777777778,0.222222222222222,7,3,10,"(1, 0)"
189,10,4,3,3,1,1,0.5,1,0,0,1,56.2925502999999,57.5902913999998,60.6545183999999,60.6544388999998,3.06414749999999,62.7843765999999,63.8138283999999,3.5,0.7,0.3,8,3,10,"(1, 1)"
190,11,4,3,3,2,0,0.5,1,1,1,0,63.9718125999998,65.8235338999998,67.8980755999999,67.8979965999999,2.07446270000014,70.0303194999999,71.0576302999998,3.5,0.727272727272727,0.272727272727273,8,4,10,"(2, 0)"
191,12,4,3,3,0,2,0.5,1,0,0,1,71.2488097999999,72.0269887999998,73.7350084999998,73.7349267,1.70793790000016,75.8455119999999,76.8692862999999,3.5,0.666666666666667,0.333333333333333,9,4,10,"(0, 2)"
192,13,4,3,3,0,2,0.5,1,1,1,1,76.8767255999999,78.5232311,80.1092295999999,79.5875993999998,1.06436829999984,82.2311216999999,83.2583063999998,3.5,0.692307692307692,0.307692307692308,9,5,10,"(0, 2)"
193,14,4,3,3,0,1,0.35,0,0,1,0,83.4957482999998,84.1878142999999,85.6997742999999,85.6996909999998,1.5118766999999,87.8285644,88.8462512999999,3.5,0.714285714285714,0.285714285714286,10,5,10,"(0, 1)"
194,15,4,3,3,0,2,0.5,1,1,1,1,88.8569998999999,90.9044509999999,92.5024979999998,92.2676310999998,1.36318009999991,94.6412753,95.6710376999999,3.5,0.733333333333333,0.266666666666667,11,5,10,"(0, 2)"
195,16,4,3,3,1,0,0.35,0,1,0,0,95.8231083999999,96.5709922999999,99.3876511999999,99.3875716,2.81657930000006,101.4995752,102.5075543,3.5,0.6875,0.3125,12,5,10,"(1, 0)"
196,17,4,3,3,1,0,0.35,0,0,1,1,102.5149829,104.0217396,106.1415414,106.141461,2.11972140000012,108.2682645,109.2882784,3.5,0.705882352941177,0.294117647058823,12,6,10,"(1, 0)"
197,18,4,3,3,0,1,0.35,0,0,1,0,109.4016922,110.1443755,111.7899967,111.789914,1.64553850000016,113.902048,114.9366349,3.5,0.722222222222222,0.277777777777778,13,6,10,"(0, 1)"
198,19,4,3,3,2,0,0.5,1,1,1,1,114.9439979,116.9585595,118.4234225,118.42334,1.46478049999996,120.5616909,121.5962347,3.5,0.736842105263158,0.263157894736842,14,6,10,"(2, 0)"
199,20,4,3,3,2,0,0.5,1,1,1,1,121.7440529,122.4560899,124.0167674,123.5317942,1.0757043000001,126.1405536,127.152248,3.5,0.75,0.25,15,6,10,"(2, 0)"
200,21,4,3,3,0,2,0.5,1,1,1,0,127.1682271,127.9349927,129.4965308,129.0757308,1.14073810000014,131.619428,132.6361809,3.5,0.761904761904762,0.238095238095238,16,6,10,"(0, 2)"
201,22,4,3,3,1,0,0.35,0,0,1,1,132.6624891,133.4147528,134.9662037,134.8037358,1.38898300000005,137.0825545,138.0981064,3.5,0.772727272727273,0.227272727272727,17,6,10,"(1, 0)"
202,23,4,3,3,2,0,0.5,1,1,1,1,138.1111425,139.7567117,141.333311,141.0835709,1.32685919999994,143.454032,144.4726906,3.5,0.782608695652174,0.217391304347826,18,6,10,"(2, 0)"
203,24,4,3,3,0,1,0.35,0,0,1,0,144.5227108,145.2903608,146.7043989,146.7043205,1.41395970000008,148.8335242,149.8486138,3.5,0.791666666666667,0.208333333333333,19,6,10,"(0, 1)"
204,25,4,3,3,2,0,0.5,1,1,1,1,149.8629003,150.5969638,152.5418228,151.9795532,1.38258939999992,154.6640294,155.6842163,3.5,0.8,0.2,20,6,10,"(2, 0)"
205,26,4,3,3,1,1,0.5,1,0,0,1,155.7118591,156.9179416,158.796938,158.7968589,1.87891730000001,160.909552,161.9242266,3.5,0.769230769230769,0.230769230769231,21,6,10,"(1, 1)"
206,27,4,3,3,2,2,0.35,0,0,1,1,161.9460143,162.7372476,165.0410533,163.8517854,1.11453780000011,167.214886,168.2577235,3.5,0.777777777777778,0.222222222222222,21,7,10,"(2, 2)"
207,28,4,3,3,1,1,0.5,1,1,1,1,168.4485137,170.84131,172.3202574,172.320176,1.47886600000015,174.4603518,175.5015284,3.5,0.785714285714286,0.214285714285714,22,7,10,"(1, 1)"
208,29,4,3,3,0,1,0.35,0,0,1,0,175.6445376,176.4451696,178.0161982,177.8195366,1.37436700000012,180.1443511,181.1609148,3.5,0.793103448275862,0.206896551724138,23,7,10,"(0, 1)"
209,30,4,3,3,2,2,0.35,0,0,1,1,181.1865672,181.9477852,183.5503293,183.0675129,1.11972769999988,185.6780728,186.6890344,3.5,0.8,0.2,24,7,10,"(2, 2)"
210,31,4,3,3,2,0,0.5,1,1,1,1,186.7059477,187.8555837,190.4581752,189.0597431,1.20415939999998,192.6161225,193.6539903,3.5,0.806451612903226,0.193548387096774,25,7,10,"(2, 0)"
211,32,4,3,3,0,0,0.15,0,0,1,0,193.8234242,194.8620753,197.1482804,197.1482008,2.28612550000003,199.2603285,200.2683493,3.5,0.8125,0.1875,26,7,10,"(0, 0)"
212,33,4,3,3,2,2,0.35,0,0,1,1,200.2743478,201.057645,202.6370112,202.3476077,1.28996269999993,204.7669943,205.7753329,3.5,0.818181818181818,0.181818181818182,27,7,10,"(2, 2)"
213,34,4,3,3,1,2,0.15,0,0,1,1,205.7827659,206.5628652,208.0034001,208.0033179,1.44045270000015,210.1270385,211.1383575,3.5,0.823529411764706,0.176470588235294,28,7,10,"(1, 2)"
214,35,4,3,3,2,1,0.15,0,0,1,0,211.1511564,211.8461221,213.4072236,213.4071435,1.56102139999985,215.530945,216.5520986,3.5,0.828571428571429,0.171428571428571,29,7,10,"(2, 1)"
215,36,4,3,3,2,2,0.35,0,0,1,1,216.5597092,218.2382863,219.915314,219.9152321,1.67694580000011,222.0552991,223.0982375,3.5,0.833333333333333,0.166666666666667,30,7,10,"(2, 2)"
216,37,4,3,3,2,1,0.15,0,0,1,1,223.2852922,224.0484908,226.3560928,225.3714814,1.32299060000014,228.5160884,229.5505071,3.5,0.837837837837838,0.162162162162162,31,7,10,"(2, 1)"
217,38,4,3,3,2,0,0.5,1,1,1,1,229.7200784,230.7567767,233.7918838,231.8114698,1.05469310000012,235.9444589,236.9907319,3.5,0.842105263157895,0.157894736842105,32,7,10,"(2, 0)"
218,39,4,3,3,0,2,0.5,1,1,1,1,237.1457152,238.055092,239.6304356,239.6303551,1.57526310000003,241.7546075,242.7758253,3.5,0.846153846153846,0.153846153846154,33,7,10,"(0, 2)"
219,40,4,3,3,0,0,0.15,0,0,1,1,242.7837758,244.9595459,246.5904708,246.1314578,1.17191189999994,248.7252167,249.75553,3.5,0.85,0.15,34,7,10,"(0, 0)"
220,41,4,3,3,1,0,0.35,0,0,1,0,249.7734167,250.5702547,252.1430758,252.1429954,1.57274069999994,254.266815,255.2855083,3.5,0.853658536585366,0.146341463414634,35,7,10,"(1, 0)"
221,42,4,3,3,0,0,0.15,0,0,1,1,255.298347,255.9937428,257.5262443,257.5261607,1.53241790000015,259.6506532,260.6679751,3.5,0.857142857142857,0.142857142857143,36,7,10,"(0, 0)"
222,43,4,3,3,0,2,0.5,1,1,1,0,260.697367,261.4303974,262.9954401,262.5476541,1.11725669999987,265.1186504,266.125005,3.5,0.86046511627907,0.13953488372093,37,7,10,"(0, 2)"
223,44,4,3,3,1,1,0.5,1,1,1,0,266.138958,266.8454514,268.3973696,268.0834409,1.23798949999991,270.5282674,271.5353143,3.5,0.863636363636364,0.136363636363636,38,7,10,"(1, 1)"
224,45,4,3,3,2,2,0.35,0,0,1,1,271.5472754,273.2098144,274.7854904,274.4836518,1.27383740000005,276.9268721,277.9589288,3.5,0.866666666666667,0.133333333333333,39,7,10,"(2, 2)"
225,46,4,3,3,0,2,0.5,1,1,1,1,278.1167833,279.8121424,281.4780287,280.9875172,1.1753748000001,283.6138432,284.6374167,3.5,0.869565217391304,0.130434782608696,40,7,10,"(0, 2)"
226,47,4,3,3,1,2,0.15,0,0,1,1,284.7849563,285.5762422,287.3389563,286.6597668,1.08352460000015,289.4700089,290.4818446,3.5,0.872340425531915,0.127659574468085,41,7,10,"(1, 2)"
227,48,4,3,3,1,2,0.15,0,0,1,1,290.4973829,291.2106845,292.7905789,292.4116262,1.20094170000016,294.912581,295.917626,3.5,0.875,0.125,42,7,10,"(1, 2)"
228,49,4,3,3,2,2,0.35,0,0,1,1,295.9414797,297.4689215,299.4055456,298.8354186,1.36649710000006,301.5749162,302.6149168,3.5,0.877551020408163,0.122448979591837,43,7,10,"(2, 2)"
229,50,4,3,3,1,1,0.5,1,1,1,1,302.795549,303.8089014,305.3895265,305.2034122,1.39451080000003,307.5154909,308.5328221,3.5,0.88,0.12,44,7,10,"(1, 1)"
230,51,4,3,3,1,1,0.5,1,1,1,0,308.5448849,310.8979027,312.6929881,312.6929103,1.79500760000019,314.8249441,315.8526523,3.5,0.882352941176471,0.117647058823529,45,7,10,"(1, 1)"
231,52,4,3,3,1,1,0.5,1,1,1,0,316.0184919,316.7701734,318.3652484,318.1394035,1.3692301000001,320.4855302,321.5027537,3.5,0.884615384615385,0.115384615384615,46,7,10,"(1, 1)"
232,53,4,3,3,1,1,0.5,1,1,1,1,321.5103867,322.2301791,324.3174168,324.3173048,2.08712570000034,326.4293029,327.4371732,3.5,0.886792452830189,0.113207547169811,47,7,10,"(1, 1)"
233,54,4,3,3,0,1,0.35,0,0,1,1,327.4446555,328.2677891,330.2321532,330.2320731,1.96428399999968,332.3439478,333.3519585,3.5,0.888888888888889,0.111111111111111,48,7,10,"(0, 1)"
234,55,4,3,3,0,2,0.5,1,1,1,0,333.3630437,334.1107855,336.4132346,335.4915974,1.38081190000003,338.5791534,339.6174774,3.5,0.890909090909091,0.109090909090909,49,7,10,"(0, 2)"
235,56,4,3,3,0,2,0.5,1,1,1,1,339.8194891,340.9140382,342.5060695,342.1715602,1.25752199999988,344.6208374,345.6434166,3.5,0.892857142857143,0.107142857142857,50,7,10,"(0, 2)"
236,57,4,3,3,2,0,0.5,1,1,1,1,345.6571762,346.470523,347.9277771,347.927697,1.45717400000012,350.0514469,351.0646923,3.5,0.894736842105263,0.105263157894737,51,7,10,"(2, 0)"
237,58,4,3,3,2,0,0.5,1,1,1,0,351.0778205,353.2125141,354.8098127,354.8097288,1.59721469999977,356.9330592,357.9675368,3.5,0.896551724137931,0.103448275862069,52,7,10,"(2, 0)"
238,59,4,3,3,2,1,0.15,0,0,1,1,358.1554102,358.9132505,360.4055928,360.4055132,1.49226270000008,362.5297331,363.543415,3.5,0.898305084745763,0.101694915254237,53,7,10,"(2, 1)"
239,60,4,3,3,1,1,0.5,1,1,1,1,363.5561046,364.3350562,366.4228193,365.691529,1.35647280000012,368.5870837,369.6240134,3.5,0.9,0.1,54,7,10,"(1, 1)"
0,1,1,0,3,1,1,0.5,1,1,1,1,0.0104369999999108,0.650202799999988,2.13814720000005,1.90373780000004,1.25353500000006,4.26377539999999,5.28390009999998,3.5,1.0,0.0,1,1,21,"(1, 1)"
1,2,1,0,3,1,1,0.5,1,1,1,1,5.43335980000006,6.05826649999995,7.49451629999999,7.49437769999986,1.43611119999991,9.6185989999999,10.6371093,3.5,1.0,0.0,2,1,21,"(1, 1)"
2,3,1,0,3,2,2,0.35,0,1,0,0,10.7096577,11.3134258999999,12.7962166,12.2955348999999,0.982109000000037,14.9012685999999,15.9079056,3.5,0.666666666666667,0.333333333333333,3,1,21,"(2, 2)"
3,4,1,0,3,0,1,0.35,0,0,1,1,15.9243323000001,16.5611615,18.0476779000001,18.0475529999999,1.48639149999985,20.1716159999999,21.1854037999999,3.5,0.75,0.25,3,2,21,"(0, 1)"
4,5,1,0,3,0,2,0.5,1,0,0,0,21.1970785999999,21.8075276,23.4465501,23.4462679999999,1.63874039999996,25.5610787999999,26.5808863,3.5,0.6,0.4,4,2,21,"(0, 2)"
5,6,1,0,3,0,2,0.5,1,1,1,0,26.6035107999999,27.2202296,28.6544236,28.6542473,1.43401769999991,30.7779656999999,31.7922438000001,3.5,0.666666666666667,0.333333333333333,4,3,21,"(0, 2)"
6,7,1,0,3,2,2,0.35,0,1,0,0,31.7993521999999,32.4072621999999,33.8674821,33.8674094999999,1.46014730000002,35.9910829999999,37.0066434,3.5,0.571428571428571,0.428571428571429,5,3,21,"(2, 2)"
7,8,1,0,3,2,0,0.5,1,1,1,1,37.0131048000001,37.6299764999999,39.1549889,39.1549166,1.52494010000009,41.2786114,42.2968051,3.5,0.625,0.375,5,4,21,"(2, 0)"
8,9,1,0,3,2,0,0.5,1,1,1,0,42.3034811,42.9288515000001,44.6750821000001,44.6750084999999,1.74615699999981,46.7869005,47.7955038999999,3.5,0.666666666666667,0.333333333333333,6,4,21,"(2, 0)"
9,10,1,0,3,1,2,0.15,0,0,1,1,47.8021557,48.4205393,49.9244122,49.92434,1.50380070000006,52.0480407999999,53.0627488,3.5,0.7,0.3,7,4,21,"(1, 2)"
10,11,1,0,3,2,2,0.35,0,0,1,0,53.0690557999999,53.6897726,55.1794238,54.9194611,1.22968850000007,57.3121209999999,58.3236221,3.5,0.727272727272727,0.272727272727273,8,4,21,"(2, 2)"
11,12,1,0,3,2,0,0.5,1,1,1,1,58.3300761,58.9449133999999,60.5548240000001,60.5547511,1.60983770000007,62.6853971,63.7048626999999,3.5,0.75,0.25,9,4,21,"(2, 0)"
12,13,1,0,3,1,1,0.5,1,1,1,1,63.711172,64.3245651,65.8122406,65.7034380999999,1.37887299999988,67.9409062,68.9572415999999,3.5,0.769230769230769,0.230769230769231,10,4,21,"(1, 1)"
13,14,1,0,3,2,2,0.35,0,1,0,0,68.9645401999999,69.5743250999999,71.1821903999999,71.1821170999999,1.60779200000002,73.3128571,74.3311550999999,3.5,0.714285714285714,0.285714285714286,11,4,21,"(2, 2)"
14,15,1,0,3,2,2,0.35,0,0,1,1,74.3367902999998,74.9531196,76.4331499999998,76.2233768999999,1.27025729999991,78.5572998999999,79.5736924,3.5,0.733333333333333,0.266666666666667,11,5,21,"(2, 2)"
15,16,1,0,3,0,2,0.5,1,1,1,0,79.5802123999999,80.1902121000001,81.6476534999999,81.6475811999999,1.45736909999982,83.7713385,84.7773365999999,3.5,0.75,0.25,12,5,21,"(0, 2)"
16,17,1,0,3,2,0,0.5,1,1,1,0,84.7917674999999,85.4076375,87.1302335999999,87.1301584999999,1.72252099999992,89.2419247999999,90.2499928,3.5,0.764705882352941,0.235294117647059,13,5,21,"(2, 0)"
17,18,1,0,3,2,0,0.5,1,0,0,0,90.2563301,90.8703163,92.3490844999999,92.1834758,1.31315949999998,94.4683083999998,95.4762538999998,3.5,0.722222222222222,0.277777777777778,14,5,21,"(2, 0)"
18,19,1,0,3,2,2,0.35,0,1,0,1,95.4836599,96.0895971999998,97.5678579,97.3115230999999,1.22192590000009,99.6918645999999,100.7008281,3.5,0.684210526315789,0.315789473684211,14,6,21,"(2, 2)"
19,20,1,0,3,0,1,0.35,0,1,0,0,100.7075343,101.3257652,102.8098098,102.4795045,1.15373929999987,104.9266648,105.9391836,3.5,0.65,0.35,14,7,21,"(0, 1)"
20,21,1,0,3,0,1,0.35,0,0,1,0,105.9466992,106.57452,108.0530148,107.8553689,1.28084890000014,110.1774267,111.2008036,3.5,0.666666666666667,0.333333333333333,14,8,21,"(0, 1)"
21,22,1,0,3,0,1,0.35,0,0,1,1,111.208225,111.8319277,113.3187395,113.0952946,1.26336689999994,115.4447258,116.4699183,3.5,0.681818181818182,0.318181818181818,15,8,21,"(0, 1)"
22,23,1,0,3,1,0,0.35,0,1,0,1,116.4847425,117.1231483,118.6033406,118.6032669,1.48011859999997,120.7268032,121.7361224,3.5,0.652173913043478,0.347826086956522,16,8,21,"(1, 0)"
23,24,1,0,3,1,1,0.5,1,0,0,0,121.7433567,122.3552017,123.8386658,123.2794529,0.924251200000072,125.9422846,126.9484839,3.5,0.625,0.375,16,9,21,"(1, 1)"
24,25,1,0,3,0,2,0.5,1,0,0,1,126.9548026,127.5923296,129.0814649,128.9514091,1.35907950000001,131.2071426,132.2239518,3.5,0.6,0.4,16,10,21,"(0, 2)"
25,26,1,0,3,2,0,0.5,1,1,1,1,132.2314466,132.8480306,134.3376647,134.0232347,1.17520409999997,136.4533784,137.4719238,3.5,0.615384615384615,0.384615384615385,16,11,21,"(2, 0)"
26,27,1,0,3,2,0,0.5,1,0,0,0,137.478307,138.1048874,139.8617318,139.8616596,1.75677219999989,141.9735547,142.9818519,3.5,0.592592592592593,0.407407407407407,17,11,21,"(2, 0)"
27,28,1,0,3,0,2,0.5,1,0,0,1,142.9886543,143.6087491,145.0883046,144.7592088,1.15045970000006,147.205341,148.2203373,3.5,0.571428571428571,0.428571428571429,17,12,21,"(0, 2)"
28,29,1,0,3,0,0,0.15,0,,0,0,148.2266569,148.8460949,150.2462345,152.3484572,,152.3608825,153.374987,3.5,0.551724137931034,0.448275862068966,17,13,21,"(0, 0)"
29,30,1,0,3,1,0,0.35,0,1,0,0,153.3897871,153.9839528,155.4666869,155.1751788,1.19122599999992,157.5935517,158.6090074,3.5,0.533333333333333,0.466666666666667,17,14,21,"(1, 0)"
30,31,1,0,3,0,1,0.35,0,1,0,0,158.6162237,159.2316306,160.7101389,160.2951887,1.06355809999991,162.8224831,163.8285037,3.5,0.516129032258065,0.483870967741935,17,15,21,"(0, 1)"
31,32,1,0,3,1,1,0.5,1,1,1,1,163.8349938,164.4521116,165.9293267,165.4471691,0.99505750000003,168.0340728,169.0401579,3.5,0.53125,0.46875,17,16,21,"(1, 1)"
32,33,1,0,3,1,1,0.5,1,1,1,1,169.04662,169.6850827,171.1729261,170.9271385,1.24205580000012,173.2966629,174.3139742,3.5,0.545454545454545,0.454545454545455,18,16,21,"(1, 1)"
33,34,1,0,3,0,0,0.15,0,1,0,0,174.3204637,174.9307962,176.4109798,176.0951266,1.16433039999993,178.5292484,179.5362382,3.5,0.529411764705882,0.470588235294118,19,16,21,"(0, 0)"
34,35,1,0,3,2,1,0.15,0,0,1,1,179.543539,180.1678441,181.6558435,181.2792843,1.11144020000006,183.7616161,184.7756173,3.5,0.542857142857143,0.457142857142857,19,17,21,"(2, 1)"
35,36,1,0,3,0,2,0.5,1,1,1,1,184.7901031,185.4200232,186.913207,186.7671504,1.34712719999993,189.0282893,190.0366984,3.5,0.555555555555556,0.444444444444444,20,17,21,"(0, 2)"
36,37,1,0,3,0,2,0.5,1,1,1,1,190.0424175,190.6865224,192.2005787,191.9112916,1.22476919999986,194.3155099,195.3278885,3.5,0.567567567567568,0.432432432432432,21,17,21,"(0, 2)"
37,38,1,0,3,1,0,0.35,0,0,1,0,195.3353083,196.0590034,197.6443336,197.3192754,1.26027199999999,199.7688292,200.7801373,3.5,0.578947368421053,0.421052631578947,22,17,21,"(1, 0)"
38,39,1,0,3,1,1,0.5,1,1,1,1,200.7866464,201.530147,202.9864928,202.9864169,1.45626990000005,205.1101437,206.1242373,3.5,0.58974358974359,0.41025641025641,23,17,21,"(1, 1)"
39,40,1,0,3,1,0,0.35,0,0,1,1,206.1306134,206.8377771,208.4437993,207.9992454,1.16146830000002,210.5631182,211.5702972,3.5,0.6,0.4,24,17,21,"(1, 0)"
40,41,1,0,3,0,2,0.5,1,1,1,1,211.5775915,212.28219,213.8628894,213.5032516,1.22106159999998,215.9830317,216.9947216,3.5,0.609756097560976,0.390243902439024,25,17,21,"(0, 2)"
41,42,1,0,3,2,0,0.5,1,1,1,0,217.0090645,217.6912651,219.2818174,218.9590934,1.26782830000002,221.4152144,222.4244586,3.5,0.619047619047619,0.380952380952381,26,17,21,"(2, 0)"
42,43,1,0,3,2,2,0.35,0,0,1,1,222.4309575,223.1418022,224.7325808,224.4310273,1.28922509999984,226.8639223,227.8752086,3.5,0.627906976744186,0.372093023255814,27,17,21,"(2, 2)"
43,44,1,0,3,2,0,0.5,1,1,1,1,227.8824591,228.60412,230.1965151,229.7591292,1.15500919999999,232.3156802,233.3332353,3.5,0.636363636363636,0.363636363636364,28,17,21,"(2, 0)"
44,45,1,0,3,1,0,0.35,0,0,1,1,233.3396514,234.0476756,235.6293538,235.0711813,1.02350569999999,237.7343088,238.7564919,3.5,0.644444444444444,0.355555555555556,29,17,21,"(1, 0)"
45,46,1,0,3,0,2,0.5,1,1,1,0,238.76312,239.4812481,241.0625419,240.8469799,1.36573180000005,243.1874021,244.210662,3.5,0.652173913043478,0.347826086956522,30,17,21,"(0, 2)"
46,47,1,0,3,0,0,0.15,0,1,0,0,244.2180176,244.939042,246.5285632,245.951153,1.012111,248.6304615,249.640646,3.5,0.638297872340426,0.361702127659574,31,17,21,"(0, 0)"
47,48,1,0,3,0,2,0.5,1,1,1,1,249.6471689,250.3806243,251.9733941,251.5592204,1.17859610000005,254.0970326,255.1031678,3.5,0.645833333333333,0.354166666666667,31,18,21,"(0, 2)"
48,49,1,0,3,1,2,0.15,0,0,1,0,255.1179785,255.842942,257.4254368,257.0630735,1.22013149999998,259.5497795,260.5653259,3.5,0.653061224489796,0.346938775510204,32,18,21,"(1, 2)"
49,50,1,0,3,2,1,0.15,0,0,1,1,260.5721275,261.2824653,262.8649264,262.511136,1.22867069999984,264.9848243,265.991826,3.5,0.66,0.34,33,18,21,"(2, 1)"
50,51,1,0,3,1,1,0.5,1,1,1,1,265.9990793,266.7044066,268.2883209,268.0388948,1.33448820000012,270.4136821,271.4329237,3.5,0.666666666666667,0.333333333333333,34,18,21,"(1, 1)"
51,52,1,0,3,1,1,0.5,1,1,1,1,271.4392237,272.1599458,273.7455426,273.415068,1.25512219999996,275.8668651,276.8824764,3.5,0.673076923076923,0.326923076923077,35,18,21,"(1, 1)"
52,53,1,0,3,0,1,0.35,0,0,1,1,276.8891332,277.6021469,279.1943526,278.6388685,1.03672159999996,281.30666,282.313414,3.5,0.679245283018868,0.320754716981132,36,18,21,"(0, 1)"
53,54,1,0,3,1,1,0.5,1,1,1,1,282.31979,283.0291314,284.6075323,284.2788194,1.24968800000011,286.7286774,287.7468553,3.5,0.685185185185185,0.314814814814815,37,18,21,"(1, 1)"
54,55,1,0,3,1,0,0.35,0,0,1,0,287.761334,288.4773324,290.0959795,290.0959028,1.61857039999995,292.2078564,293.215001,3.5,0.690909090909091,0.309090909090909,38,18,21,"(1, 0)"
55,56,1,0,3,1,2,0.15,0,0,1,0,293.2214066,293.9356996,295.5194096,294.9749996,1.03930000000014,297.6338356,298.6405872,3.5,0.696428571428571,0.303571428571429,39,18,21,"(1, 2)"
56,57,1,0,3,0,1,0.35,0,0,1,1,298.6461223,299.3561716,300.8119498,300.8118587,1.45568709999998,302.9354706,303.9491793,3.5,0.701754385964912,0.298245614035088,40,18,21,"(0, 1)"
57,58,1,0,3,1,0,0.35,0,0,1,1,303.9557317,304.6612635,306.2382611,305.6389811,0.977717600000005,308.3518103,309.3568794,3.5,0.706896551724138,0.293103448275862,41,18,21,"(1, 0)"
58,59,1,0,3,2,0,0.5,1,1,1,0,309.3625759,310.0806635,311.6327052,311.6326265,1.55196300000011,313.7564231,314.7788065,3.5,0.711864406779661,0.288135593220339,42,18,21,"(2, 0)"
59,60,1,0,3,2,1,0.15,0,0,1,1,314.7851713,315.4995517,317.0796947,316.2470195,0.747467799999868,319.1849982,320.1959513,3.5,0.716666666666667,0.283333333333333,43,18,21,"(2, 1)"
60,1,2,1,0,1,1,0.5,1,1,1,0,9.13999999738735e-05,0.730576700000029,2.31897069999991,1.50161309999999,0.771036399999957,4.42846740000005,5.44861859999992,3.5,1.0,0.0,1,1,21,"(1, 1)"
61,2,2,1,0,2,1,0.15,0,1,0,0,5.46613129999992,6.18804309999996,7.78021190000004,7.50960579999992,1.32156269999996,9.91125420000003,10.9258823,3.5,0.5,0.5,2,1,21,"(2, 1)"
62,3,2,1,0,2,0,0.5,1,1,1,0,10.9365774,11.6377272,13.1944384999999,12.9734436000001,1.33571640000014,15.3242061000001,16.3427234999999,3.5,0.666666666666667,0.333333333333333,2,2,21,"(2, 0)"
63,4,2,1,0,2,0,0.5,1,1,1,1,16.3499022000001,17.0514175999999,18.7229368999999,18.7228568999999,1.67143929999997,20.8347696999999,21.8525056999999,3.5,0.75,0.25,3,2,21,"(2, 0)"
64,5,2,1,0,1,1,0.5,1,0,0,0,21.8589609999999,22.5463851,24.1041293999999,23.9014093999999,1.35502429999997,26.2264814,27.2377965999999,3.5,0.6,0.4,4,2,21,"(1, 1)"
65,6,2,1,0,2,0,0.5,1,1,1,1,27.2520537,27.9354423,29.4976059000001,28.8775852000001,0.942142900000135,31.6032576,32.6145320000001,3.5,0.666666666666667,0.333333333333333,4,3,21,"(2, 0)"
66,7,2,1,0,1,0,0.35,0,0,1,0,32.6218249999999,33.3122016,34.8671887999999,34.5813565999999,1.26915499999996,36.9898224000001,38.0062011,3.5,0.714285714285714,0.285714285714286,5,3,21,"(1, 0)"
67,8,2,1,0,0,1,0.35,0,1,0,0,38.0136786,38.7034177,40.2639942000001,39.9574961999999,1.25407849999988,42.3838252999999,43.3986104999999,3.5,0.625,0.375,6,3,21,"(0, 1)"
68,9,2,1,0,2,2,0.35,0,1,0,1,43.4045395000001,44.0913422000001,45.6632462,45.6631680999999,1.57182589999979,47.7867861,48.7983905000001,3.5,0.555555555555556,0.444444444444444,6,4,21,"(2, 2)"
69,10,2,1,0,2,2,0.35,0,1,0,1,48.8047614,49.4969378999999,51.0616593,50.8054577,1.30851980000011,53.1947992,54.2163432,3.5,0.5,0.5,6,5,21,"(2, 2)"
70,11,2,1,0,2,2,0.35,0,1,0,0,54.2221235,54.9152011000001,56.4851151,56.2453326,1.33013149999988,58.6044529999999,59.6231049999999,3.5,0.454545454545455,0.545454545454545,6,6,21,"(2, 2)"
71,12,2,1,0,0,1,0.35,0,1,0,1,59.6297942000001,60.3387028,61.9713761999999,61.9712959000001,1.63259310000012,64.0832212,65.0907072,3.5,0.416666666666667,0.583333333333333,6,7,21,"(0, 1)"
72,13,2,1,0,1,1,0.5,1,0,0,0,65.1047389,65.811876,67.4074433000001,67.0374187,1.22554270000001,69.5233208,70.5381298,3.5,0.384615384615385,0.615384615384615,6,8,21,"(1, 1)"
73,14,2,1,0,1,1,0.5,1,0,0,0,70.5448108000001,71.2683321,72.8317294000001,72.4694483000001,1.20111620000011,74.951135,75.9563086999999,3.5,0.357142857142857,0.642857142857143,6,9,21,"(1, 1)"
74,15,2,1,0,1,1,0.5,1,0,0,0,75.9635753,76.7108211,78.3116293,78.0932488000001,1.38242770000011,80.4412414999999,81.4543094999999,3.5,0.333333333333333,0.666666666666667,6,10,21,"(1, 1)"
75,16,2,1,0,1,1,0.5,1,1,1,1,81.4616371,82.2221923,83.818053,83.4773874,1.25519510000004,85.9359091000001,86.9431208000001,3.5,0.375,0.625,6,11,21,"(1, 1)"
76,17,2,1,0,0,2,0.5,1,0,0,0,86.9494701000001,87.6756496,89.2725161999999,89.0693100000001,1.39366040000004,91.3946834000001,92.4055866000001,3.5,0.352941176470588,0.647058823529412,7,11,21,"(0, 2)"
77,18,2,1,0,0,1,0.35,0,1,0,0,92.4119034,93.1058444,94.9024738999999,94.9023952,1.79655079999998,97.0143212,98.0223920000001,3.5,0.333333333333333,0.666666666666667,7,12,21,"(0, 1)"
78,19,2,1,0,0,1,0.35,0,1,0,1,98.0367947,98.7149594,100.2996105,99.9253966000001,1.21043720000011,102.4292303,103.4467604,3.5,0.315789473684211,0.684210526315789,7,13,21,"(0, 1)"
79,20,2,1,0,0,0,0.15,0,0,1,1,103.4531796,104.1658315,105.7586733,105.1094233,0.943591800000149,107.8680582,108.8884548,3.5,0.35,0.65,7,14,21,"(0, 0)"
80,21,2,1,0,2,2,0.35,0,1,0,0,108.8949394,109.615422,111.1999458,110.6212857,1.00586370000019,113.3041194,114.3195704,3.5,0.333333333333333,0.666666666666667,8,14,21,"(2, 2)"
81,22,2,1,0,1,0,0.35,0,1,0,1,114.3267696,115.0138542,116.6074688,116.2293618,1.21550759999991,118.7339039,119.7400211,3.5,0.318181818181818,0.681818181818182,8,15,21,"(1, 0)"
82,23,2,1,0,2,2,0.35,0,0,1,1,119.7473908,120.4732554,122.0827946,122.0827167,1.60946130000002,124.2134313,125.2307853,3.5,0.347826086956522,0.652173913043478,8,16,21,"(2, 2)"
83,24,2,1,0,0,2,0.5,1,0,0,0,125.2381991,125.9520867,127.5329841,127.1891429,1.2370562000001,129.6596993,130.6744108,3.5,0.333333333333333,0.666666666666667,9,16,21,"(0, 2)"
84,25,2,1,0,1,1,0.5,1,0,0,0,130.6887981,131.4008842,132.8441305,132.844051,1.4431668000002,134.9678811,135.9832179,3.5,0.32,0.68,9,17,21,"(1, 1)"
85,26,2,1,0,1,0,0.35,0,1,0,0,135.9905242,136.7190786,138.2229845,138.2228804,1.50380180000002,140.3464426,141.3548569,3.5,0.307692307692308,0.692307692307692,9,18,21,"(1, 0)"
86,27,2,1,0,1,1,0.5,1,0,0,0,141.3621218,142.0562177,143.6372534,143.1251067,1.06888899999967,145.7486108,146.7621277,3.5,0.296296296296296,0.703703703703704,9,19,21,"(1, 1)"
87,28,2,1,0,2,0,0.5,1,1,1,1,146.7693936,147.4817313,149.0803775,148.8050507,1.32331939999995,151.2038038,152.229661,3.5,0.321428571428571,0.678571428571429,9,20,21,"(2, 0)"
88,29,2,1,0,2,2,0.35,0,0,1,1,152.2355032,152.9639807,154.5780092,154.1732664,1.20928570000024,156.693077,157.7011051,3.5,0.344827586206897,0.655172413793103,10,20,21,"(2, 2)"
89,30,2,1,0,1,2,0.15,0,1,0,1,157.7078817,158.4356323,160.022123,159.6770434,1.24141109999982,162.147646,163.1557837,3.5,0.333333333333333,0.666666666666667,11,20,21,"(1, 2)"
90,31,2,1,0,2,2,0.35,0,0,1,1,163.1623889,163.8489244,165.4186684,165.1412318,1.29230739999957,167.5345004,168.5405954,3.5,0.354838709677419,0.645161290322581,11,21,21,"(2, 2)"
91,32,2,1,0,0,2,0.5,1,0,0,1,168.5549637,169.2889804,170.8677407,170.5171705,1.22819009999967,172.996842,174.0076634,3.5,0.34375,0.65625,12,21,21,"(0, 2)"
92,33,2,1,0,0,1,0.35,0,1,0,0,174.0150725,174.7581253,176.3171271,175.9411497,1.18302440000025,178.4323272,179.4428512,3.5,0.333333333333333,0.666666666666667,12,22,21,"(0, 1)"
93,34,2,1,0,2,0,0.5,1,0,0,0,179.4492883,180.1604804,181.9462723,181.946194,1.78571360000024,184.0581834,185.0681505,3.5,0.323529411764706,0.676470588235294,12,23,21,"(2, 0)"
94,35,2,1,0,0,2,0.5,1,1,1,1,185.0738262,185.7984256,187.3784013,187.0371191,1.23869349999995,189.5066306,190.5198102,3.5,0.342857142857143,0.657142857142857,12,24,21,"(0, 2)"
95,36,2,1,0,1,0,0.35,0,1,0,0,190.5270491,191.21629,192.777138,192.3651409,1.14885090000007,194.8970106,195.9046165,3.5,0.333333333333333,0.666666666666667,13,24,21,"(1, 0)"
96,37,2,1,0,1,2,0.15,0,1,0,0,195.9110995,196.6083899,198.0649452,198.0648644,1.45647449999979,200.1884631,201.2066454,3.5,0.324324324324324,0.675675675675676,13,25,21,"(1, 2)"
97,38,2,1,0,0,2,0.5,1,1,1,0,201.2210484,201.9229653,203.4034844,203.403404,1.48043869999992,205.5271417,206.5375746,3.5,0.342105263157895,0.657894736842105,13,26,21,"(0, 2)"
98,39,2,1,0,2,0,0.5,1,0,0,1,206.5453,207.24257,208.7248997,208.724819,1.48224900000014,210.8485179,211.8669147,3.5,0.333333333333333,0.666666666666667,14,26,21,"(2, 0)"
99,40,2,1,0,1,0,0.35,0,0,1,1,211.8743375,212.5665269,214.1414503,213.7969186,1.23039169999993,216.2575822,217.2748524,3.5,0.35,0.65,14,27,21,"(1, 0)"
100,41,2,1,0,0,2,0.5,1,1,1,0,217.28147,217.9938875,219.5742052,219.3729048,1.37901730000021,221.6997584,222.7103804,3.5,0.365853658536585,0.634146341463415,15,27,21,"(0, 2)"
101,42,2,1,0,0,2,0.5,1,0,0,0,222.7178764,223.4553904,225.0510673,225.0509871,1.59559669999999,227.1746972,228.1799697,3.5,0.357142857142857,0.642857142857143,16,27,21,"(0, 2)"
102,43,2,1,0,1,1,0.5,1,1,1,1,228.1874535,228.9317412,230.4360407,230.4359249,1.50418369999988,232.5595968,233.577961,3.5,0.372093023255814,0.627906976744186,16,28,21,"(1, 1)"
103,44,2,1,0,2,1,0.15,0,0,1,1,233.5927624,234.3538556,235.9663663,235.3410206,0.987165000000005,238.0808457,239.1057684,3.5,0.386363636363636,0.613636363636364,17,28,21,"(2, 1)"
104,45,2,1,0,2,1,0.15,0,0,1,1,239.1139841,239.8578315,241.4427929,241.052848,1.19501649999984,243.5621376,244.5700967,3.5,0.4,0.6,18,28,21,"(2, 1)"
105,46,2,1,0,1,2,0.15,0,1,0,0,244.5769464,245.296679,247.2941594,247.2940805,1.9974014999998,249.4059334,250.4166611,3.5,0.391304347826087,0.608695652173913,19,28,21,"(1, 2)"
106,47,2,1,0,1,0,0.35,0,0,1,0,250.4242079,251.1434645,252.7754857,252.3249914,1.18152689999988,254.8974759,255.9185689,3.5,0.404255319148936,0.595744680851064,19,29,21,"(1, 0)"
107,48,2,1,0,0,2,0.5,1,1,1,1,255.9327664,256.9029116,258.6026265,258.0848027,1.18189110000003,260.7666982,261.8111914,3.5,0.416666666666667,0.583333333333333,20,29,21,"(0, 2)"
108,49,2,1,0,0,0,0.15,0,0,1,0,262.0044758,262.9717668,264.6515556,263.9888082,1.01704140000038,266.792512,267.8324814,3.5,0.428571428571429,0.571428571428571,21,29,21,"(0, 0)"
109,50,2,1,0,0,1,0.35,0,1,0,1,267.9717532,268.9422499,270.5172763,270.1570515,1.21480159999965,272.6575897,273.6940297,3.5,0.42,0.58,22,29,21,"(0, 1)"
110,51,2,1,0,2,0,0.5,1,1,1,1,273.8830781,274.9814069,276.6286146,276.0687994,1.08739250000008,278.7869524,279.8215599,3.5,0.431372549019608,0.568627450980392,22,30,21,"(2, 0)"
111,52,2,1,0,0,2,0.5,1,0,0,0,279.9767185,281.0276455,282.5527353,282.5526547,1.52500920000011,284.6897728,285.7287467,3.5,0.423076923076923,0.576923076923077,23,30,21,"(0, 2)"
112,53,2,1,0,0,2,0.5,1,1,1,1,285.8415613,286.9710733,288.5617799,288.2768946,1.30582129999993,290.7031575,291.7321089,3.5,0.433962264150943,0.566037735849057,23,31,21,"(0, 2)"
113,54,2,1,0,0,0,0.15,0,0,1,0,291.9058869,292.9641094,294.4831902,293.9408715,0.976762100000087,296.605891,297.6447037,3.5,0.444444444444444,0.555555555555556,24,31,21,"(0, 0)"
114,55,2,1,0,2,0,0.5,1,1,1,1,297.7907943,298.9078544,300.6093917,299.9326914,1.02483699999993,302.7564035,303.7889942,3.5,0.454545454545455,0.545454545454545,25,31,21,"(2, 0)"
115,56,2,1,0,2,0,0.5,1,1,1,1,303.9594016,305.0023457,306.7030927,306.148687,1.14634129999968,308.8600323,309.9002075,3.5,0.464285714285714,0.535714285714286,26,31,21,"(2, 0)"
116,57,2,1,0,1,0,0.35,0,0,1,1,310.0759003,311.2129345,312.9048861,312.2128669,0.999932400000034,315.0523546,316.0994185,3.5,0.473684210526316,0.526315789473684,27,31,21,"(1, 0)"
117,58,2,1,0,1,1,0.5,1,0,0,0,316.231655,317.190127,318.8707702,318.3566536,1.1665266,321.0335117,322.0682965,3.5,0.46551724137931,0.53448275862069,28,31,21,"(1, 1)"
118,59,2,1,0,2,0,0.5,1,1,1,0,322.2351336,323.7059518,325.2818875,324.6448663,0.93891450000001,327.3989751,328.4269019,3.5,0.474576271186441,0.525423728813559,28,32,21,"(2, 0)"
119,60,2,1,0,0,1,0.35,0,1,0,0,328.575269,329.2860442,330.8475982,330.4845934,1.19854919999989,332.9675774,333.9862185,3.5,0.466666666666667,0.533333333333333,29,32,21,"(0, 1)"
120,1,3,2,2,1,1,0.5,1,1,1,0,0.0032737999999881,0.736602999999832,2.40943779999998,1.99146410000003,1.2548611000002,4.5662999000001,5.60861699999987,3.5,1.0,0.0,1,1,21,"(1, 1)"
121,2,3,2,2,1,0,0.35,0,1,0,1,5.69131229999994,6.85156910000023,8.59601659999998,8.59593670000004,1.7443675999998,10.7214021999998,11.7670447,3.5,0.5,0.5,2,1,21,"(1, 0)"
122,3,3,2,2,1,1,0.5,1,0,0,0,11.9468277000001,14.0023194,15.6148139000002,15.1513644000001,1.14904500000011,17.7539569999999,18.8024934999999,3.5,0.333333333333333,0.666666666666667,2,2,21,"(1, 1)"
123,4,3,2,2,0,2,0.5,1,0,0,0,18.9699356000001,20.4628673000002,22.4578578000001,22.4577743,1.99490699999978,24.5817571000002,25.6051333,3.5,0.25,0.75,2,3,21,"(0, 2)"
124,5,3,2,2,1,1,0.5,1,1,1,0,25.7731410000001,26.4550033999999,28.0249850999999,27.5353451999999,1.08034180000004,30.1275189000003,31.1418004000002,3.5,0.4,0.6,2,4,21,"(1, 1)"
125,6,3,2,2,0,2,0.5,1,1,1,1,31.1546994,33.8507122000001,35.5128580999999,35.2393548,1.38864259999991,37.6465367000001,38.6762044000002,3.5,0.5,0.5,3,4,21,"(0, 2)"
126,7,3,2,2,2,2,0.35,0,0,1,0,38.8387358999998,39.5548600000002,41.2035341000001,40.7353524,1.18049239999982,43.3330979000002,44.3624218999998,3.5,0.571428571428571,0.428571428571429,4,4,21,"(2, 2)"
127,8,3,2,2,1,1,0.5,1,1,1,1,44.4139079000001,46.4663037,48.0336310000002,47.3593384000001,0.893034700000044,50.1553066000001,51.1930416,3.5,0.625,0.375,5,4,21,"(1, 1)"
128,9,3,2,2,2,0,0.5,1,1,1,1,51.3719734000001,52.1232854,53.6870635999999,53.5191193000001,1.39583390000007,55.8114237999998,56.8264914000001,3.5,0.666666666666667,0.333333333333333,6,4,21,"(2, 0)"
129,10,3,2,2,2,2,0.35,0,0,1,1,56.8343573000002,58.5893174000003,60.0807451000001,60.0806600000001,1.49134259999983,62.2195415000001,63.2611043000002,3.5,0.7,0.3,7,4,21,"(2, 2)"
130,11,3,2,2,1,1,0.5,1,1,1,1,63.4029482999999,64.1352729999999,65.7389980000003,65.1432886000002,1.00801560000036,67.8416155,68.8535712000003,3.5,0.727272727272727,0.272727272727273,8,4,21,"(1, 1)"
131,12,3,2,2,0,1,0.35,0,0,1,1,68.8674424999999,69.6188588999999,71.2129519,70.7030384,1.08417950000012,73.3358083000003,74.3538192000001,3.5,0.75,0.25,9,4,21,"(0, 1)"
132,13,3,2,2,1,0,0.35,0,0,1,1,74.3667731,75.0927614000002,76.7661475,76.4070771000002,1.31431569999995,78.9191444000003,79.9555404000002,3.5,0.769230769230769,0.230769230769231,10,4,21,"(1, 0)"
133,14,3,2,2,2,0,0.5,1,1,1,0,80.1308432999999,82.3386470999999,83.9527008999999,83.6872022000002,1.34855510000034,86.0845641000001,87.1250187999999,3.5,0.785714285714286,0.214285714285714,11,4,21,"(2, 0)"
134,15,3,2,2,0,2,0.5,1,1,1,1,87.2591640000001,88.7668828999999,90.3854893000002,89.8791780000001,1.11229510000021,92.5309815999999,93.5657980000001,3.5,0.8,0.2,12,4,21,"(0, 2)"
135,16,3,2,2,0,2,0.5,1,1,1,1,93.7504371999999,94.4573917000002,96.4353374000002,95.6390193000002,1.18162759999996,98.5840183999999,99.6143654000002,3.5,0.8125,0.1875,13,4,21,"(0, 2)"
136,17,3,2,2,1,2,0.15,0,0,1,1,99.7659595999999,100.72398,102.514155,101.7989986,1.07501860000002,104.6755,105.7203086,3.5,0.823529411764706,0.176470588235294,14,4,21,"(1, 2)"
137,18,3,2,2,0,0,0.15,0,0,1,0,105.9002279,108.0601625,109.6909177,109.0871663,1.02700380000033,111.8291365,112.8609214,3.5,0.833333333333333,0.166666666666667,15,4,21,"(0, 0)"
138,19,3,2,2,2,1,0.15,0,0,1,1,113.01369,113.786298,115.896516,115.1829559,1.39665790000026,118.0529546,119.0894037,3.5,0.842105263157895,0.157894736842105,16,4,21,"(2, 1)"
139,20,3,2,2,1,0,0.35,0,0,1,1,119.2494014,120.2274079,121.7896753,121.5989197,1.37151180000001,123.9074064,124.931,3.5,0.85,0.15,17,4,21,"(1, 0)"
140,21,3,2,2,0,1,0.35,0,0,1,1,124.9434624,125.7699779,127.9055528,126.67109,0.901112100000319,130.0122741,131.0431316,3.5,0.857142857142857,0.142857142857143,18,4,21,"(0, 1)"
141,22,3,2,2,0,2,0.5,1,1,1,1,131.0846318,131.8584698,133.4266783,133.2469499,1.38848009999992,135.5463513,136.5614134,3.5,0.863636363636364,0.136363636363636,19,4,21,"(0, 2)"
142,23,3,2,2,0,1,0.35,0,0,1,0,136.5695758,137.2950144,140.1788434,138.0950641,0.800049699999818,142.2879033,143.3008636,3.5,0.869565217391304,0.130434782608696,20,4,21,"(0, 1)"
143,24,3,2,2,0,2,0.5,1,1,1,0,143.3230411,144.1233934,145.714447,145.135162,1.01176859999987,147.8280269,148.8501567,3.5,0.875,0.125,21,4,21,"(0, 2)"
144,25,3,2,2,1,0,0.35,0,0,1,0,148.8645548,149.5780275,151.1314194,150.5028746,0.924847100000079,153.2364857,154.2486483,3.5,0.88,0.12,22,4,21,"(1, 0)"
145,26,3,2,2,1,0,0.35,0,0,1,1,154.2576937,154.9647131,156.5340054,155.9590854,0.994372300000123,158.6460027,159.6626558,3.5,0.884615384615385,0.115384615384615,23,4,21,"(1, 0)"
146,27,3,2,2,2,2,0.35,0,0,1,1,159.679345,160.447862,162.0034272,161.4468267,0.998964700000215,164.1159802,165.1313297,3.5,0.888888888888889,0.111111111111111,24,4,21,"(2, 2)"
147,28,3,2,2,0,0,0.15,0,0,1,1,165.1544578,165.8606463,167.4422417,166.6869772,0.826330899999903,169.5445894,170.5616663,3.5,0.892857142857143,0.107142857142857,25,4,21,"(0, 0)"
148,29,3,2,2,0,2,0.5,1,1,1,1,170.5697099,172.0628181,173.6362792,172.8550676,0.792249499999798,175.7604503,176.7930141,3.5,0.896551724137931,0.103448275862069,26,4,21,"(0, 2)"
149,30,3,2,2,2,2,0.35,0,0,1,1,176.8965587,177.650267,179.2333712,178.4789883,0.82872129999987,181.3469025,182.3637444,3.5,0.9,0.1,27,4,21,"(2, 2)"
150,31,3,2,2,1,1,0.5,1,1,1,1,182.375501,184.6011992,186.1911707,185.3429832,0.74178400000028,188.3171637,189.3532913,3.5,0.903225806451613,0.0967741935483871,28,4,21,"(1, 1)"
151,32,3,2,2,1,1,0.5,1,1,1,1,189.5241972,191.7079787,193.3661786,192.7987454,1.09076669999968,195.5036266,196.5400214,3.5,0.90625,0.09375,29,4,21,"(1, 1)"
152,33,3,2,2,0,1,0.35,0,0,1,0,196.6941733,198.2013547,200.0172372,199.0867435,0.885388799999873,202.1563727,203.2011311,3.5,0.909090909090909,0.0909090909090909,30,4,21,"(0, 1)"
153,34,3,2,2,2,2,0.35,0,0,1,1,203.3875831,205.0783885,207.6147489,206.3987731,1.32038460000012,209.7722204,210.8048174,3.5,0.911764705882353,0.0882352941176471,31,4,21,"(2, 2)"
154,35,3,2,2,0,2,0.5,1,1,1,1,211.0261164,213.2473479,214.8529294,214.3748778,1.1275298999999,217.0005547,218.0391179,3.5,0.914285714285714,0.0857142857142857,32,4,21,"(0, 2)"
155,36,3,2,2,2,2,0.35,0,0,1,1,218.1782504,218.9857302,220.6103151,219.8229108,0.837180600000011,222.7183082,223.7374382,3.5,0.916666666666667,0.0833333333333334,33,4,21,"(2, 2)"
156,37,3,2,2,1,0,0.35,0,0,1,1,223.7508307,225.6613995,227.2642941,226.7108819,1.04948239999976,229.4088008,230.4456565,3.5,0.918918918918919,0.081081081081081,34,4,21,"(1, 0)"
157,38,3,2,2,2,0,0.5,1,1,1,1,230.6122795,231.3967051,232.8628362,232.8627515,1.46604639999987,234.9866005,236.0007976,3.5,0.921052631578947,0.0789473684210527,35,4,21,"(2, 0)"
158,39,3,2,2,0,1,0.35,0,0,1,0,236.0145128,236.8079549,239.3424279,238.1108782,1.3029233000002,241.5063393,242.5388903,3.5,0.923076923076923,0.0769230769230769,36,4,21,"(0, 1)"
159,40,3,2,2,2,1,0.15,0,0,1,0,242.7171953,243.7252941,245.2953357,244.6706388,0.945344700000078,247.4012659,248.4180739,3.5,0.925,0.075,37,4,21,"(2, 1)"
160,41,3,2,2,2,1,0.15,0,0,1,1,248.4416966,250.1497445,252.292643,250.9026344,0.7528898999999,254.4467653,255.4959812,3.5,0.926829268292683,0.073170731707317,38,4,21,"(2, 1)"
161,42,3,2,2,1,0,0.35,0,0,1,0,255.6746861,256.6602277,258.3063942,257.7587778,1.09855010000001,260.4485476,261.4849324,3.5,0.928571428571429,0.0714285714285714,39,4,21,"(1, 0)"
162,43,3,2,2,0,2,0.5,1,1,1,1,261.5428911,263.90537,265.548913,265.2947398,1.38936980000017,267.6815238,268.7096765,3.5,0.930232558139535,0.0697674418604651,40,4,21,"(0, 2)"
163,44,3,2,2,2,0,0.5,1,1,1,1,268.9093454,269.9662882,272.3807175,271.102548,1.13625979999961,274.5444625,275.5984396,3.5,0.931818181818182,0.0681818181818182,41,4,21,"(2, 0)"
164,45,3,2,2,0,0,0.15,0,0,1,1,275.7600126,276.7840745,278.3890622,278.1106192,1.32654470000034,280.5135739,281.5491005,3.5,0.933333333333333,0.0666666666666667,42,4,21,"(0, 0)"
165,46,3,2,2,0,2,0.5,1,1,1,1,281.5591515,283.0897947,284.7107086,284.1666963,1.07690160000038,286.8355874,287.8617157,3.5,0.934782608695652,0.0652173913043478,43,4,21,"(0, 2)"
166,47,3,2,2,1,1,0.5,1,1,1,0,287.9698485,288.726738,290.2789722,289.7507002,1.02396220000037,292.4004249,293.4233288,3.5,0.936170212765957,0.0638297872340425,44,4,21,"(1, 1)"
167,48,3,2,2,0,1,0.35,0,0,1,0,293.4379171,294.1434578,295.7379596,295.4066597,1.26320190000024,297.8588883,298.8788413,3.5,0.9375,0.0625,45,4,21,"(0, 1)"
168,49,3,2,2,2,0,0.5,1,1,1,1,298.8984081,300.4551223,302.0441384,301.7824745,1.3273522000004,304.1863454,305.2229549,3.5,0.938775510204082,0.0612244897959183,46,4,21,"(2, 0)"
169,50,3,2,2,1,1,0.5,1,1,1,1,305.4123154,306.1326013,307.6918657,307.1906291,1.05802779999976,309.8119174,310.8317542,3.5,0.94,0.0600000000000001,47,4,21,"(1, 1)"
170,51,3,2,2,2,0,0.5,1,1,1,0,310.8435965,311.5296009,313.4671128,312.8466224,1.31702150000001,315.6269773,316.67236,3.5,0.941176470588235,0.0588235294117647,48,4,21,"(2, 0)"
171,52,3,2,2,0,1,0.35,0,1,0,1,316.8736924,317.9847121,319.5572225,319.0226043,1.03789219999999,321.6832729,322.7001226,3.5,0.923076923076923,0.0769230769230769,49,4,21,"(0, 1)"
172,53,3,2,2,2,0,0.5,1,1,1,1,322.7201238,323.4920153,326.0017263,324.7506295,1.25861419999956,328.1462616,329.1800668,3.5,0.924528301886792,0.0754716981132075,49,5,21,"(2, 0)"
173,54,3,2,2,1,2,0.15,0,0,1,1,329.281273,330.2027012,331.770096,331.3586081,1.15590689999999,333.8913048,334.9096953,3.5,0.925925925925926,0.0740740740740741,50,5,21,"(1, 2)"
174,55,3,2,2,1,2,0.15,0,0,1,0,334.923086,335.6148669,337.18569,336.7103685,1.09550160000026,339.308204,340.3284483,3.5,0.927272727272727,0.0727272727272728,51,5,21,"(1, 2)"
175,56,3,2,2,2,0,0.5,1,1,1,0,340.336192,341.094633,342.6536965,342.3664245,1.27179149999984,344.7714907,345.798635,3.5,0.928571428571429,0.0714285714285714,52,5,21,"(2, 0)"
176,57,3,2,2,2,2,0.35,0,0,1,1,345.8130315,346.5068158,348.0643823,347.6463631,1.13954730000023,350.1830831,351.1884367,3.5,0.929824561403509,0.0701754385964912,53,5,21,"(2, 2)"
177,58,3,2,2,1,1,0.5,1,1,1,1,351.2016717,351.8918091,353.4537272,352.9583568,1.06654770000023,355.5673715,356.5726005,3.5,0.931034482758621,0.0689655172413793,54,5,21,"(1, 1)"
178,59,3,2,2,2,0,0.5,1,1,1,1,356.5793371,357.3051195,358.8669491,358.7023366,1.39721709999958,360.9919712,362.0034294,3.5,0.932203389830508,0.0677966101694916,55,5,21,"(2, 0)"
179,60,3,2,2,2,0,0.5,1,1,1,1,362.0278077,363.3098007,366.136967,364.3823614,1.07256070000039,368.2766045,369.3170216,3.5,0.933333333333333,0.0666666666666667,56,5,21,"(2, 0)"
180,1,4,3,1,1,0,0.35,0,1,0,0,0.0001965999999811,0.685258399999839,2.5382083999998,2.5381282999997,1.85286989999986,4.64998319999995,5.65721260000009,3.5,0.0,1.0,1,1,21,"(1, 0)"
181,2,4,3,1,2,2,0.35,0,1,0,0,5.66686129999971,6.36674549999998,7.86950859999979,7.86942629999976,1.50268079999978,9.99313949999987,11.0097787,3.5,0.0,1.0,1,2,21,"(2, 2)"
182,3,4,3,1,1,1,0.5,1,1,1,1,11.0177402999998,11.7497408999998,13.3042955999999,13.0884031000001,1.33866220000027,15.4331698000001,16.4544234,3.5,0.333333333333333,0.666666666666667,1,3,21,"(1, 1)"
183,4,4,3,1,2,2,0.35,0,1,0,0,16.4602420000001,17.1558821999997,18.7406492,18.4564224000001,1.30054020000034,20.8697815999999,21.8848254999998,3.5,0.25,0.75,2,3,21,"(2, 2)"
184,5,4,3,1,0,2,0.5,1,1,1,1,21.9058344,22.6040272,24.1596274999997,23.7843631999999,1.1803359999999,26.2888871,27.2959132000001,3.5,0.4,0.6,2,4,21,"(0, 2)"
185,6,4,3,1,1,1,0.5,1,1,1,0,27.3024204999997,27.9949698999999,29.5486775999998,29.3523184999999,1.35734860000002,31.6712984999999,32.6774179999998,3.5,0.5,0.5,3,4,21,"(1, 1)"
186,7,4,3,1,1,2,0.15,0,0,1,1,32.6847711999999,33.3887707999997,34.9827078999997,34.5043652999998,1.11559450000004,37.1135568,38.1188542999998,3.5,0.571428571428571,0.428571428571429,4,4,21,"(1, 2)"
187,8,4,3,1,2,2,0.35,0,0,1,1,38.1265966000001,38.8608678999999,40.4616301999999,39.9922358999997,1.13136799999984,42.5792668999998,43.5965424999999,3.5,0.625,0.375,5,4,21,"(2, 2)"
188,9,4,3,1,2,0,0.5,1,1,1,1,43.6024865999998,44.3316876999997,45.9561951999999,45.6244216,1.29273390000026,48.0736621000001,49.0850857,3.5,0.666666666666667,0.333333333333333,6,4,21,"(2, 0)"
189,10,4,3,1,2,0,0.5,1,1,1,1,49.0923656999998,49.9164025,51.5024625000001,51.1602204000001,1.24381790000007,53.6195844999997,54.6396768999998,3.5,0.7,0.3,7,4,21,"(2, 0)"
190,11,4,3,1,0,1,0.35,0,0,1,0,54.6544061,55.4055284000001,57.0225213999997,56.7362472999998,1.33071889999974,59.1409310999998,60.1553795,3.5,0.727272727272727,0.272727272727273,8,4,21,"(0, 1)"
191,12,4,3,1,0,1,0.35,0,0,1,0,60.1645190999998,60.8746449,62.4118571999998,62.4117741,1.53712919999998,64.5354007999999,65.5468139,3.5,0.75,0.25,9,4,21,"(0, 1)"
192,13,4,3,1,0,2,0.5,1,1,1,1,65.5578275999997,66.3038965000001,67.8620538999999,67.6962954999999,1.39239899999984,69.9825845999999,70.9912128999999,3.5,0.769230769230769,0.230769230769231,10,4,21,"(0, 2)"
193,14,4,3,1,0,1,0.35,0,0,1,0,71.0023561999997,71.6879879999997,73.2506178999997,72.8642454999999,1.17625750000025,75.3785917,76.3929263,3.5,0.785714285714286,0.214285714285714,11,4,21,"(0, 1)"
194,15,4,3,1,2,2,0.35,0,0,1,0,76.3993789000001,77.1325861999999,79.2932465999997,78.2480409,1.1154547000001,81.438165,82.4699132999999,3.5,0.8,0.2,12,4,21,"(2, 2)"
195,16,4,3,1,1,1,0.5,1,1,1,0,82.6465186,83.6825097999999,85.2940359999998,84.7920067999999,1.10949699999992,87.4098792999998,88.4162297999997,3.5,0.8125,0.1875,13,4,21,"(1, 1)"
196,17,4,3,1,0,1,0.35,0,0,1,1,88.4239871999998,89.9274504999998,91.5168249999997,91.2240142000001,1.29656370000021,93.6543477999999,94.6903835999997,3.5,0.823529411764706,0.176470588235294,14,4,21,"(0, 1)"
197,18,4,3,1,2,0,0.5,1,1,1,1,94.8946086000001,96.5649030999998,98.1377386999998,98.1376274999998,1.57272439999997,100.2746134,101.329667,3.5,0.833333333333333,0.166666666666667,15,4,21,"(2, 0)"
198,19,4,3,1,0,2,0.5,1,1,1,1,101.4559613,102.1894302,103.7850204,103.2641927,1.07476249999991,105.8989316,106.9210411,3.5,0.842105263157895,0.157894736842105,16,4,21,"(0, 2)"
199,20,4,3,1,0,1,0.35,0,0,1,1,106.9281171,107.6714434,109.1360059,109.135925,1.4644816,111.2596615,112.2757568,3.5,0.85,0.15,17,4,21,"(0, 1)"
200,21,4,3,1,1,0,0.35,0,0,1,1,112.282728,113.0746145,114.5540805,114.5539972,1.47938269999986,116.6777235,117.6951316,3.5,0.857142857142857,0.142857142857143,18,4,21,"(1, 0)"
201,22,4,3,1,0,1,0.35,0,0,1,1,117.7259928,120.4486714,122.043616,121.4319271,0.983255699999972,124.1651102,125.2027261,3.5,0.863636363636364,0.136363636363636,19,4,21,"(0, 1)"
202,23,4,3,1,1,0,0.35,0,0,1,1,125.3699694,126.9519615,128.3521666,128.3520837,1.40012220000017,130.5168239,131.5477761,3.5,0.869565217391304,0.130434782608696,20,4,21,"(1, 0)"
203,24,4,3,1,2,0,0.5,1,1,1,1,131.7451095,132.4630545,134.0621517,133.7439083,1.28085379999993,136.187675,137.2057491,3.5,0.875,0.125,21,4,21,"(2, 0)"
204,25,4,3,1,2,2,0.35,0,0,1,0,137.2186548,137.9050257,139.5007091,139.5006255,1.59559979999995,141.6242941,142.6442292,3.5,0.88,0.12,22,4,21,"(2, 2)"
205,26,4,3,1,0,2,0.5,1,1,1,1,142.6508987,143.4258931,145.2949147,144.7278485,1.30195539999977,147.4651552,148.505642,3.5,0.884615384615385,0.115384615384615,23,4,21,"(0, 2)"
206,27,4,3,1,2,0,0.5,1,1,1,1,148.7050482,149.7422492,151.3573583,151.1280278,1.38577859999987,153.4726455,154.4991557,3.5,0.888888888888889,0.111111111111111,24,4,21,"(2, 0)"
207,28,4,3,1,2,0,0.5,1,1,1,1,154.5113206,155.9500896,158.0188437,157.1598473,1.20975769999995,160.1910166,161.2381567,3.5,0.892857142857143,0.107142857142857,25,4,21,"(2, 0)"
208,29,4,3,1,1,1,0.5,1,0,0,0,161.5493549,162.6477329,164.2557449,163.8880407,1.24030779999975,166.3833792,167.4147197,3.5,0.862068965517241,0.137931034482759,26,4,21,"(1, 1)"
209,30,4,3,1,1,1,0.5,1,1,1,1,167.4382873,168.9896476,170.752359,170.7522585,1.7626108999998,172.8785432,173.917551,3.5,0.866666666666667,0.133333333333333,26,5,21,"(1, 1)"
210,31,4,3,1,2,1,0.15,0,1,0,0,174.1111052,174.856912,176.2896419,176.2895596,1.43264760000011,178.413277,179.4355149,3.5,0.838709677419355,0.161290322580645,27,5,21,"(2, 1)"
211,32,4,3,1,0,2,0.5,1,1,1,0,179.4429842,181.2604085,184.1820044,182.5119923,1.25158379999993,186.3927885,187.4423875,3.5,0.84375,0.15625,27,6,21,"(0, 2)"
212,33,4,3,1,0,2,0.5,1,1,1,1,187.6618733,188.7227234,190.6055261,189.8241217,1.10139830000026,192.7448606,193.7830959,3.5,0.848484848484849,0.151515151515151,28,6,21,"(0, 2)"
213,34,4,3,1,0,0,0.15,0,0,1,1,193.9345922,195.4931588,197.0876564,196.6637454,1.17058659999975,199.2307404,200.2732471,3.5,0.852941176470588,0.147058823529412,29,6,21,"(0, 0)"
214,35,4,3,1,1,2,0.15,0,0,1,0,200.4913683,202.0421127,203.63303,203.2798961,1.2377833999999,205.7827259,206.8207286,3.5,0.857142857142857,0.142857142857143,30,6,21,"(1, 2)"
215,36,4,3,1,1,1,0.5,1,1,1,1,206.999515,207.7128247,209.6585025,209.6584221,1.94559739999977,211.7703544,212.7852269,3.5,0.861111111111111,0.138888888888889,31,6,21,"(1, 1)"
216,37,4,3,1,0,1,0.35,0,0,1,1,212.8070562,214.4519969,216.0542425,215.7036949,1.25169800000003,218.1914186,219.2365334,3.5,0.864864864864865,0.135135135135135,32,6,21,"(0, 1)"
217,38,4,3,1,0,0,0.15,0,0,1,1,219.4493399,220.1828481,221.6602772,221.6601942,1.47734609999998,223.7838933,224.8031356,3.5,0.868421052631579,0.131578947368421,33,6,21,"(0, 0)"
218,39,4,3,1,1,0,0.35,0,0,1,1,224.8117612,225.6122364,227.1896897,226.871902,1.25966560000006,229.307084,230.3175103,3.5,0.871794871794872,0.128205128205128,34,6,21,"(1, 0)"
219,40,4,3,1,1,1,0.5,1,1,1,0,230.3254571,232.3550462,234.2131605,233.6238378,1.26879159999999,236.3803197,237.4231896,3.5,0.875,0.125,35,6,21,"(1, 1)"
220,41,4,3,1,1,1,0.5,1,1,1,1,237.635103,238.8272566,240.9371161,240.0478093,1.22055269999964,243.0992474,244.1481121,3.5,0.878048780487805,0.121951219512195,36,6,21,"(1, 1)"
221,42,4,3,1,2,0,0.5,1,1,1,0,244.3382724,245.362667,247.4919258,246.7115931,1.34892609999997,249.6781835,250.7241415,3.5,0.880952380952381,0.119047619047619,37,6,21,"(2, 0)"
222,43,4,3,1,0,2,0.5,1,1,1,1,250.9507441,252.5795481,254.1921382,253.6957921,1.11624399999982,256.3401137,257.3830046,3.5,0.883720930232558,0.116279069767442,38,6,21,"(0, 2)"
223,44,4,3,1,2,1,0.15,0,1,0,0,257.5632288,258.2957355,259.9694388,259.9693571,1.67362159999993,262.0813449,263.1043858,3.5,0.863636363636364,0.136363636363636,39,6,21,"(2, 1)"
224,45,4,3,1,0,0,0.15,0,0,1,0,263.1146263,263.8119443,266.2695435,264.8955556,1.08361130000003,268.465256,269.5353928,3.5,0.866666666666667,0.133333333333333,39,7,21,"(0, 0)"
225,46,4,3,1,1,0,0.35,0,0,1,1,269.7725474,270.5685892,272.1401431,271.9195394,1.35095020000017,274.2621619,275.2818762,3.5,0.869565217391304,0.130434782608696,40,7,21,"(1, 0)"
226,47,4,3,1,2,0,0.5,1,1,1,1,275.2958997,277.5933823,279.1830314,278.6877844,1.09440210000002,281.3286215,282.3687032,3.5,0.872340425531915,0.127659574468085,41,7,21,"(2, 0)"
227,48,4,3,1,1,0,0.35,0,0,1,0,282.5454297,284.3921838,286.7147467,285.6795281,1.28734430000031,288.8692148,289.9105436,3.5,0.875,0.125,42,7,21,"(1, 0)"
228,49,4,3,1,2,0,0.5,1,1,1,0,290.1313746,291.0921392,293.394941,292.1756886,1.08354939999981,295.576461,296.6345186,3.5,0.877551020408163,0.122448979591837,43,7,21,"(2, 0)"
229,50,4,3,1,0,2,0.5,1,1,1,1,296.8379913,299.1079068,300.7197056,300.159482,1.05157520000012,302.8577311,303.913988,3.5,0.88,0.12,44,7,21,"(0, 2)"
230,51,4,3,1,2,2,0.35,0,0,1,1,304.118693,304.8613802,307.5467188,306.0716349,1.21025469999995,309.723349,310.7710791,3.5,0.882352941176471,0.117647058823529,45,7,21,"(2, 2)"
231,52,4,3,1,1,1,0.5,1,1,1,1,310.9794724,312.1778444,313.9702326,313.3594634,1.18161900000041,316.1407365,317.1975487,3.5,0.884615384615385,0.115384615384615,46,7,21,"(1, 1)"
232,53,4,3,1,1,0,0.35,0,0,1,1,317.4023806,318.3947386,320.3028559,319.6314346,1.23669599999994,322.4392517,323.4666623,3.5,0.886792452830189,0.113207547169811,47,7,21,"(1, 0)"
233,54,4,3,1,0,2,0.5,1,1,1,1,323.5212826,325.8284616,327.3488936,326.9756331,1.14717149999979,329.5013537,330.5453883,3.5,0.888888888888889,0.111111111111111,48,7,21,"(0, 2)"
234,55,4,3,1,2,0,0.5,1,1,1,0,330.7603075,332.4760527,333.912009,333.9119047,1.43585200000007,336.0549276,337.0958974,3.5,0.890909090909091,0.109090909090909,49,7,21,"(2, 0)"
235,56,4,3,1,2,1,0.15,0,0,1,1,337.2967615,338.3247128,340.1868027,340.186717,1.86200420000023,342.2987691,343.3168551,3.5,0.892857142857143,0.107142857142857,50,7,21,"(2, 1)"
236,57,4,3,1,1,1,0.5,1,1,1,1,343.3345544,345.0481977,346.6735737,346.2315558,1.18335810000008,348.8239443,349.878992,3.5,0.894736842105263,0.105263157894737,51,7,21,"(1, 1)"
237,58,4,3,1,0,2,0.5,1,1,1,1,350.09302,351.4545412,352.974988,352.6713585,1.2168173,355.1122837,356.1541133,3.5,0.896551724137931,0.103448275862069,52,7,21,"(0, 2)"
238,59,4,3,1,2,2,0.35,0,0,1,0,356.313313,357.9264431,359.3635927,359.3634854,1.43704230000003,361.5100092,362.5565718,3.5,0.898305084745763,0.101694915254237,53,7,21,"(2, 2)"
239,60,4,3,1,1,2,0.15,0,0,1,1,362.7719607,363.4823405,365.3998719,364.7113308,1.22899030000008,367.5619619,368.6155121,3.5,0.9,0.1,54,7,21,"(1, 2)"
0,1,1,0,3,1,2,0.5,1,0,0,0,0.0105674999999792,0.653130600000054,2.13559090000001,1.99517609999998,1.34204549999993,4.27489209999999,5.30701520000002,3.5,0.0,1.0,1,1,0,"(1, 2)"
1,2,1,0,3,1,2,0.5,1,1,1,1,5.45171379999999,6.09306470000001,7.57601380000006,6.46736540000006,0.374300700000049,9.68358610000007,10.7219349000001,3.5,0.5,0.5,1,2,0,"(1, 2)"
2,3,1,0,3,1,2,0.5,1,0,0,1,10.7973631,11.4445513000001,12.9260067,12.4913378,1.04678649999994,15.0406316,16.0641236,3.5,0.333333333333333,0.666666666666667,2,2,0,"(1, 2)"
3,4,1,0,3,2,1,0.5,1,1,1,0,16.080147,16.7289168,18.2067194,18.2065939,1.47767710000005,20.3404091,21.361946,3.5,0.5,0.5,2,3,0,"(2, 1)"
4,5,1,0,3,0,2,0.35,0,1,0,0,21.3722751,21.992924,23.39772,23.3974278000001,1.40450380000004,25.5341388000001,26.5665111000001,3.5,0.4,0.6,3,3,0,"(0, 2)"
5,6,1,0,3,1,2,0.5,1,0,0,0,26.5879186000001,27.2260614,28.705818,27.8031382,0.577076799999986,30.8085535,31.8353353,3.5,0.333333333333333,0.666666666666667,3,4,0,"(1, 2)"
6,7,1,0,3,1,2,0.5,1,1,1,1,31.8431225,32.4913357,33.9798368,33.8511551,1.35981939999999,36.110991,37.1313826000001,3.5,0.428571428571429,0.571428571428571,3,5,0,"(1, 2)"
7,8,1,0,3,1,1,0.35,0,1,0,0,37.1382525,37.775528,39.3393585,39.3391975000001,1.56366950000006,41.4560293000001,42.4921526000001,3.5,0.375,0.625,4,5,0,"(1, 1)"
8,9,1,0,3,0,0,0.5,1,1,1,1,42.4987391000001,43.1200441,44.9610529,44.9609803000001,1.8409362000001,47.0777935,48.0920855000001,3.5,0.444444444444444,0.555555555555556,4,6,0,"(0, 0)"
9,10,1,0,3,0,0,0.5,1,0,0,1,48.0978232,48.7239181,50.4721754,50.4721036,1.74818549999998,52.5888155,53.6032893,3.5,0.4,0.6,5,6,0,"(0, 0)"
10,11,1,0,3,2,0,0.35,0,0,1,0,53.6091229,54.2402954,56.422983,56.4229115000001,2.18261610000002,58.5396388,59.5540159,3.5,0.454545454545455,0.545454545454545,5,7,0,"(2, 0)"
11,12,1,0,3,2,1,0.5,1,0,0,0,59.5600238000001,60.1887632,62.3926686,62.3925947,2.20383149999998,64.5092845,65.5236979,3.5,0.416666666666667,0.583333333333333,6,7,0,"(2, 1)"
12,13,1,0,3,0,0,0.5,1,1,1,1,65.5292623,66.1591932,68.4079556,68.4078836,2.24869039999999,70.5247057,71.5390254,3.5,0.461538461538462,0.538461538461538,6,8,0,"(0, 0)"
13,14,1,0,3,2,2,0.15,0,0,1,1,71.5446420000001,72.17418,74.2427624000001,74.2426897,2.06850970000005,76.3594811,77.3738839,3.5,0.5,0.5,7,8,0,"(2, 2)"
14,15,1,0,3,2,1,0.5,1,1,1,1,77.380188,78.0092703,80.02432,80.0242455,2.01497519999998,82.1409995,83.1554980000001,3.5,0.533333333333333,0.466666666666667,8,8,0,"(2, 1)"
15,16,1,0,3,1,1,0.35,0,1,0,0,83.1629246,83.7901335,85.6223378,85.6222659,1.83213239999998,87.7390803000001,88.7534478,3.5,0.5,0.5,9,8,0,"(1, 1)"
16,17,1,0,3,0,0,0.5,1,0,0,1,88.7676842000001,89.3736306000001,91.3685238,91.3684502,1.99481959999991,93.4853943000001,94.4996272000001,3.5,0.470588235294118,0.529411764705882,9,9,0,"(0, 0)"
17,18,1,0,3,0,2,0.35,0,1,0,0,94.5053518,95.1346757,96.8665204,96.8664478000001,1.73177210000006,98.9831345,100.019262,3.5,0.444444444444444,0.555555555555556,9,10,0,"(0, 2)"
18,19,1,0,3,1,2,0.5,1,1,1,1,100.0256798,100.644228,102.3775618,102.3774868,1.73325880000004,104.4924853,105.5067974,3.5,0.473684210526316,0.526315789473684,9,11,0,"(1, 2)"
19,20,1,0,3,1,1,0.35,0,0,1,0,105.5131242,106.1421407,108.9420164,108.9419415,2.79980079999996,111.0588255,112.0731398,3.5,0.5,0.5,10,11,0,"(1, 1)"
20,21,1,0,3,0,2,0.35,0,1,0,0,112.0787935,112.7085328,114.6275173,114.6274444,1.9189116,116.7443865,117.7588315,3.5,0.476190476190476,0.523809523809524,11,11,0,"(0, 2)"
21,22,1,0,3,0,0,0.5,1,1,1,1,117.7652793,118.3945092,120.3633704,120.3632962,1.96878700000002,122.480183,123.4946086,3.5,0.5,0.5,11,12,0,"(0, 0)"
22,23,1,0,3,0,1,0.15,0,0,1,1,123.5089894,124.1380034,126.3543223,126.35425,2.21624659999998,128.4711738,129.4855101,3.5,0.521739130434783,0.478260869565217,12,12,0,"(0, 1)"
23,24,1,0,3,2,1,0.5,1,1,1,0,129.4927114,130.1223473,132.1043947,132.1043204,1.9819731,134.2211973,135.2355328,3.5,0.541666666666667,0.458333333333333,13,12,0,"(2, 1)"
24,25,1,0,3,1,2,0.5,1,0,0,0,135.2411103,135.8708174,137.7391268,137.739053,1.86823559999993,139.8558522,140.8702016,3.5,0.52,0.48,14,12,0,"(1, 2)"
25,26,1,0,3,0,2,0.35,0,0,1,1,140.8757495,141.5058363,144.9724017,144.9723275,3.46649119999995,147.089096,148.1035544,3.5,0.538461538461538,0.461538461538462,14,13,0,"(0, 2)"
26,27,1,0,3,1,2,0.5,1,1,1,1,148.1099178,148.7376266,150.6517515,150.6516779,1.91405129999998,152.7684881,153.7828813,3.5,0.555555555555556,0.444444444444444,15,13,0,"(1, 2)"
27,28,1,0,3,2,0,0.35,0,,0,0,153.7884218,154.4188386,155.8189534,157.9215098,,157.9388646,158.9589787,3.5,0.535714285714286,0.464285714285714,16,13,0,"(2, 0)"
28,29,1,0,3,2,2,0.15,0,1,0,1,158.9667138,159.5752296,161.068166,160.9393078,1.36407819999999,163.2057464,164.2269229,3.5,0.517241379310345,0.482758620689655,16,14,0,"(2, 2)"
29,30,1,0,3,1,1,0.35,0,0,1,1,164.2413012,164.8727669,167.1266819,167.1266077,2.25384080000003,169.2433307,170.2577377,3.5,0.533333333333333,0.466666666666667,16,15,0,"(1, 1)"
30,31,1,0,3,0,2,0.35,0,0,1,1,170.264156,170.8946891,172.6931185,172.693045,1.79835589999993,174.8098512,175.8243094,3.5,0.548387096774194,0.451612903225806,17,15,0,"(0, 2)"
31,32,1,0,3,2,0,0.35,0,,0,0,175.8298829,176.4594474,177.8595256,179.9758328,,179.9926104,181.0133168,3.5,0.53125,0.46875,18,15,0,"(2, 0)"
32,33,1,0,3,0,0,0.5,1,1,1,1,181.0191229,181.6291439,183.3487345,183.34866,1.71951609999996,185.4655639,186.501668,3.5,0.545454545454545,0.454545454545455,18,16,0,"(0, 0)"
33,34,1,0,3,2,0,0.35,0,0,1,0,186.5081702,187.1430637,189.564535,189.5644604,2.42139670000006,191.6813505,192.6957011,3.5,0.558823529411765,0.441176470588235,19,16,0,"(2, 0)"
34,35,1,0,3,2,2,0.15,0,1,0,0,192.7012786,193.3317466,194.9836471,194.983572,1.65182540000001,197.1003428,198.1283248,3.5,0.542857142857143,0.457142857142857,20,16,0,"(2, 2)"
35,36,1,0,3,0,2,0.35,0,,0,0,198.142882,198.7689339,200.1690893,202.2743676,,202.291273,203.3119506,3.5,0.527777777777778,0.472222222222222,20,17,0,"(0, 2)"
36,37,1,0,3,0,1,0.15,0,1,0,1,203.3176438,203.9281838,206.0147212,206.014645,2.08646119999992,208.131589,209.1460139,3.5,0.513513513513513,0.486486486486487,20,18,0,"(0, 1)"
37,38,1,0,3,2,1,0.5,1,0,0,0,209.1528005,209.7800101,212.1827308,212.1826563,2.40264620000005,214.2993819,215.3138411,3.5,0.5,0.5,20,19,0,"(2, 1)"
38,39,1,0,3,0,2,0.35,0,0,1,0,215.3215099,215.9499424,217.6486149,217.6485402,1.69859780000002,219.7653062,220.8014345,3.5,0.512820512820513,0.487179487179487,20,20,0,"(0, 2)"
39,40,1,0,3,2,1,0.5,1,1,1,1,220.8081267,221.4422658,224.5962233,224.5961501,3.15388430000007,226.7129674,227.7273467,3.5,0.525,0.475,21,20,0,"(2, 1)"
40,41,1,0,3,1,0,0.15,0,0,1,1,227.7337828,228.362722,231.4612812,231.4612068,3.09848479999994,233.5780297,234.5924281,3.5,0.536585365853659,0.463414634146341,22,20,0,"(1, 0)"
41,42,1,0,3,0,0,0.5,1,1,1,1,234.6072793,235.249411,237.1523971,237.1523225,1.90291149999996,239.2691254,240.2834601,3.5,0.547619047619048,0.452380952380952,23,20,0,"(0, 0)"
42,43,1,0,3,1,0,0.15,0,0,1,0,240.2910618,240.9170725,243.7651057,243.7650299,2.84795740000004,245.8818335,246.8962319,3.5,0.558139534883721,0.441860465116279,24,20,0,"(1, 0)"
43,44,1,0,3,2,0,0.35,0,1,0,1,246.9035021,247.5317687,250.0666439,250.0665688,2.53480009999998,252.183378,253.197777,3.5,0.545454545454545,0.454545454545455,25,20,0,"(2, 0)"
44,45,1,0,3,1,1,0.35,0,0,1,1,253.205109,253.8331906,256.5473613,256.5472878,2.71409719999997,258.6641079,259.6786262,3.5,0.555555555555556,0.444444444444444,25,21,0,"(1, 1)"
45,46,1,0,3,2,0,0.35,0,1,0,1,259.6852108,260.3134886,263.2006539,263.2005804,2.88709180000001,265.317387,266.3317469,3.5,0.543478260869565,0.456521739130435,26,21,0,"(2, 0)"
46,47,1,0,3,1,2,0.5,1,0,0,0,266.3374859,266.9665993,269.3485783,269.3485058,2.38190650000001,271.4653314,272.4798489,3.5,0.531914893617021,0.468085106382979,26,22,0,"(1, 2)"
47,48,1,0,3,0,1,0.15,0,0,1,1,272.4863928,273.1172124,274.681979,274.6819033,1.56469090000007,276.8154088,277.8514924,3.5,0.541666666666667,0.458333333333333,26,23,0,"(0, 1)"
48,49,1,0,3,2,1,0.5,1,1,1,0,277.8663841,278.4818674,280.9554879,280.9554138,2.47354639999992,283.0720837,284.0864798,3.5,0.551020408163265,0.448979591836735,27,23,0,"(2, 1)"
49,50,1,0,3,1,1,0.35,0,1,0,0,284.0924675,284.7217931,287.6700629,287.6699871,2.94819400000006,289.7866818,290.8010888,3.5,0.54,0.46,28,23,0,"(1, 1)"
50,51,1,0,3,1,1,0.35,0,0,1,1,290.8067518,291.4561102,294.5326296,294.5325513,3.07644110000001,296.6493319,297.6637274,3.5,0.549019607843137,0.450980392156863,28,24,0,"(1, 1)"
51,52,1,0,3,2,1,0.5,1,0,0,0,297.6705988,298.3391863,299.8445066,299.8444312,1.50524489999998,301.9612291,302.9764864,3.5,0.538461538461538,0.461538461538462,29,24,0,"(2, 1)"
52,53,1,0,3,0,0,0.5,1,1,1,1,302.9823605,303.6487881,305.2106711,305.2105931,1.56180499999994,307.3460571,308.371773,3.5,0.547169811320755,0.452830188679245,29,25,0,"(0, 0)"
53,54,1,0,3,0,0,0.5,1,1,1,0,308.3783076,309.1122358,311.3370758,311.3370013,2.22476549999999,313.453782,314.4681346,3.5,0.555555555555556,0.444444444444444,30,25,0,"(0, 0)"
54,55,1,0,3,1,0,0.15,0,0,1,1,314.4824326,315.2053558,316.7104324,316.7103563,1.50500050000005,318.8437413,319.8715944,3.5,0.563636363636364,0.436363636363636,31,25,0,"(1, 0)"
55,56,1,0,3,1,2,0.5,1,1,1,1,319.8789708,320.6382195,322.543603,322.5435293,1.90530980000005,324.6604951,325.6747286,3.5,0.571428571428571,0.428571428571429,32,25,0,"(1, 2)"
56,57,1,0,3,0,0,0.5,1,1,1,0,325.6803587,326.428685,328.4030192,328.402944,1.97425900000007,330.519628,331.5340374,3.5,0.578947368421053,0.421052631578947,33,25,0,"(0, 0)"
57,58,1,0,3,2,1,0.5,1,1,1,1,331.5395821,332.2869451,334.3981364,334.3980633,2.11111819999996,336.5149292,337.5292757,3.5,0.586206896551724,0.413793103448276,34,25,0,"(2, 1)"
58,59,1,0,3,2,1,0.5,1,0,0,0,337.5348003,338.2830455,340.1223561,340.1222807,1.83923519999996,342.2389929,343.2533952,3.5,0.576271186440678,0.423728813559322,35,25,0,"(2, 1)"
59,60,1,0,3,2,0,0.35,0,0,1,1,343.2600307,343.984091,346.022591,346.0225154,2.03842439999994,348.1392579,349.1536606,3.5,0.583333333333333,0.416666666666667,35,26,0,"(2, 0)"
60,1,2,1,0,1,1,0.35,0,0,1,1,8.79000001532404e-05,0.747994600000084,2.33570529999997,1.74293160000002,0.994936999999936,4.45404619999999,5.48243040000011,3.5,1.0,0.0,1,1,0,"(1, 1)"
61,2,2,1,0,0,0,0.5,1,1,1,1,5.49390960000005,6.20751570000016,7.69725830000016,7.69718209999996,1.48966639999981,9.8306176000001,10.8418543,3.5,1.0,0.0,2,1,0,"(0, 0)"
62,3,2,1,0,1,2,0.5,1,1,1,1,10.8503793,11.5702512,13.1381173,12.9507745000001,1.38052330000005,15.2737481000001,16.3007293000001,3.5,1.0,0.0,3,1,0,"(1, 2)"
63,4,2,1,0,2,1,0.5,1,0,0,0,16.3078417000002,17.0381231000001,18.6329977,17.9829309000002,0.944807800000035,20.7391664000002,21.7742322000001,3.5,0.75,0.25,4,1,0,"(2, 1)"
64,5,2,1,0,1,2,0.5,1,1,1,1,21.7814929000001,22.5055875,24.1120430000001,24.1119665000001,1.60637900000006,26.2453370000001,27.2814121000001,3.5,0.8,0.2,4,2,0,"(1, 2)"
65,6,2,1,0,1,2,0.5,1,0,0,0,27.2958638,28.0252193000001,29.6089526000001,28.9507876,0.925568299999895,31.7214835,32.7399196000001,3.5,0.666666666666667,0.333333333333333,5,2,0,"(1, 2)"
66,7,2,1,0,0,0,0.5,1,1,1,0,32.7471574000001,33.4806716000001,34.9672978000001,34.9672206,1.48654899999997,37.1005903,38.1279859000001,3.5,0.714285714285714,0.285714285714286,5,3,0,"(0, 0)"
67,8,2,1,0,2,1,0.5,1,1,1,1,38.1344718,38.8361832000001,40.5153993000001,40.5153237,1.6791404999999,42.6320782,43.6682982,3.5,0.75,0.25,6,3,0,"(2, 1)"
68,9,2,1,0,2,0,0.35,0,0,1,0,43.6747409,44.3982506,46.6208026000002,46.6207145000001,2.22246390000009,48.7376149000002,49.7520346000001,3.5,0.777777777777778,0.222222222222222,7,3,0,"(2, 0)"
69,10,2,1,0,0,2,0.35,0,1,0,0,49.7583389000001,50.4753558,52.1454727,52.1453967,1.6700409,54.2622514,55.2983719000001,3.5,0.7,0.3,8,3,0,"(0, 2)"
70,11,2,1,0,1,1,0.35,0,0,1,1,55.3048815,56.0034230000001,58.2278405,58.2277644000001,2.22434139999996,60.3446240000001,61.3589428,3.5,0.727272727272727,0.272727272727273,8,4,0,"(1, 1)"
71,12,2,1,0,0,0,0.5,1,1,1,1,61.3646444000001,62.095634,63.9844088,63.9843332,1.88869920000002,66.1009835,67.1154063000001,3.5,0.75,0.25,9,4,0,"(0, 0)"
72,13,2,1,0,1,2,0.5,1,1,1,0,67.1298598000001,67.8356635,69.8228054000001,69.8227272000001,1.98706370000014,71.9395103000002,72.9537831,3.5,0.769230769230769,0.230769230769231,10,4,0,"(1, 2)"
73,14,2,1,0,2,1,0.5,1,1,1,1,72.9602150000001,73.6905791000001,75.4964909,75.4964148000001,1.80583569999999,77.6130721,78.6274773,3.5,0.785714285714286,0.214285714285714,11,4,0,"(2, 1)"
74,15,2,1,0,0,1,0.15,0,0,1,0,78.6340317000002,79.3625049,81.5345175,81.5344419,2.17193700000007,83.6514435000001,84.6656144000001,3.5,0.8,0.2,12,4,0,"(0, 1)"
75,16,2,1,0,0,0,0.5,1,0,0,1,84.6728971,85.4015284,87.8576482000001,87.8575705000001,2.4560421000001,89.9743547,90.9887359000002,3.5,0.75,0.25,13,4,0,"(0, 0)"
76,17,2,1,0,2,1,0.5,1,1,1,0,90.9960342000002,91.741933,93.4494200000001,93.4493408000001,1.70740780000006,95.5638591000002,96.5781502,3.5,0.764705882352941,0.235294117647059,13,5,0,"(2, 1)"
77,18,2,1,0,2,1,0.5,1,0,0,0,96.5838761,97.3101433000002,100.249828,100.2497512,2.93960789999983,102.366539,103.3808039,3.5,0.722222222222222,0.277777777777778,14,5,0,"(2, 1)"
78,19,2,1,0,0,2,0.35,0,0,1,1,103.3952108,104.1247868,106.2970994,106.2970218,2.172235,108.4138459,109.4280717,3.5,0.736842105263158,0.263157894736842,14,6,0,"(0, 2)"
79,20,2,1,0,2,0,0.35,0,0,1,0,109.4353256,110.1630087,112.1358912,112.1358149,1.97280619999992,114.252695,115.266973,3.5,0.75,0.25,15,6,0,"(2, 0)"
80,21,2,1,0,0,0,0.5,1,0,0,0,115.2726864,115.9821061,117.8791158,117.8790405,1.89693439999996,119.9958933,121.0105818,3.5,0.714285714285714,0.285714285714286,16,6,0,"(0, 0)"
81,22,2,1,0,0,0,0.5,1,0,0,1,121.0162889,121.6948871,123.6385637,123.6384889,1.94360180000012,125.7554391,126.7696972,3.5,0.681818181818182,0.318181818181818,16,7,0,"(0, 0)"
82,23,2,1,0,0,2,0.35,0,0,1,1,126.7769516,127.4806685,129.3449474,129.3448691,1.8642006,131.4616703,132.4765877,3.5,0.695652173913043,0.304347826086957,16,8,0,"(0, 2)"
83,24,2,1,0,1,2,0.5,1,1,1,1,132.4822582,133.1642671,134.7178093,134.3026816,1.13841450000018,136.8473381,137.8610375,3.5,0.708333333333333,0.291666666666667,17,8,0,"(1, 2)"
84,25,2,1,0,0,0,0.5,1,0,0,0,137.8756207,138.5614105,140.3700915,140.3700148,1.80860430000007,142.486858,143.5228956,3.5,0.68,0.32,18,8,0,"(0, 0)"
85,26,2,1,0,1,1,0.35,0,0,1,1,143.5294316,144.2289875,145.7849966,145.1987344,0.969746900000018,147.8991115,148.9163752,3.5,0.692307692307692,0.307692307692308,18,9,0,"(1, 1)"
86,27,2,1,0,0,0,0.5,1,1,1,1,148.9228627,149.6294903,151.2369181,151.2368385,1.60734819999993,153.3703272,154.4064277,3.5,0.703703703703704,0.296296296296296,19,9,0,"(0, 0)"
87,28,2,1,0,0,2,0.35,0,0,1,1,154.4130787,155.1154044,156.6795317,156.1988575,1.08345310000004,158.7849462,159.7983415,3.5,0.714285714285714,0.285714285714286,20,9,0,"(0, 2)"
88,29,2,1,0,0,0,0.5,1,0,0,0,159.804088,160.5101307,162.5990729,162.5989974,2.08886670000015,164.7158156,165.7300951,3.5,0.689655172413793,0.310344827586207,21,9,0,"(0, 0)"
89,30,2,1,0,2,2,0.15,0,1,0,1,165.7357274,166.4449488,168.0210969,167.8066964,1.36174759999994,170.1528635,171.1733965,3.5,0.666666666666667,0.333333333333333,21,10,0,"(2, 2)"
90,31,2,1,0,1,0,0.15,0,0,1,1,171.1790545,171.8883936,173.6856,173.6855222,1.79712860000018,175.8024513,176.8384355,3.5,0.67741935483871,0.32258064516129,21,11,0,"(1, 0)"
91,32,2,1,0,0,1,0.15,0,0,1,1,176.8528621,177.552082,179.3546947,179.3546142,1.80253219999986,181.4714236,182.4857929,3.5,0.6875,0.3125,22,11,0,"(0, 1)"
92,33,2,1,0,2,1,0.5,1,1,1,0,182.491372,183.199795,184.7735293,184.2308342,1.03103920000012,186.8871374,187.9200517,3.5,0.696969696969697,0.303030303030303,23,11,0,"(2, 1)"
93,34,2,1,0,0,1,0.15,0,0,1,1,187.9268333,188.6321066,191.4063771,191.4062997,2.77419310000005,193.5232442,194.5374956,3.5,0.705882352941177,0.294117647058823,24,11,0,"(0, 1)"
94,35,2,1,0,2,1,0.5,1,1,1,1,194.5433198,195.2519438,197.0447591,197.044681,1.79273719999992,199.1616455,200.1758482,3.5,0.714285714285714,0.285714285714286,25,11,0,"(2, 1)"
95,36,2,1,0,1,2,0.5,1,1,1,1,200.1821965,200.8924775,202.7738219,202.773743,1.88126549999993,204.8905144,205.9048498,3.5,0.722222222222222,0.277777777777778,26,11,0,"(1, 2)"
96,37,2,1,0,2,0,0.35,0,0,1,1,205.9112091,206.6155477,209.1625717,209.1624944,2.54694670000003,211.27933,212.2935718,3.5,0.72972972972973,0.27027027027027,27,11,0,"(2, 0)"
97,38,2,1,0,1,0,0.15,0,0,1,0,212.3081896,212.9945401,215.3217179,215.3216398,2.32709969999996,217.4384328,218.4529214,3.5,0.736842105263158,0.263157894736842,28,11,0,"(1, 0)"
98,39,2,1,0,1,2,0.5,1,1,1,0,218.4585668,219.1379656,221.0179413,221.0178631,1.87989749999997,223.134669,224.1489315,3.5,0.743589743589744,0.256410256410256,29,11,0,"(1, 2)"
99,40,2,1,0,2,2,0.15,0,1,0,1,224.1564239,224.8634089,227.0125417,227.0124663,2.14905740000017,229.1293728,230.143634,3.5,0.725,0.275,30,11,0,"(2, 2)"
100,41,2,1,0,0,0,0.5,1,1,1,1,230.1509579,230.8550994,232.5343886,232.5343107,1.67921130000013,234.6511015,235.6888516,3.5,0.731707317073171,0.268292682926829,30,12,0,"(0, 0)"
101,42,2,1,0,1,1,0.35,0,0,1,1,235.6945818,236.3955838,238.1245707,238.1244927,1.72890889999985,240.2413062,241.2561174,3.5,0.738095238095238,0.261904761904762,31,12,0,"(1, 1)"
102,43,2,1,0,1,0,0.15,0,0,1,0,241.2617339,241.9417619,243.7558659,243.7557888,1.81402690000004,245.8726411,246.8870015,3.5,0.744186046511628,0.255813953488372,32,12,0,"(1, 0)"
103,44,2,1,0,2,1,0.5,1,1,1,0,246.9013569,247.5888405,249.1573085,248.7108296,1.12198910000006,251.2892807,252.3099976,3.5,0.75,0.25,33,12,0,"(2, 1)"
104,45,2,1,0,1,2,0.5,1,1,1,1,252.3163829,253.0199489,254.5875288,254.3908249,1.37087599999995,256.7139533,257.7263761,3.5,0.755555555555556,0.244444444444444,34,12,0,"(1, 2)"
105,46,2,1,0,1,1,0.35,0,0,1,1,257.7328725,258.4485062,260.1862848,260.1862061,1.73769990000005,262.3031139,263.3418362,3.5,0.760869565217391,0.239130434782609,35,12,0,"(1, 1)"
106,47,2,1,0,1,2,0.5,1,1,1,1,263.3479873,264.0597411,265.8817539,265.8816751,1.82193400000006,267.9984014,269.012693,3.5,0.765957446808511,0.234042553191489,36,12,0,"(1, 2)"
107,48,2,1,0,2,0,0.35,0,0,1,1,269.0190595,269.7282141,271.693541,271.6934623,1.96524819999991,273.8102387,274.825469,3.5,0.770833333333333,0.229166666666667,37,12,0,"(2, 0)"
108,49,2,1,0,1,2,0.5,1,1,1,0,274.8328594,275.5102498,277.0955977,276.614899,1.10464920000004,279.2100837,280.2331537,3.5,0.775510204081633,0.224489795918367,38,12,0,"(1, 2)"
109,50,2,1,0,2,0,0.35,0,0,1,1,280.2390847,280.9442086,282.4159323,282.415852,1.47164339999995,284.5492843,285.5723968,3.5,0.78,0.22,39,12,0,"(2, 0)"
110,51,2,1,0,2,2,0.15,0,0,1,1,285.5871475,286.302729,288.2150752,288.2148891,1.91216010000016,290.3317141,291.346096,3.5,0.784313725490196,0.215686274509804,40,12,0,"(2, 2)"
111,52,2,1,0,2,1,0.5,1,1,1,1,291.3525742,292.0571387,293.650843,292.9986569,0.941518200000019,295.7583648,296.7910284,3.5,0.788461538461538,0.211538461538462,41,12,0,"(2, 1)"
112,53,2,1,0,1,1,0.35,0,0,1,1,296.7975228,297.5438688,299.48747,299.4873915,1.9435226999999,301.6042874,302.6186744,3.5,0.792452830188679,0.207547169811321,42,12,0,"(1, 1)"
113,54,2,1,0,2,0,0.35,0,0,1,1,302.6258926,303.3332059,304.935998,304.9359225,1.60271659999989,307.052636,308.0650869,3.5,0.796296296296296,0.203703703703704,43,12,0,"(2, 0)"
114,55,2,1,0,2,0,0.35,0,0,1,0,308.0706212,308.7853198,310.4012549,310.0068715,1.22155169999996,312.5268892,313.5512754,3.5,0.8,0.2,44,12,0,"(2, 0)"
115,56,2,1,0,1,1,0.35,0,0,1,1,313.5578547,314.252244,316.0034762,316.0033963,1.75115230000006,318.1201678,319.159039,3.5,0.803571428571429,0.196428571428571,45,12,0,"(1, 1)"
116,57,2,1,0,0,2,0.35,0,0,1,1,319.1736442,319.8859976,321.3244775,321.324398,1.43840039999986,323.4578686,324.4791619,3.5,0.807017543859649,0.192982456140351,46,12,0,"(0, 2)"
117,58,2,1,0,0,2,0.35,0,0,1,0,324.4856835,325.2174959,327.1747641,327.1746859,1.95718999999985,329.2915942,330.3058588,3.5,0.810344827586207,0.189655172413793,47,12,0,"(0, 2)"
118,59,2,1,0,0,2,0.35,0,0,1,1,330.3116075,331.0812706,332.7935488,332.7934691,1.71219849999989,334.9100671,335.9244722,3.5,0.813559322033898,0.186440677966102,48,12,0,"(0, 2)"
119,60,2,1,0,2,1,0.5,1,1,1,1,335.9301968,336.6366691,338.201361,337.726559,1.08988989999989,340.3045332,341.330721,3.5,0.816666666666667,0.183333333333333,49,12,0,"(2, 1)"
120,1,3,2,1,0,2,0.35,0,0,1,1,7.71999998505635e-05,0.707039200000054,2.29650459999993,1.45142979999991,0.744390599999861,4.39962339999988,5.42859920000001,3.5,1.0,0.0,1,1,0,"(0, 2)"
121,2,3,2,1,0,0,0.5,1,0,0,0,5.43209520000005,6.19395729999997,7.88293929999986,7.88285900000005,1.68890170000009,9.99950139999987,11.0357475999999,3.5,0.5,0.5,2,1,0,"(0, 0)"
122,3,3,2,1,1,2,0.5,1,1,1,1,11.0428377000001,11.7298283999999,13.2149288000001,13.2148210999999,1.48499270000002,15.3483088,16.3680420000001,3.5,0.666666666666667,0.333333333333333,2,2,0,"(1, 2)"
123,4,3,2,1,1,1,0.35,0,0,1,1,16.3824783,17.0943264,18.6464983999999,17.883296,0.788969599999973,20.7511602,21.7775793000001,3.5,0.75,0.25,3,2,0,"(1, 1)"
124,5,3,2,1,0,0,0.5,1,1,1,1,21.7838959000001,22.4748006,23.9799834,23.9798773999999,1.50507679999987,26.1133350999999,27.1446860999999,3.5,0.8,0.2,4,2,0,"(0, 0)"
125,6,3,2,1,1,0,0.15,0,0,1,1,27.1503226,27.8599919000001,29.3824316999999,29.3823522999999,1.5223603999998,31.5158289999999,32.5517496,3.5,0.833333333333333,0.166666666666667,5,2,0,"(1, 0)"
126,7,3,2,1,0,2,0.35,0,0,1,1,32.5584013999999,33.2650676999999,34.8431542000001,34.1793461,0.914278400000057,36.960564,37.9815283,3.5,0.857142857142857,0.142857142857143,6,2,0,"(0, 2)"
127,8,3,2,1,1,2,0.5,1,1,1,0,37.9885778999999,38.6842224,40.2925209999999,40.2924407999999,1.60821839999994,42.4259436,43.4618862,3.5,0.875,0.125,7,2,0,"(1, 2)"
128,9,3,2,1,2,0,0.35,0,0,1,1,43.4762762,44.1776262999999,45.8163030999999,45.8162225999999,1.63859630000002,47.9328519999999,48.9689983000001,3.5,0.888888888888889,0.111111111111111,8,2,0,"(2, 0)"
129,10,3,2,1,1,2,0.5,1,1,1,0,48.975443,49.6979653999999,51.4866196,51.4865405,1.78857510000012,53.6031653,54.6175865,3.5,0.9,0.1,9,2,0,"(1, 2)"
130,11,3,2,1,2,0,0.35,0,0,1,0,54.624808,55.3527916999999,57.5918795999999,57.5918010999999,2.23900939999999,59.7087554,60.7229674,3.5,0.909090909090909,0.0909090909090909,10,2,0,"(2, 0)"
131,12,3,2,1,2,0,0.35,0,0,1,1,60.7286975,61.4806787,62.8836397,62.8835675,1.40288880000003,65.0188295999999,66.0375474,3.5,0.916666666666667,0.0833333333333334,11,2,0,"(2, 0)"
132,13,3,2,1,1,1,0.35,0,0,1,0,66.0431819,66.7695968,68.8314932000001,68.8314144999999,2.06181769999989,70.9482338999999,71.9626372999999,3.5,0.923076923076923,0.0769230769230769,12,2,0,"(1, 1)"
133,14,3,2,1,2,2,0.15,0,1,0,1,71.9682361,72.6876877,74.4741228,74.4740442,1.78635650000001,76.5908721000001,77.6052774,3.5,0.857142857142857,0.142857142857143,13,2,0,"(2, 2)"
134,15,3,2,1,2,0,0.35,0,0,1,1,77.6198311999999,78.327646,79.9061311,79.6273153,1.29966930000001,82.0353756,83.0667122,3.5,0.866666666666667,0.133333333333333,13,3,0,"(2, 0)"
135,16,3,2,1,2,0,0.35,0,0,1,1,83.0730689,83.7865589,85.2335885,85.2335077999999,1.44694889999982,87.3669441,88.3734850000001,3.5,0.875,0.125,14,3,0,"(2, 0)"
136,17,3,2,1,2,1,0.5,1,0,0,0,88.3790746,89.0763838,91.1056979,91.1056177,2.02923390000001,93.2223044,94.2366896999999,3.5,0.823529411764706,0.176470588235294,15,3,0,"(2, 1)"
137,18,3,2,1,2,1,0.5,1,1,1,1,94.2430116,94.9511912,96.5049587999999,96.0513306,1.10013939999999,98.6163205,99.625072,3.5,0.833333333333333,0.166666666666667,15,4,0,"(2, 1)"
138,19,3,2,1,0,2,0.35,0,0,1,0,99.6306403999999,100.3331453,102.0338924,102.0338098,1.7006644999999,104.1505803,105.1617522,3.5,0.842105263157895,0.157894736842105,16,4,0,"(0, 2)"
139,20,3,2,1,0,2,0.35,0,0,1,0,105.1682246,105.8830987,107.4358303,107.4357494,1.55265069999996,109.569072,110.6052284,3.5,0.85,0.15,17,4,0,"(0, 2)"
140,21,3,2,1,2,1,0.5,1,1,1,1,110.6109339,111.3202042,113.7644911,113.7643858,2.44418159999987,115.8811532,116.8954029,3.5,0.857142857142857,0.142857142857143,18,4,0,"(2, 1)"
141,22,3,2,1,2,1,0.5,1,1,1,1,116.90995,117.6208916,119.4000677,119.3999761,1.77908449999995,121.5168166,122.5309809,3.5,0.863636363636364,0.136363636363636,19,4,0,"(2, 1)"
142,23,3,2,1,2,1,0.5,1,1,1,1,122.5367699,123.2468252,125.0159637,125.015882,1.76905680000004,127.1327519,128.1482166,3.5,0.869565217391304,0.130434782608696,20,4,0,"(2, 1)"
143,24,3,2,1,2,2,0.15,0,1,0,0,128.1547219,128.8354631,130.7162357,130.7161555,1.88069240000004,132.8329299,133.8471754,3.5,0.833333333333333,0.166666666666667,21,4,0,"(2, 2)"
144,25,3,2,1,0,2,0.35,0,0,1,0,133.8528154,134.5639462,136.226871,136.2267884,1.66284220000011,138.3435312,139.3794175,3.5,0.84,0.16,21,5,0,"(0, 2)"
145,26,3,2,1,1,1,0.35,0,0,1,1,139.3858773,140.0969549,142.1484776,142.1483989,2.05144399999995,144.2651511,145.2794257,3.5,0.846153846153846,0.153846153846154,22,5,0,"(1, 1)"
146,27,3,2,1,2,0,0.35,0,0,1,1,145.2859561,145.9965306,147.5521578,147.3713479,1.37481730000013,149.6809538,150.715866,3.5,0.851851851851852,0.148148148148148,23,5,0,"(2, 0)"
147,28,3,2,1,0,0,0.5,1,1,1,1,150.7304634,151.445334,153.0112854,152.8033217,1.35798769999997,155.1424422,156.1552583,3.5,0.857142857142857,0.142857142857143,24,5,0,"(0, 0)"
148,29,3,2,1,2,1,0.5,1,1,1,1,156.1615148,156.8753885,159.1786662,159.1785861,2.30319759999998,161.29529,162.309678,3.5,0.862068965517241,0.137931034482759,25,5,0,"(2, 1)"
149,30,3,2,1,1,2,0.5,1,0,0,0,162.3169827,163.0263918,164.9558694,164.9557885,1.92939669999987,167.0725919,168.0876343,3.5,0.833333333333333,0.166666666666667,26,5,0,"(1, 2)"
150,31,3,2,1,1,1,0.35,0,1,0,0,168.0934897,168.7746334,170.9373868,170.9373014,2.16266800000017,173.0540068,174.0682905,3.5,0.806451612903226,0.193548387096774,26,6,0,"(1, 1)"
151,32,3,2,1,2,1,0.5,1,0,0,0,174.0740657,174.7833789,176.4289945,176.4289133,1.64553440000009,178.5456657,179.5817731,3.5,0.78125,0.21875,26,7,0,"(2, 1)"
152,33,3,2,1,2,1,0.5,1,1,1,1,179.5883362,180.295229,181.7483895,181.7483102,1.45308119999981,183.881791,184.9041485,3.5,0.787878787878788,0.212121212121212,26,8,0,"(2, 1)"
153,34,3,2,1,2,2,0.15,0,1,0,0,184.9191922,185.6228095,187.3782311,187.3781522,1.75534270000003,189.4949839,190.5309295,3.5,0.764705882352941,0.235294117647059,27,8,0,"(2, 2)"
154,35,3,2,1,1,0,0.15,0,0,1,0,190.5366259,191.2405195,192.7988864,192.5793434,1.33882390000008,194.9246913,195.9539199,3.5,0.771428571428571,0.228571428571429,27,9,0,"(1, 0)"
155,36,3,2,1,0,0,0.5,1,1,1,1,195.9604224,196.6714779,198.2273591,197.8832978,1.21181990000014,200.3497368,201.3595997,3.5,0.777777777777778,0.222222222222222,28,9,0,"(0, 0)"
156,37,3,2,1,0,0,0.5,1,1,1,0,201.3669636,202.0746985,203.6399847,203.4353219,1.36062339999989,205.7726596,206.7917529,3.5,0.783783783783784,0.216216216216216,29,9,0,"(0, 0)"
157,38,3,2,1,1,1,0.35,0,0,1,1,206.7974615,207.5327261,209.6207394,209.620659,2.08793289999994,211.7374837,212.7518225,3.5,0.789473684210526,0.210526315789474,30,9,0,"(1, 1)"
158,39,3,2,1,1,2,0.5,1,1,1,1,212.7591351,213.4899307,215.0949693,215.0948876,1.60495689999993,217.2284993,218.2645396,3.5,0.794871794871795,0.205128205128205,31,9,0,"(1, 2)"
159,40,3,2,1,0,1,0.15,0,0,1,1,218.271021,218.9447832,220.8005746,220.800493,1.85570980000011,222.9174842,223.9316334,3.5,0.8,0.2,32,9,0,"(0, 1)"
160,41,3,2,1,2,1,0.5,1,1,1,0,223.9464378,224.6547118,226.2356634,226.2355806,1.58086880000019,228.3521818,229.3883,3.5,0.804878048780488,0.195121951219512,33,9,0,"(2, 1)"
161,42,3,2,1,1,2,0.5,1,1,1,0,229.3939209,230.1330981,231.975345,231.9752654,1.84216730000003,234.0921586,235.1066488,3.5,0.80952380952381,0.19047619047619,34,9,0,"(1, 2)"
162,43,3,2,1,0,2,0.35,0,0,1,0,235.1123548,235.8449646,237.3998306,237.3997504,1.55478579999999,239.5165296,240.5526256,3.5,0.813953488372093,0.186046511627907,35,9,0,"(0, 2)"
163,44,3,2,1,1,0,0.15,0,0,1,1,240.5585455,241.2627137,243.1350256,243.1349459,1.8722322000001,245.2516595,246.2659399,3.5,0.818181818181818,0.181818181818182,36,9,0,"(1, 0)"
164,45,3,2,1,2,0,0.35,0,0,1,1,246.2717851,246.9818313,248.5718272,248.2830627,1.30123140000001,250.6947132,251.7258531,3.5,0.822222222222222,0.177777777777778,37,9,0,"(2, 0)"
165,46,3,2,1,1,2,0.5,1,1,1,1,251.7323886,252.5027409,254.4662198,254.4661157,1.96337480000011,256.5829185,257.5972281,3.5,0.826086956521739,0.173913043478261,38,9,0,"(1, 2)"
166,47,3,2,1,0,0,0.5,1,1,1,1,257.6116384,258.2982078,259.8627075,259.4432697,1.14506189999997,261.999254,263.0141881,3.5,0.829787234042553,0.170212765957447,39,9,0,"(0, 0)"
167,48,3,2,1,0,0,0.5,1,1,1,1,263.0199296,263.7431212,265.3083683,264.9630608,1.21993960000009,267.4352989,268.4540942,3.5,0.833333333333333,0.166666666666667,40,9,0,"(0, 0)"
168,49,3,2,1,1,2,0.5,1,1,1,1,268.4613647,269.1752603,270.8243618,270.8242798,1.64901949999989,272.941021,273.9500308,3.5,0.836734693877551,0.163265306122449,41,9,0,"(1, 2)"
169,50,3,2,1,1,1,0.35,0,0,1,1,273.9565328,274.694017,276.2452063,275.6752799,0.98126289999982,278.3499689,279.3772999,3.5,0.84,0.16,42,9,0,"(1, 1)"
170,51,3,2,1,2,1,0.5,1,0,0,1,279.3830349,280.0901022,281.6299479,281.6298669,1.53976469999998,283.7632571,284.7975812,3.5,0.823529411764706,0.176470588235294,43,9,0,"(2, 1)"
171,52,3,2,1,1,2,0.5,1,0,0,1,284.8039185,285.5149922,287.2931342,287.2930548,1.77806259999988,289.4098136,290.4241752,3.5,0.807692307692308,0.192307692307692,43,10,0,"(1, 2)"
172,53,3,2,1,0,0,0.5,1,1,1,1,290.4387459,291.1263646,292.6814171,292.3792711,1.25290649999988,294.8066173,295.8313363,3.5,0.811320754716981,0.188679245283019,43,11,0,"(0, 0)"
173,54,3,2,1,0,0,0.5,1,1,1,0,295.8369464,296.552871,298.1163774,297.8192571,1.26638610000009,300.2547886,301.2710477,3.5,0.814814814814815,0.185185185185185,44,11,0,"(0, 0)"
174,55,3,2,1,1,1,0.35,0,1,0,0,301.2768345,301.9807553,303.7194396,303.7193576,1.73860229999991,305.838735,306.8722469,3.5,0.8,0.2,45,11,0,"(1, 1)"
175,56,3,2,1,0,1,0.15,0,0,1,1,306.8781073,307.5943828,309.1653297,309.1652506,1.57086780000009,311.2820469,312.3180154,3.5,0.803571428571429,0.196428571428571,45,12,0,"(0, 1)"
176,57,3,2,1,0,0,0.5,1,1,1,1,312.3237151,313.0201559,314.5792122,314.3630057,1.34284980000007,316.7145654,317.7407469,3.5,0.807017543859649,0.192982456140351,46,12,0,"(0, 0)"
177,58,3,2,1,1,2,0.5,1,0,0,0,317.7464131,318.457559,320.736341,320.7362612,2.2787022,322.8529531,323.8673047,3.5,0.793103448275862,0.206896551724138,47,12,0,"(1, 2)"
178,59,3,2,1,0,1,0.15,0,0,1,0,323.8746453,324.5853616,326.1486753,325.7630457,1.17768410000008,328.2806693,329.2982414,3.5,0.796610169491525,0.203389830508475,47,13,0,"(0, 1)"
179,60,3,2,1,0,2,0.35,0,0,1,1,329.3128279,329.99887,331.695853,331.6957642,1.69689420000009,333.8143534,334.8236756,3.5,0.8,0.2,48,13,0,"(0, 2)"
180,1,4,3,2,2,1,0.5,1,1,1,1,7.80000000304426e-05,0.714074199999914,2.28158439999993,1.81501739999999,1.10094320000007,4.40243439999995,5.43047339999998,3.5,1.0,0.0,1,1,0,"(2, 1)"
181,2,4,3,2,2,1,0.5,1,1,1,1,5.43407469999988,6.18780549999997,7.89199039999994,7.24610779999989,1.05830229999992,10.0211689999999,11.045235,3.5,1.0,0.0,2,1,0,"(2, 1)"
182,3,4,3,2,0,0,0.5,1,0,0,0,11.0515521999998,11.8183294999999,13.4001747,13.4000922,1.58176270000013,15.5336703,16.5401973999999,3.5,0.666666666666667,0.333333333333333,3,1,0,"(0, 0)"
183,4,4,3,2,0,0,0.5,1,1,1,1,16.5469982,17.28899,18.8796252,18.6711192999999,1.38212929999986,21.0167256,22.0421331999999,3.5,0.75,0.25,3,2,0,"(0, 0)"
184,5,4,3,2,2,2,0.15,0,1,0,1,22.0567796999999,22.7960627,24.5485831999999,24.5484838999998,1.75242119999984,26.6678098,27.700955,3.5,0.6,0.4,4,2,0,"(2, 2)"
185,6,4,3,2,0,0,0.5,1,1,1,1,27.7070481999999,28.4351199999999,30.3241378,30.3240564999999,1.8889365,32.4407839,33.4556990999999,3.5,0.666666666666667,0.333333333333333,4,3,0,"(0, 0)"
186,7,4,3,2,2,0,0.35,0,0,1,1,33.4621915999999,34.2025690999999,35.9415073999999,35.9414245,1.73885540000015,38.0582499,39.0725391999999,3.5,0.714285714285714,0.285714285714286,5,3,0,"(2, 0)"
187,8,4,3,2,1,0,0.15,0,0,1,0,39.0805648999999,39.8332753,42.1894404,42.1893602,2.35608490000004,44.3063067000001,45.3204459999999,3.5,0.75,0.25,6,3,0,"(1, 0)"
188,9,4,3,2,1,0,0.15,0,0,1,0,45.3289130999999,46.0970503999999,47.8391818999999,47.8391021999998,1.7420517999999,49.9559993999999,50.9703187,3.5,0.777777777777778,0.222222222222222,7,3,0,"(1, 0)"
189,10,4,3,2,2,0,0.35,0,0,1,0,50.9763857,51.7629402,53.1803078,53.1802296999999,1.41728949999992,55.3163511,56.3496032999999,3.5,0.8,0.2,8,3,0,"(2, 0)"
190,11,4,3,2,0,1,0.15,0,0,1,1,56.3646329999999,57.1007348999999,58.6997323000001,58.4950225,1.3942876000001,60.8290477999999,61.8639347999999,3.5,0.818181818181818,0.181818181818182,9,3,0,"(0, 1)"
191,12,4,3,2,0,0,0.5,1,1,1,1,61.8715012999999,62.6182097999999,64.4524076999999,64.4523262999999,1.83411649999994,66.5690784999999,67.6050462999999,3.5,0.833333333333333,0.166666666666667,10,3,0,"(0, 0)"
192,13,4,3,2,1,2,0.5,1,0,0,0,67.6127257000001,68.3278421,70.262387,70.2623056999998,1.93446359999984,72.3791065,73.3934130999999,3.5,0.769230769230769,0.230769230769231,11,3,0,"(1, 2)"
193,14,4,3,2,2,2,0.15,0,0,1,1,73.3995582999999,74.1514554999999,76.1237059,76.1236242999998,1.97216879999996,78.2405801999998,79.2548313,3.5,0.785714285714286,0.214285714285714,11,4,0,"(2, 2)"
194,15,4,3,2,2,0,0.35,0,0,1,1,79.2607132999999,80.0329486000001,81.6062843,81.6062033999999,1.57325479999986,83.7231907999999,84.7593649999999,3.5,0.8,0.2,12,4,0,"(2, 0)"
195,16,4,3,2,0,0,0.5,1,1,1,0,84.7669252999999,85.5043036,87.2338424,87.2337605,1.72945690000006,89.3482087,90.3841224,3.5,0.8125,0.1875,13,4,0,"(0, 0)"
196,17,4,3,2,2,2,0.15,0,0,1,0,90.3907457999999,91.0873844,92.6492945,92.1590039999999,1.07161959999985,94.7550286999999,95.7804533999999,3.5,0.823529411764706,0.176470588235294,14,4,0,"(2, 2)"
197,18,4,3,2,0,2,0.35,0,0,1,1,95.7957566999999,96.4936779,98.4122242999999,98.412143,1.91846510000005,100.5289736,101.5431812,3.5,0.833333333333333,0.166666666666667,15,4,0,"(0, 2)"
198,19,4,3,2,0,1,0.15,0,0,1,1,101.5491523,102.2804354,103.8502987,103.4467804,1.16634499999986,105.9783769,106.9928839,3.5,0.842105263157895,0.157894736842105,16,4,0,"(0, 1)"
199,20,4,3,2,2,1,0.5,1,1,1,1,107.0014061,108.0478099,109.6199613,109.1029262,1.05511630000001,111.7442846,112.8126353,3.5,0.85,0.15,17,4,0,"(2, 1)"
200,21,4,3,2,2,1,0.5,1,1,1,0,113.0260453,114.1032969,115.6819707,115.0550289,0.951731999999993,117.7984874,118.8343279,3.5,0.857142857142857,0.142857142857143,18,4,0,"(2, 1)"
201,22,4,3,2,1,1,0.35,0,0,1,1,118.9701787,120.4169357,122.1950744,121.8069717,1.39003600000001,124.3532809,125.3874811,3.5,0.863636363636364,0.136363636363636,19,4,0,"(1, 1)"
202,23,4,3,2,2,0,0.35,0,0,1,1,125.5277744,126.2424236,127.680442,127.680361,1.43793740000001,129.8140128,130.8355808,3.5,0.869565217391304,0.130434782608696,20,4,0,"(2, 0)"
203,24,4,3,2,1,2,0.5,1,1,1,0,130.8675023,132.684187,134.4475579,134.4474716,1.76328460000013,136.5849493,137.6336825,3.5,0.875,0.125,21,4,0,"(1, 2)"
204,25,4,3,2,2,1,0.5,1,1,1,1,137.7472118,138.4823446,140.1034869,139.5589842,1.07663959999991,142.2102683,143.238346,3.5,0.88,0.12,22,4,0,"(2, 1)"
205,26,4,3,2,1,1,0.35,0,0,1,1,143.2449375,145.0499413,146.6816904,146.1749855,1.12504420000005,148.8165903,149.8547415,3.5,0.884615384615385,0.115384615384615,23,4,0,"(1, 1)"
206,27,4,3,2,1,2,0.5,1,1,1,0,150.0266528,151.3987054,153.1040362,153.1039493,1.70524389999991,155.2377785,156.2901325,3.5,0.888888888888889,0.111111111111111,24,4,0,"(1, 2)"
207,28,4,3,2,0,2,0.35,0,0,1,1,156.4243416,157.2222743,158.8945756,158.8944943,1.67221999999992,161.0124968,162.0477991,3.5,0.892857142857143,0.107142857142857,25,4,0,"(0, 2)"
208,29,4,3,2,2,1,0.5,1,1,1,1,162.0547784,164.1240436,165.7253271,165.1349632,1.01091959999985,167.8566823,168.899745,3.5,0.896551724137931,0.103448275862069,26,4,0,"(2, 1)"
209,30,4,3,2,2,1,0.5,1,1,1,1,169.0679559,169.8209503,172.0215674,170.8867669,1.06581659999983,174.1913995,175.2544908,3.5,0.9,0.1,27,4,0,"(2, 1)"
210,31,4,3,2,2,1,0.5,1,1,1,1,175.4108035,177.2657973,178.912101,178.1189276,0.853130299999975,181.0458843,182.0935743,3.5,0.903225806451613,0.0967741935483871,28,4,0,"(2, 1)"
211,32,4,3,2,1,2,0.5,1,1,1,0,182.2542525,183.037174,184.676269,184.6761866,1.63901259999989,186.7929602,187.8033716,3.5,0.90625,0.09375,29,4,0,"(1, 2)"
212,33,4,3,2,1,2,0.5,1,1,1,1,187.809459,189.7795074,191.4829594,191.482877,1.70336959999986,193.6176945,194.6529601,3.5,0.909090909090909,0.0909090909090909,30,4,0,"(1, 2)"
213,34,4,3,2,1,1,0.35,0,0,1,1,194.7964221,195.5394558,197.1291353,196.5189066,0.979450799999995,199.2641973,200.3276904,3.5,0.911764705882353,0.0882352941176471,31,4,0,"(1, 1)"
214,35,4,3,2,0,2,0.35,0,0,1,1,200.5103814,202.6236552,204.3463895,204.3463043,1.72264910000013,206.495872,207.5490867,3.5,0.914285714285714,0.0857142857142857,32,4,0,"(0, 2)"
215,36,4,3,2,2,0,0.35,0,0,1,1,207.7019602,208.464987,210.0739125,210.073829,1.6088420000001,212.2074093,213.2149308,3.5,0.916666666666667,0.0833333333333334,33,4,0,"(2, 0)"
216,37,4,3,2,1,1,0.35,0,0,1,1,213.2461266,214.9662529,216.5943899,215.9507265,0.984473600000001,218.7233477,219.76451,3.5,0.918918918918919,0.081081081081081,34,4,0,"(1, 1)"
217,38,4,3,2,2,1,0.5,1,1,1,1,219.9380969,221.013407,223.3418287,222.2706848,1.25727779999988,225.5145389,226.5607908,3.5,0.921052631578947,0.0789473684210527,35,4,0,"(2, 1)"
218,39,4,3,2,1,1,0.35,0,0,1,0,226.7310809,228.5271494,230.1278423,229.4307112,0.903561800000261,232.246849,233.2904094,3.5,0.923076923076923,0.0769230769230769,36,4,0,"(1, 1)"
219,40,4,3,2,2,0,0.35,0,0,1,1,233.4661446,234.6897556,237.220206,235.6389201,0.949164499999824,239.368375,240.400388,3.5,0.925,0.075,37,4,0,"(2, 0)"
220,41,4,3,2,0,0,0.5,1,1,1,0,240.547826,241.5989082,243.85169,242.7907498,1.19184159999986,246.0330658,247.0780712,3.5,0.926829268292683,0.073170731707317,38,4,0,"(0, 0)"
221,42,4,3,2,2,1,0.5,1,1,1,0,247.2794501,248.3906284,250.3633141,249.2949433,0.904314899999918,252.5146763,253.5688669,3.5,0.928571428571429,0.0714285714285714,39,4,0,"(2, 1)"
222,43,4,3,2,0,0,0.5,1,1,1,1,253.7417823,254.823801,257.1834243,255.8628902,1.03908920000003,259.3490053,260.3942229,3.5,0.930232558139535,0.0697674418604651,40,4,0,"(0, 0)"
223,44,4,3,2,1,1,0.35,0,0,1,1,260.5621226,261.6425729,263.9025919,262.9746723,1.33209940000006,266.0587708,267.115185,3.5,0.931818181818182,0.0681818181818182,41,4,0,"(1, 1)"
224,45,4,3,2,0,1,0.15,0,0,1,0,267.2786992,269.5256622,271.1680731,270.638898,1.11323579999998,273.3012534,274.3367631,3.5,0.933333333333333,0.0666666666666667,42,4,0,"(0, 1)"
225,46,4,3,2,0,2,0.35,0,0,1,0,274.4950162,275.2333659,277.0159013,277.0158182,1.78245229999993,279.1356955,280.1665621,3.5,0.934782608695652,0.0652173913043478,43,4,0,"(0, 2)"
226,47,4,3,2,1,2,0.5,1,1,1,1,280.1734861,282.2418332,283.9186746,283.9185896,1.67675640000016,286.0515917,287.0873087,3.5,0.936170212765957,0.0638297872340425,44,4,0,"(1, 2)"
227,48,4,3,2,1,2,0.5,1,1,1,1,287.2436055,288.0494469,289.6402324,289.4386848,1.3892378999999,291.7659583,292.7967158,3.5,0.9375,0.0625,45,4,0,"(1, 2)"
228,49,4,3,2,1,1,0.35,0,0,1,1,292.8233533,294.5918668,296.2191622,295.6626383,1.07077149999986,298.3673655,299.4082141,3.5,0.938775510204082,0.0612244897959183,46,4,0,"(1, 1)"
229,50,4,3,2,0,0,0.5,1,1,1,1,299.5742289,301.0410434,302.6746676,302.2629015,1.22185809999974,304.8171487,305.8498706,3.5,0.94,0.0600000000000001,47,4,0,"(0, 0)"
230,51,4,3,2,1,2,0.5,1,1,1,1,306.0014843,307.9702494,309.4440753,309.4439683,1.47371890000022,311.588055,312.6333312,3.5,0.941176470588235,0.0588235294117647,48,4,0,"(1, 2)"
231,52,4,3,2,2,0,0.35,0,0,1,0,312.7773012,313.6057699,315.1734597,314.7428934,1.13712350000014,317.2943635,318.3194399,3.5,0.942307692307692,0.0576923076923077,49,4,0,"(2, 0)"
232,53,4,3,2,0,2,0.35,0,0,1,1,318.3258505,320.4492704,322.0604321,321.6306725,1.18140210000001,324.2016692,325.2405402,3.5,0.943396226415094,0.0566037735849056,50,4,0,"(0, 2)"
233,54,4,3,2,0,2,0.35,0,0,1,0,325.4298108,326.7507526,328.2060989,328.206012,1.45525940000016,330.3503411,331.3903778,3.5,0.944444444444444,0.0555555555555556,51,4,0,"(0, 2)"
234,55,4,3,2,0,2,0.35,0,0,1,0,331.5036644,332.2606171,333.7403311,333.7402498,1.47963270000037,335.8737515,336.8989225,3.5,0.945454545454545,0.0545454545454546,52,4,0,"(0, 2)"
235,56,4,3,2,0,0,0.5,1,1,1,1,336.9251936,337.6892493,339.2230064,339.2229255,1.53367619999972,341.3566548,342.3925078,3.5,0.946428571428571,0.0535714285714286,53,4,0,"(0, 0)"
236,57,4,3,2,1,2,0.5,1,1,1,1,342.4063546,344.6583462,347.1786149,345.9746446,1.31629840000005,349.3446932,350.4003586,3.5,0.947368421052632,0.0526315789473685,54,4,0,"(1, 2)"
237,58,4,3,2,1,2,0.5,1,1,1,0,350.5935318,351.6105428,353.2351075,352.8948537,1.28431090000004,355.3606901,356.3679655,3.5,0.948275862068966,0.0517241379310345,55,4,0,"(1, 2)"
238,59,4,3,2,1,0,0.15,0,0,1,1,356.3791342,357.1145816,358.619924,358.2226327,1.10805110000001,360.7535269,361.7705103,3.5,0.949152542372881,0.0508474576271186,56,4,0,"(1, 0)"
239,60,4,3,2,0,0,0.5,1,1,1,1,361.778989,363.0234007,365.3545807,364.0066142,0.983213500000147,367.4654019,368.4973876,3.5,0.95,0.05,57,4,0,"(0, 0)"
0,1,1,0,3,2,1,0.35,0,1,0,0,0.0098992999999154,0.637977899999896,2.2101995999999,2.21005739999998,1.57207950000009,4.34464109999999,5.36269969999989,3.5,0.0,1.0,1,1,6,"(2, 1)"
1,2,1,0,3,2,0,0.15,0,0,1,0,5.51223589999995,6.1231057,7.97692009999992,7.97676939999997,1.85366369999997,10.0891413999999,11.0985070999999,3.5,0.5,0.5,1,2,6,"(2, 0)"
2,3,1,0,3,0,2,0.15,0,0,1,1,11.1732923999999,11.7875032999999,13.2194578,13.2193043999999,1.43180110000003,15.3434338,16.3569862999999,3.5,0.666666666666667,0.333333333333333,2,2,6,"(0, 2)"
3,4,1,0,3,0,1,0.5,1,0,0,0,16.3730978,16.9761295999999,18.9110767999999,18.9109401999999,1.93481059999999,21.0231663,22.0310591,3.5,0.5,0.5,3,2,6,"(0, 1)"
4,5,1,0,3,0,1,0.5,1,0,0,0,22.0417232,22.6611568999999,24.4415472999999,24.4412582,1.78010130000007,26.5560647,27.5618658,3.5,0.4,0.6,3,3,6,"(0, 1)"
5,6,1,0,3,2,2,0.5,1,1,1,1,27.5838164999999,28.1971229,29.6787155999999,29.5247873,1.3276644,31.7936711999999,32.8084151999999,3.5,0.5,0.5,3,4,6,"(2, 2)"
6,7,1,0,3,2,2,0.5,1,1,1,0,32.8147167999999,33.4254450999999,34.9060132,34.7647403,1.33929520000004,37.0319539999999,38.0453177999999,3.5,0.571428571428571,0.428571428571429,4,4,6,"(2, 2)"
7,8,1,0,3,0,0,0.35,0,1,0,1,38.0516783999999,38.6617477999999,40.1629849,40.1627559,1.50100810000004,42.286343,43.2939647999999,3.5,0.5,0.5,5,4,6,"(0, 0)"
8,9,1,0,3,2,2,0.5,1,1,1,0,43.2995525,43.9162249,45.4176676,45.4175925999999,1.50136769999995,47.5412538999999,48.5578253,3.5,0.555555555555556,0.444444444444444,5,5,6,"(2, 2)"
9,10,1,0,3,1,2,0.35,0,0,1,1,48.5645882,49.1816656,50.6852627,50.6851915,1.5035259,52.8088954,53.8251282,3.5,0.6,0.4,6,5,6,"(1, 2)"
10,11,1,0,3,2,1,0.35,0,0,1,1,53.8315918,54.4483005999999,56.3143491,56.3142763999999,1.8659758,58.4264949,59.4344119,3.5,0.636363636363636,0.363636363636364,7,5,6,"(2, 1)"
11,12,1,0,3,0,1,0.5,1,0,0,0,59.4399341,60.0558186,62.0274519999999,62.0273794,1.97156080000002,64.1393019,65.1478632999999,3.5,0.583333333333333,0.416666666666667,8,5,6,"(0, 1)"
12,13,1,0,3,2,2,0.5,1,1,1,1,65.1550976999999,65.7699335999999,67.29728,67.297207,1.52727340000001,69.4209662999999,70.4439034999999,3.5,0.615384615384615,0.384615384615385,8,6,6,"(2, 2)"
13,14,1,0,3,0,1,0.5,1,0,0,1,70.4504929999999,71.0641390999999,72.591964,72.5918903999999,1.52775129999998,74.7155908,75.72925,3.5,0.571428571428571,0.428571428571429,9,6,6,"(0, 1)"
14,15,1,0,3,1,2,0.35,0,0,1,1,75.7355619,76.3467637,77.8368873999999,77.8368151999999,1.49005149999994,79.9604946999999,80.9779126999999,3.5,0.6,0.4,9,7,6,"(1, 2)"
15,16,1,0,3,1,0,0.5,1,0,0,1,80.9842817,81.5939333,83.2211681,83.2210947,1.62716139999998,85.333002,86.3391286999999,3.5,0.5625,0.4375,10,7,6,"(1, 0)"
16,17,1,0,3,1,0,0.5,1,0,0,0,86.3532826999999,86.9749353999999,88.6177823999999,88.6177088999999,1.64277349999998,90.7297752999999,91.7393384999999,3.5,0.529411764705882,0.470588235294118,10,8,6,"(1, 0)"
17,18,1,0,3,0,2,0.15,0,0,1,1,91.7463319999999,92.3535188999999,94.0333234,94.0332509,1.67973200000006,96.1475525999999,97.1622527,3.5,0.555555555555556,0.444444444444444,10,9,6,"(0, 2)"
18,19,1,0,3,0,1,0.5,1,0,0,0,97.1685099,97.7807484,99.5452144,99.5451413,1.76439289999996,101.6571537,102.6653955,3.5,0.526315789473684,0.473684210526316,11,9,6,"(0, 1)"
19,20,1,0,3,0,0,0.35,0,1,0,0,102.6717177,103.2927894,104.7710102,104.636721,1.34393160000002,106.8956276,107.9018451,3.5,0.5,0.5,11,10,6,"(0, 0)"
20,21,1,0,3,1,0,0.5,1,0,0,0,107.9081989,108.5139517,110.062752,110.0626788,1.54872710000006,112.1864915,113.2000099,3.5,0.476190476190476,0.523809523809524,11,11,6,"(1, 0)"
21,22,1,0,3,0,1,0.5,1,0,0,0,113.2063758,113.8133564,115.3889036,115.3888293,1.57547290000002,117.5009396,118.5098435,3.5,0.454545454545455,0.545454545454545,11,12,6,"(0, 1)"
22,23,1,0,3,1,0,0.5,1,0,0,0,118.5239836,119.1375902,120.6629707,120.6628971,1.52530689999992,122.7864905,123.8011766,3.5,0.434782608695652,0.565217391304348,11,13,6,"(1, 0)"
23,24,1,0,3,2,1,0.35,0,0,1,1,123.8067111,124.4250303,125.9071919,125.9070926,1.48206229999994,128.0308076,129.0474344,3.5,0.458333333333333,0.541666666666667,11,14,6,"(2, 1)"
24,25,1,0,3,2,2,0.5,1,1,1,1,129.0537136,129.667064,131.1461263,130.9647442,1.29768019999995,133.2759325,134.2899658,3.5,0.48,0.52,12,14,6,"(2, 2)"
25,26,1,0,3,2,2,0.5,1,1,1,0,134.2962885,134.9175803,136.4924632,136.4923885,1.57480820000001,138.6161167,139.6276295,3.5,0.5,0.5,13,14,6,"(2, 2)"
26,27,1,0,3,1,2,0.35,0,0,1,1,139.6350364,140.245323,141.7236884,141.6207433,1.37542029999997,143.8459992,144.8618653,3.5,0.518518518518518,0.481481481481482,14,14,6,"(1, 2)"
27,28,1,0,3,1,0,0.5,1,0,0,0,144.8690248,145.4787455,146.9627494,146.8287291,1.34998359999997,149.0792598,150.0913992,3.5,0.5,0.5,15,14,6,"(1, 0)"
28,29,1,0,3,2,2,0.5,1,1,1,1,150.097043,150.7163529,152.1997234,151.8925873,1.1762344,154.3199412,155.3391998,3.5,0.517241379310345,0.482758620689655,15,15,6,"(2, 2)"
29,30,1,0,3,1,2,0.35,0,0,1,0,155.3533679,155.9755247,157.4553668,157.29273,1.31720529999996,159.5790404,160.5873676,3.5,0.533333333333333,0.466666666666667,16,15,6,"(1, 2)"
30,31,1,0,3,0,1,0.5,1,0,0,0,160.5937616,161.212017,162.9708489,162.9707713,1.75875429999996,165.0826159,166.0933028,3.5,0.516129032258065,0.483870967741935,17,15,6,"(0, 1)"
31,32,1,0,3,1,2,0.35,0,0,1,0,166.0995815,166.720951,168.2004252,168.0445948,1.32364380000001,170.326301,171.3340755,3.5,0.53125,0.46875,17,16,6,"(1, 2)"
32,33,1,0,3,1,0,0.5,1,0,0,0,171.3404816,171.9466371,173.4357008,173.0367178,1.09008069999993,175.5445904,176.5598603,3.5,0.515151515151515,0.484848484848485,18,16,6,"(1, 0)"
33,34,1,0,3,0,0,0.35,0,1,0,0,176.565393,177.1812914,178.6674911,178.1807042,0.999412799999959,180.7705843,181.7806399,3.5,0.5,0.5,18,17,6,"(0, 0)"
34,35,1,0,3,0,0,0.35,0,1,0,1,181.7869746,182.4285611,183.9084101,183.7645905,1.33602940000003,186.0249894,187.0400579,3.5,0.485714285714286,0.514285714285714,18,18,6,"(0, 0)"
35,36,1,0,3,2,2,0.5,1,1,1,1,187.0545342,187.6853449,189.1671799,188.9726995,1.28735460000007,191.2974994,192.3104327,3.5,0.5,0.5,18,19,6,"(2, 2)"
36,37,1,0,3,2,2,0.5,1,1,1,1,192.3176823,192.9342001,194.4143365,193.9406012,1.00640109999995,196.5248764,197.531029,3.5,0.513513513513513,0.486486486486487,19,19,6,"(2, 2)"
37,38,1,0,3,0,1,0.5,1,0,0,1,197.537492,198.1616687,199.6478539,199.4927559,1.33108719999996,201.7632337,202.7776716,3.5,0.5,0.5,20,19,6,"(0, 1)"
38,39,1,0,3,1,0,0.5,1,0,0,1,202.7841734,203.4051316,204.8914348,204.6207417,1.21561009999994,207.0151854,208.0309085,3.5,0.487179487179487,0.512820512820513,20,20,6,"(1, 0)"
39,40,1,0,3,0,1,0.5,1,0,0,0,208.0381707,208.6479601,210.1409379,209.9005889,1.25262880000002,212.2634074,213.2784287,3.5,0.475,0.525,20,21,6,"(0, 1)"
40,41,1,0,3,2,0,0.15,0,0,1,1,213.2848321,213.9266799,215.4393658,215.1486993,1.22201940000002,217.5617507,218.5687101,3.5,0.48780487804878,0.51219512195122,20,22,6,"(2, 0)"
41,42,1,0,3,2,1,0.35,0,0,1,1,218.5831035,219.3146663,220.919101,220.3807132,1.06604689999995,223.0490066,224.0702119,3.5,0.5,0.5,21,22,6,"(2, 1)"
42,43,1,0,3,1,0,0.5,1,0,0,1,224.0777195,224.8744723,226.4597559,225.9165706,1.04209830000002,228.5747529,229.5950764,3.5,0.488372093023256,0.511627906976744,22,22,6,"(1, 0)"
43,44,1,0,3,1,1,0.15,0,1,0,0,229.6015387,230.3339864,231.9222159,231.4607452,1.12675879999995,234.0517504,235.0697329,3.5,0.477272727272727,0.522727272727273,22,23,6,"(1, 1)"
44,45,1,0,3,0,2,0.15,0,0,1,1,235.076508,235.8157099,237.4239005,236.9487116,1.13300169999991,239.5461638,240.562441,3.5,0.488888888888889,0.511111111111111,22,24,6,"(0, 2)"
45,46,1,0,3,1,1,0.15,0,1,0,0,240.5685109,241.2893,242.8645986,242.588545,1.29924500000004,244.9830288,246.0013685,3.5,0.478260869565217,0.521739130434783,23,24,6,"(1, 1)"
46,47,1,0,3,2,1,0.35,0,0,1,0,246.0087955,246.7357645,248.331939,247.8287081,1.09294360000001,250.4540459,251.465398,3.5,0.48936170212766,0.51063829787234,23,25,6,"(2, 1)"
47,48,1,0,3,2,2,0.5,1,1,1,0,251.4732395,252.1940358,253.7921691,253.0606966,0.866660799999977,255.8943969,256.9083883,3.5,0.5,0.5,24,25,6,"(2, 2)"
48,49,1,0,3,2,1,0.35,0,0,1,1,256.9229794,257.6668641,259.1709652,259.1708846,1.50402049999991,261.2944873,262.3159779,3.5,0.510204081632653,0.489795918367347,25,25,6,"(2, 1)"
49,50,1,0,3,1,0,0.5,1,0,0,1,262.3222838,263.0402803,264.6903311,264.6902484,1.64996810000002,266.8021674,267.8093963,3.5,0.5,0.5,26,25,6,"(1, 0)"
50,51,1,0,3,0,0,0.35,0,1,0,1,267.8156015,268.554534,270.1056032,270.105523,1.55098899999996,272.2293224,273.250017,3.5,0.490196078431373,0.509803921568627,26,26,6,"(0, 0)"
51,52,1,0,3,0,0,0.35,0,1,0,0,273.2564404,273.9854471,275.6023465,275.6022687,1.61682159999998,277.7330615,278.7519293,3.5,0.480769230769231,0.519230769230769,26,27,6,"(0, 0)"
52,53,1,0,3,0,0,0.35,0,1,0,0,278.7583479,279.4755813,281.1895917,281.1895112,1.71392990000004,283.3014391,284.3253877,3.5,0.471698113207547,0.528301886792453,26,28,6,"(0, 0)"
53,54,1,0,3,2,0,0.15,0,0,1,0,284.3318524,285.0454502,286.6529558,286.6528763,1.6074261,288.7834968,289.8025031,3.5,0.481481481481481,0.518518518518519,26,29,6,"(2, 0)"
54,55,1,0,3,1,0,0.5,1,0,0,0,289.8167889,290.5227121,292.1962684,292.1961845,1.67347240000004,294.3224696,295.343756,3.5,0.472727272727273,0.527272727272727,27,29,6,"(1, 0)"
55,56,1,0,3,1,2,0.35,0,1,0,0,295.3512018,296.0604374,297.5143584,297.5142793,1.45384190000004,299.6379432,300.6468347,3.5,0.464285714285714,0.535714285714286,27,30,6,"(1, 2)"
56,57,1,0,3,1,2,0.35,0,0,1,1,300.6540041,301.3874202,304.0783648,304.0782859,2.69086570000002,306.1901612,307.1995915,3.5,0.473684210526316,0.526315789473684,27,31,6,"(1, 2)"
57,58,1,0,3,1,1,0.15,0,1,0,0,307.2068384,307.9245808,309.5250115,309.2527405,1.32815970000001,311.6393944,312.6579243,3.5,0.46551724137931,0.53448275862069,28,31,6,"(1, 1)"
58,59,1,0,3,2,1,0.35,0,0,1,1,312.6644444,313.3959278,314.9804894,314.5247257,1.1287979,317.1138234,318.1259436,3.5,0.474576271186441,0.525423728813559,28,32,6,"(2, 1)"
59,60,1,0,3,0,1,0.5,1,0,0,1,318.1315061,318.8507354,320.4351076,319.9567538,1.10601840000004,322.5546755,323.5684135,3.5,0.466666666666667,0.533333333333333,29,32,6,"(0, 1)"
60,1,2,1,2,1,2,0.35,0,1,0,0,8.64000001001841e-05,0.689510800000107,2.90235060000009,2.90227630000004,2.21276549999993,5.01422279999997,6.0229296,3.5,0.0,1.0,1,1,6,"(1, 2)"
61,2,2,1,2,1,1,0.15,0,1,0,0,6.03459169999996,6.7243562000001,8.4734833,8.4734062,1.7490499999999,10.5854254999999,11.5935431,3.5,0.0,1.0,1,2,6,"(1, 1)"
62,3,2,1,2,2,1,0.35,0,0,1,1,11.602848,12.2989964999999,14.0099986,14.0099239000001,1.71092740000017,16.1219671000001,17.1313371000001,3.5,0.333333333333333,0.666666666666667,1,3,6,"(2, 1)"
63,4,2,1,2,1,0,0.5,1,0,0,0,17.1383246,17.8237259,19.6846118999999,19.6845355,1.86080960000004,21.7965755,22.8046098,3.5,0.25,0.75,2,3,6,"(1, 0)"
64,5,2,1,2,0,0,0.35,0,1,0,1,22.8100956000001,23.5138194000001,25.069127,24.8804640000001,1.36664459999997,27.1985059000001,28.2065567,3.5,0.2,0.8,2,4,6,"(0, 0)"
65,6,2,1,2,1,1,0.15,0,1,0,0,28.2209284,28.9187055,30.4907466,30.4906676000001,1.57196210000006,32.6142958,33.6258152,3.5,0.166666666666667,0.833333333333333,2,5,6,"(1, 1)"
66,7,2,1,2,1,2,0.35,0,0,1,1,33.6316392000001,34.3234642,36.6364046000001,36.6363286000001,2.31286440000008,38.7481995000001,39.7563124000001,3.5,0.285714285714286,0.714285714285714,2,6,6,"(1, 2)"
67,8,2,1,2,2,1,0.35,0,,0,0,39.7635946,40.4502803,41.8504232,43.9569402,,43.9693947000001,44.9837838000001,3.5,0.25,0.75,3,6,6,"(2, 1)"
68,9,2,1,2,2,0,0.15,0,0,1,1,44.9912514,45.6606647000001,47.2662261,47.2661493000001,1.60548459999995,49.3780710999999,50.3973295999999,3.5,0.333333333333333,0.666666666666667,3,7,6,"(2, 0)"
69,10,2,1,2,1,1,0.15,0,1,0,0,50.4044914000001,51.0905152,52.6435556000001,52.2883217000001,1.19780650000007,54.7744986,55.7807753,3.5,0.3,0.7,4,7,6,"(1, 1)"
70,11,2,1,2,2,2,0.5,1,0,0,1,55.7863007999999,56.4649360000001,58.015324,57.8643261,1.39939009999989,60.1420763000001,61.1570062000001,3.5,0.272727272727273,0.727272727272727,4,8,6,"(2, 2)"
71,12,2,1,2,0,1,0.5,1,0,0,1,61.162554,61.8525437000001,63.4126477,63.0483936000001,1.19584989999998,65.5281188000001,66.5379131,3.5,0.25,0.75,4,9,6,"(0, 1)"
72,13,2,1,2,2,0,0.15,0,0,1,1,66.5524586000001,67.242375,68.7439827000001,68.7439036999999,1.50152869999988,70.8674195999999,71.8885640000001,3.5,0.307692307692308,0.692307692307692,4,10,6,"(2, 0)"
73,14,2,1,2,0,0,0.35,0,1,0,0,71.8948660000001,72.5886082,74.1388947,73.9604704000001,1.37186220000012,76.2580989,77.2659357,3.5,0.285714285714286,0.714285714285714,5,10,6,"(0, 0)"
74,15,2,1,2,1,2,0.35,0,0,1,1,77.2715777999999,77.9589246,79.5111575000001,79.288458,1.32953339999995,81.6261936000001,82.6340977,3.5,0.333333333333333,0.666666666666667,5,11,6,"(1, 2)"
75,16,2,1,2,0,1,0.5,1,0,0,0,82.6397809,83.3385321000001,85.5688898000001,85.5688135,2.23028139999997,87.6807778,88.6914461000001,3.5,0.3125,0.6875,6,11,6,"(0, 1)"
76,17,2,1,2,0,1,0.5,1,0,0,0,88.6970146000001,89.3819745000001,90.9304227,90.7763278,1.39435329999992,93.0557308,94.0706723000001,3.5,0.294117647058824,0.705882352941176,6,12,6,"(0, 1)"
77,18,2,1,2,2,2,0.5,1,1,1,0,94.0770067999999,94.7654969,96.7326068,96.7325313000001,1.9670344000001,98.8445862999999,99.8526588,3.5,0.333333333333333,0.666666666666667,6,13,6,"(2, 2)"
78,19,2,1,2,2,2,0.5,1,1,1,1,99.8671065999999,100.5433485,102.2820234,102.281947,1.73859849999985,104.3938477,105.4027999,3.5,0.368421052631579,0.631578947368421,7,13,6,"(2, 2)"
79,20,2,1,2,1,0,0.5,1,0,0,1,105.4091763,106.0943064,107.6298012,107.6296575,1.53535110000007,109.7531798,110.7652867,3.5,0.35,0.65,8,13,6,"(1, 0)"
80,21,2,1,2,1,0,0.5,1,0,0,0,110.7717155,111.4541602,113.0498966,113.0498159,1.59565570000018,115.1616113,116.1687851,3.5,0.333333333333333,0.666666666666667,8,14,6,"(1, 0)"
81,22,2,1,2,2,2,0.5,1,1,1,0,116.1761732,116.8635504,118.4837981,118.4837224,1.62017199999991,120.6145891,121.6333989,3.5,0.363636363636364,0.636363636363636,8,15,6,"(2, 2)"
82,23,2,1,2,1,0,0.5,1,0,0,0,121.6397156,122.3303856,123.8882717,123.6004465,1.27006090000009,126.0141646,127.0219821,3.5,0.347826086956522,0.652173913043478,9,15,6,"(1, 0)"
83,24,2,1,2,2,2,0.5,1,1,1,1,127.0284598,127.7116661,129.3222152,129.3221381,1.61047200000007,131.4527469,132.4698549,3.5,0.375,0.625,9,16,6,"(2, 2)"
84,25,2,1,2,2,2,0.5,1,1,1,0,132.4846567,133.1674341,134.8501141,134.8500337,1.6825996,136.9643718,137.9798879,3.5,0.4,0.6,10,16,6,"(2, 2)"
85,26,2,1,2,0,1,0.5,1,0,0,0,137.9854357,138.6929138,140.2985621,140.2984841,1.60557029999995,142.422142,143.4282456,3.5,0.384615384615385,0.615384615384615,11,16,6,"(0, 1)"
86,27,2,1,2,2,1,0.35,0,0,1,1,143.4346212,144.1396824,146.1212398,146.1211648,1.9814824,148.2332362,149.2413768,3.5,0.407407407407407,0.592592592592593,11,17,6,"(2, 1)"
87,28,2,1,2,1,0,0.5,1,0,0,1,149.2476952,149.934785,151.3912109,151.391132,1.45634700000005,153.5149028,154.5236925,3.5,0.392857142857143,0.607142857142857,12,17,6,"(1, 0)"
88,29,2,1,2,2,1,0.35,0,0,1,1,154.5292708,155.2272025,157.1156288,157.1155525,1.88834999999995,159.2274372,160.2355415,3.5,0.413793103448276,0.586206896551724,12,18,6,"(2, 1)"
89,30,2,1,2,1,0,0.5,1,0,0,1,160.2413714,160.928656,162.5116985,162.1524816,1.22382560000005,164.6430962,165.6584333,3.5,0.4,0.6,13,18,6,"(1, 0)"
90,31,2,1,2,2,1,0.35,0,0,1,0,165.6642287,166.3462124,168.1959494,168.195872,1.8496596,170.3077365,171.3161288,3.5,0.419354838709677,0.580645161290323,13,19,6,"(2, 1)"
91,32,2,1,2,2,2,0.5,1,1,1,0,171.3306368,172.0517333,173.6899434,173.6898615,1.63812819999998,175.8017261,176.8210337,3.5,0.4375,0.5625,14,19,6,"(2, 2)"
92,33,2,1,2,1,2,0.35,0,0,1,0,176.8272085,177.5142033,179.1726036,179.1725209,1.65831760000015,181.2845153,182.3005456,3.5,0.454545454545455,0.545454545454545,15,19,6,"(1, 2)"
93,34,2,1,2,0,1,0.5,1,0,0,0,182.3070032,183.0353098,184.6163661,184.4164563,1.38114649999989,186.7454498,187.7534058,3.5,0.441176470588235,0.558823529411765,16,19,6,"(0, 1)"
94,35,2,1,2,2,2,0.5,1,1,1,1,187.7591298,188.4474757,190.2497384,190.2496596,1.80218390000005,192.3615699,193.3696432,3.5,0.457142857142857,0.542857142857143,16,20,6,"(2, 2)"
95,36,2,1,2,2,2,0.5,1,1,1,1,193.3752683,194.0622973,195.6390031,195.6389243,1.57662700000014,197.7626284,198.7728951,3.5,0.472222222222222,0.527777777777778,17,20,6,"(2, 2)"
96,37,2,1,2,0,0,0.35,0,1,0,0,198.7787913,199.4934701,201.0466294,200.7366592,1.24318910000011,203.1698975,204.1813296,3.5,0.459459459459459,0.540540540540541,18,20,6,"(0, 0)"
97,38,2,1,2,2,2,0.5,1,1,1,1,204.1956869,204.8898541,206.6344319,206.634354,1.74449989999994,208.7463871,209.7554109,3.5,0.473684210526316,0.526315789473684,18,21,6,"(2, 2)"
98,39,2,1,2,0,1,0.5,1,0,0,0,209.7618632,210.4725382,212.0344881,211.3922857,0.919747500000085,214.1429823,215.1489686,3.5,0.461538461538462,0.538461538461538,19,21,6,"(0, 1)"
99,40,2,1,2,1,2,0.35,0,0,1,1,215.1562074,215.8416771,217.5181549,217.5180737,1.67639660000009,219.632953,220.6478145,3.5,0.475,0.525,19,22,6,"(1, 2)"
100,41,2,1,2,1,0,0.5,1,0,0,0,220.6542243,221.3685213,222.917888,222.9178082,1.54928689999997,225.0414307,226.0618664,3.5,0.463414634146341,0.536585365853659,20,22,6,"(1, 0)"
101,42,2,1,2,2,1,0.35,0,0,1,1,226.0676313,226.7586826,228.4579231,228.457844,1.69916140000009,230.5788004,231.6025341,3.5,0.476190476190476,0.523809523809524,20,23,6,"(2, 1)"
102,43,2,1,2,0,0,0.35,0,1,0,1,231.6090361,232.2940142,233.8767797,233.6564136,1.36239939999996,236.0084501,237.0159873,3.5,0.465116279069767,0.534883720930233,21,23,6,"(0, 0)"
103,44,2,1,2,2,0,0.15,0,0,1,1,237.0302931,237.7532972,239.4353132,239.4352326,1.68193539999993,241.5501653,242.5652933,3.5,0.477272727272727,0.522727272727273,21,24,6,"(2, 0)"
104,45,2,1,2,0,2,0.15,0,0,1,1,242.5709004,243.2591713,246.0831898,246.083113,2.8239417000002,248.194891,249.2046639,3.5,0.488888888888889,0.511111111111111,22,24,6,"(0, 2)"
105,46,2,1,2,0,0,0.35,0,1,0,0,249.211061,249.9302114,251.5780336,251.577952,1.64774060000013,253.6898599,254.7097287,3.5,0.478260869565217,0.521739130434783,23,24,6,"(0, 0)"
106,47,2,1,2,0,0,0.35,0,1,0,0,254.7158126,255.4280508,257.0901328,257.0900504,1.66199960000017,259.2019122,260.2178387,3.5,0.468085106382979,0.531914893617021,23,25,6,"(0, 0)"
107,48,2,1,2,1,0,0.5,1,0,0,1,260.2234328,260.9141737,262.5319582,262.5318796,1.61770590000015,264.6626683,265.6809452,3.5,0.458333333333333,0.541666666666667,23,26,6,"(1, 0)"
108,49,2,1,2,0,0,0.35,0,1,0,1,265.6874931,266.3777131,268.0720668,268.0719868,1.69427370000017,270.1818305,271.2056794,3.5,0.448979591836735,0.551020408163265,23,27,6,"(0, 0)"
109,50,2,1,2,1,2,0.35,0,0,1,1,271.2122348,271.9488716,273.6874858,273.6874096,1.73853800000006,275.7993792,276.807703,3.5,0.46,0.54,23,28,6,"(1, 2)"
110,51,2,1,2,2,1,0.35,0,0,1,0,276.8223593,277.5806314,279.2213727,279.2212935,1.64066209999987,281.3332013,282.3406786,3.5,0.470588235294118,0.529411764705882,24,28,6,"(2, 1)"
111,52,2,1,2,1,0,0.5,1,0,0,0,282.3478729,283.0672526,284.7061559,284.7060739,1.63882130000002,286.817816,287.8370184,3.5,0.461538461538462,0.538461538461538,25,28,6,"(1, 0)"
112,53,2,1,2,1,2,0.35,0,0,1,0,287.8431151,288.5572405,290.2314234,290.2313446,1.67410410000002,292.3572483,293.3788595,3.5,0.471698113207547,0.528301886792453,25,29,6,"(1, 2)"
113,54,2,1,2,0,1,0.5,1,0,0,0,293.3852204,294.0971881,295.7353541,295.7352728,1.63808470000004,297.847139,298.8664503,3.5,0.462962962962963,0.537037037037037,26,29,6,"(0, 1)"
114,55,2,1,2,0,1,0.5,1,0,0,0,298.873024,299.6188365,301.3656312,301.365554,1.74671749999993,303.4775829,304.4863146,3.5,0.454545454545455,0.545454545454545,26,30,6,"(0, 1)"
115,56,2,1,2,0,2,0.15,0,0,1,0,304.492723,305.2536764,307.1563164,307.1562376,1.90256119999981,309.2679764,310.2776599,3.5,0.464285714285714,0.535714285714286,26,31,6,"(0, 2)"
116,57,2,1,2,0,1,0.5,1,0,0,0,310.2918096,311.0167115,312.7275378,312.7274567,1.71074520000002,314.8393582,315.8631989,3.5,0.456140350877193,0.543859649122807,27,31,6,"(0, 1)"
117,58,2,1,2,1,0,0.5,1,0,0,0,315.8687371,316.5963284,318.3204925,318.3202907,1.72396230000004,320.4320776,321.4400852,3.5,0.448275862068966,0.551724137931034,27,32,6,"(1, 0)"
118,59,2,1,2,0,1,0.5,1,0,0,1,321.447473,322.1729937,323.768647,323.768567,1.59557330000007,325.8805203,326.8876077,3.5,0.440677966101695,0.559322033898305,27,33,6,"(0, 1)"
119,60,2,1,2,0,2,0.15,0,0,1,1,326.8931521,327.6051462,329.3856832,329.3856035,1.78045730000008,331.497564,332.5055657,3.5,0.45,0.55,27,34,6,"(0, 2)"
120,1,3,2,1,0,1,0.5,1,1,1,1,7.94000000041706e-05,0.73157759999981,3.24309979999998,3.2429975,2.51141990000019,5.35485909999989,6.36316349999993,3.5,1.0,0.0,1,1,6,"(0, 1)"
121,2,3,2,1,0,1,0.5,1,1,1,1,6.3667719,7.059663,8.90702579999993,8.90694809999991,1.84728509999991,11.0189381,12.0270541999998,3.5,1.0,0.0,2,1,6,"(0, 1)"
122,3,3,2,1,1,0,0.5,1,0,0,0,12.0339537,12.7249737,14.1642740999998,14.1641887999999,1.43921509999996,16.2879962,17.301172,3.5,0.666666666666667,0.333333333333333,3,1,6,"(1, 0)"
123,4,3,2,1,1,0,0.5,1,0,0,0,17.3157305999998,17.9984006,19.6744681999999,19.6743862999999,1.67598569999996,21.7884200999999,22.8051403999998,3.5,0.5,0.5,3,2,6,"(1, 0)"
124,5,3,2,1,0,0,0.35,0,0,1,1,22.8116908999998,23.5002109999998,25.1529613,25.1528805999999,1.65266960000008,27.2647895,28.2831526,3.5,0.6,0.4,3,3,6,"(0, 0)"
125,6,3,2,1,2,1,0.35,0,0,1,1,28.2894111999999,28.9386152,30.8044947999999,30.8044166999998,1.86580149999986,32.9168520999999,33.9243147999998,3.5,0.666666666666667,0.333333333333333,4,3,6,"(2, 1)"
126,7,3,2,1,2,2,0.5,1,0,0,0,33.9299735999998,34.6204281999999,36.5739764999998,36.5738973999999,1.95346919999997,38.6856581999998,39.6947299999999,3.5,0.571428571428571,0.428571428571429,5,3,6,"(2, 2)"
127,8,3,2,1,0,2,0.15,0,0,1,0,39.7010722999999,40.3894255,42.8247772,42.8246835999998,2.43525809999983,44.9366924999999,45.9447435999998,3.5,0.625,0.375,5,4,6,"(0, 2)"
128,9,3,2,1,2,1,0.35,0,0,1,1,45.9590205999998,46.7154372999998,49.0141091999999,49.0140311,2.29859380000016,51.1259298,52.1341712999999,3.5,0.666666666666667,0.333333333333333,6,4,6,"(2, 1)"
129,10,3,2,1,2,2,0.5,1,0,0,0,52.1405359999999,52.7568488999998,54.6085347999999,54.6084578,1.8516089000002,56.7205475999999,57.7285173999999,3.5,0.6,0.4,7,4,6,"(2, 2)"
130,11,3,2,1,0,2,0.15,0,0,1,0,57.7347760999999,58.4355026999999,60.6304905,60.6304117,2.19490900000005,62.7421663,63.7504898999998,3.5,0.636363636363636,0.363636363636364,7,5,6,"(0, 2)"
131,12,3,2,1,1,2,0.35,0,1,0,1,63.7567351,64.5264293,66.1985273999999,66.1984462999999,1.67201699999987,68.3229408,69.3460663999999,3.5,0.583333333333333,0.416666666666667,8,5,6,"(1, 2)"
132,13,3,2,1,1,0,0.5,1,0,0,0,69.3525468999999,69.9623374999999,71.6055627999999,71.6054827999999,1.64314530000001,73.7173424,74.7249969,3.5,0.538461538461538,0.461538461538462,8,6,6,"(1, 0)"
133,14,3,2,1,0,1,0.5,1,1,1,1,74.7311890999999,75.4324925999999,77.2405833999999,77.2405037999999,1.80801120000001,79.3521834999999,80.3629985,3.5,0.571428571428571,0.428571428571429,8,7,6,"(0, 1)"
134,15,3,2,1,2,2,0.5,1,0,0,0,80.377219,81.0768137999999,82.7621549999999,82.7620731999998,1.68525939999995,84.8762714999998,85.8916961999998,3.5,0.533333333333333,0.466666666666667,9,7,6,"(2, 2)"
135,16,3,2,1,1,2,0.35,0,1,0,1,85.8973343999999,86.6860067,88.2455026999999,88.2454229,1.55941619999999,90.3691901,91.3910323999999,3.5,0.5,0.5,9,8,6,"(1, 2)"
136,17,3,2,1,1,2,0.35,0,1,0,0,91.3979294999999,92.0908691,93.8350737999999,93.8349940999999,1.74412499999994,95.9469368999999,96.9551815999998,3.5,0.470588235294118,0.529411764705882,9,9,6,"(1, 2)"
137,18,3,2,1,2,2,0.5,1,0,0,1,96.9618068,97.5752415999998,99.2972880999998,99.2972078999999,1.72196630000008,101.4091342,102.4173527,3.5,0.444444444444444,0.555555555555556,9,10,6,"(2, 2)"
138,19,3,2,1,2,2,0.5,1,0,0,0,102.4237687,103.1250121,104.7773809,104.7773012,1.65228910000019,106.8890468,107.9062961,3.5,0.421052631578947,0.578947368421053,9,11,6,"(2, 2)"
139,20,3,2,1,2,1,0.35,0,0,1,0,107.912937,108.6069788,110.5763795,110.576302,1.96932319999996,112.6881096,113.6962328,3.5,0.45,0.55,9,12,6,"(2, 1)"
140,21,3,2,1,1,2,0.35,0,1,0,0,113.7037275,114.4112893,116.1241626,116.1240816,1.71279230000005,118.2358413,119.2598175,3.5,0.428571428571429,0.571428571428571,10,12,6,"(1, 2)"
141,22,3,2,1,2,2,0.5,1,0,0,1,119.2746901,119.9753595,121.7081386,121.7080615,1.73270200000002,123.8200385,124.8279675,3.5,0.409090909090909,0.590909090909091,10,13,6,"(2, 2)"
142,23,3,2,1,0,1,0.5,1,1,1,1,124.8355577,125.5444842,127.2115253,127.2114442,1.66696000000002,129.3373749,130.3589305,3.5,0.434782608695652,0.565217391304348,10,14,6,"(0, 1)"
143,24,3,2,1,0,0,0.35,0,0,1,1,130.3656381,131.0709284,132.7368865,132.7368048,1.66587639999989,134.8488352,135.8648462,3.5,0.458333333333333,0.541666666666667,11,14,6,"(0, 0)"
144,25,3,2,1,1,1,0.15,0,0,1,0,135.872635,136.5824053,138.3649249,138.3648474,1.78244210000003,140.4767302,141.4847142,3.5,0.48,0.52,12,14,6,"(1, 1)"
145,26,3,2,1,1,1,0.15,0,0,1,1,141.4931131,142.2005284,144.1613316,144.1612539,1.96072550000008,146.2730321,147.2813538,3.5,0.5,0.5,13,14,6,"(1, 1)"
146,27,3,2,1,2,2,0.5,1,0,0,0,147.288008,147.9989888,149.7087521,149.7086679,1.7096790999999,151.8206752,152.8444021,3.5,0.481481481481481,0.518518518518519,14,14,6,"(2, 2)"
147,28,3,2,1,1,0,0.5,1,0,0,0,152.8605427,153.5866857,155.2262618,155.2261802,1.63949449999996,157.3379897,158.3570591,3.5,0.464285714285714,0.535714285714286,14,15,6,"(1, 0)"
148,29,3,2,1,0,0,0.35,0,0,1,0,158.363581,159.0915999,160.751314,160.7512315,1.65963160000001,162.8631267,163.878835,3.5,0.482758620689655,0.517241379310345,14,16,6,"(0, 0)"
149,30,3,2,1,0,0,0.35,0,0,1,1,163.8849079,164.6166348,166.1658669,166.1657854,1.54915060000008,168.2895648,169.3102142,3.5,0.5,0.5,15,16,6,"(0, 0)"
150,31,3,2,1,2,2,0.5,1,0,0,0,169.3179156,170.010403,171.7225018,171.7224195,1.71201649999989,173.8342933,174.8582624,3.5,0.483870967741935,0.516129032258065,16,16,6,"(2, 2)"
151,32,3,2,1,2,0,0.15,0,1,0,0,174.8651639,175.5728756,177.0109689,177.0108868,1.43801120000012,179.1345232,180.1485651,3.5,0.46875,0.53125,16,17,6,"(2, 0)"
152,33,3,2,1,0,1,0.5,1,1,1,1,180.154635,180.8570256,182.6996874,182.6996058,1.84258020000016,184.8116827,185.8198171,3.5,0.484848484848485,0.515151515151515,16,18,6,"(0, 1)"
153,34,3,2,1,2,0,0.15,0,1,0,0,185.8467521,186.5481929,188.1986964,188.1986145,1.65042159999985,190.3105755,191.3302634,3.5,0.470588235294118,0.529411764705882,17,18,6,"(2, 0)"
154,35,3,2,1,0,2,0.15,0,0,1,1,191.3376924,192.0315635,193.8148709,193.8147851,1.78322159999993,195.9266228,196.9348847,3.5,0.485714285714286,0.514285714285714,17,19,6,"(0, 2)"
155,36,3,2,1,1,0,0.5,1,0,0,1,196.9417435,198.1361857,200.0792443,200.0791588,1.94297310000002,202.2059902,203.238731,3.5,0.472222222222222,0.527777777777778,18,19,6,"(1, 0)"
156,37,3,2,1,0,1,0.5,1,1,1,1,203.4156201,204.0901165,205.5769026,205.5768196,1.48670309999989,207.7005455,208.716393,3.5,0.486486486486487,0.513513513513513,18,20,6,"(0, 1)"
157,38,3,2,1,2,1,0.35,0,0,1,1,208.7240915,209.4219364,211.0199228,211.0198406,1.59790420000013,213.14352,214.1502638,3.5,0.5,0.5,19,20,6,"(2, 1)"
158,39,3,2,1,1,1,0.15,0,0,1,0,214.1570446,215.9864588,217.6759357,217.6758498,1.68939100000011,219.8178525,220.8571392,3.5,0.512820512820513,0.487179487179487,20,20,6,"(1, 1)"
159,40,3,2,1,1,2,0.35,0,1,0,1,221.0328517,222.6032656,225.6929895,225.6929039,3.08963829999993,227.8219525,228.8526412,3.5,0.5,0.5,21,20,6,"(1, 2)"
160,41,3,2,1,2,1,0.35,0,0,1,1,228.9734406,230.387647,232.0072844,232.0071981,1.61955109999985,234.1295255,235.162716,3.5,0.51219512195122,0.48780487804878,21,21,6,"(2, 1)"
161,42,3,2,1,1,0,0.5,1,0,0,0,235.3385124,236.3469833,237.9557772,237.9556879,1.60870460000001,240.0732631,241.0953493,3.5,0.5,0.5,22,21,6,"(1, 0)"
162,43,3,2,1,0,1,0.5,1,1,1,0,241.1091842,243.0907801,244.7467214,244.7466346,1.65585450000003,246.885246,247.9185451,3.5,0.511627906976744,0.488372093023256,22,22,6,"(0, 1)"
163,44,3,2,1,0,0,0.35,0,0,1,1,248.0668003,248.7659942,250.2076592,250.2075776,1.44158340000013,252.3314271,253.3514778,3.5,0.522727272727273,0.477272727272727,23,22,6,"(0, 0)"
164,45,3,2,1,2,2,0.5,1,0,0,0,253.3572811,254.5788413,256.2397175,256.2394775,1.6606362,258.379543,259.4125785,3.5,0.511111111111111,0.488888888888889,24,22,6,"(2, 2)"
165,46,3,2,1,0,0,0.35,0,0,1,1,259.5366712,260.8935377,262.3375013,262.3373267,1.44378900000015,264.4730762,265.5018307,3.5,0.521739130434783,0.478260869565217,24,23,6,"(0, 0)"
166,47,3,2,1,0,1,0.5,1,1,1,0,265.676933,266.3985817,267.9502267,267.9501449,1.55156320000015,270.0737758,271.0959342,3.5,0.531914893617021,0.468085106382979,25,23,6,"(0, 1)"
167,48,3,2,1,1,0,0.5,1,0,0,1,271.1021175,272.5438217,273.9761812,273.9760961,1.4322744000001,276.1149985,277.1421468,3.5,0.520833333333333,0.479166666666667,26,23,6,"(1, 0)"
168,49,3,2,1,2,0,0.15,0,1,0,0,277.2680976,278.0287675,279.5097127,279.5096291,1.48086160000003,281.6333586,282.649536,3.5,0.510204081632653,0.489795918367347,26,24,6,"(2, 0)"
169,50,3,2,1,1,2,0.35,0,1,0,1,282.6564894,283.3779985,285.1617651,285.1616817,1.78368320000004,287.2736509,288.2823765,3.5,0.5,0.5,26,25,6,"(1, 2)"
170,51,3,2,1,0,1,0.5,1,1,1,1,288.2890127,289.0375875,290.5630128,290.5629304,1.52534289999994,292.6867215,293.6986839,3.5,0.509803921568627,0.490196078431373,26,26,6,"(0, 1)"
171,52,3,2,1,1,0,0.5,1,0,0,0,293.7046483,294.3911944,295.8453524,295.8452713,1.45407690000002,297.9689323,298.9762204,3.5,0.5,0.5,27,26,6,"(1, 0)"
172,53,3,2,1,1,0,0.5,1,0,0,1,298.9973217,299.6899385,301.1465522,301.1464688,1.45653029999994,303.2701451,304.2764127,3.5,0.490566037735849,0.509433962264151,27,27,6,"(1, 0)"
173,54,3,2,1,2,1,0.35,0,0,1,1,304.2833918,305.0145935,306.6723021,306.6722158,1.65762230000018,308.7990946,309.8149373,3.5,0.5,0.5,27,28,6,"(2, 1)"
174,55,3,2,1,0,1,0.5,1,1,1,1,309.821736,310.5544183,312.1504937,312.1504004,1.5959820999999,314.2622808,315.2708995,3.5,0.509090909090909,0.490909090909091,28,28,6,"(0, 1)"
175,56,3,2,1,1,2,0.35,0,1,0,0,315.2776976,315.9712003,317.4130709,317.4129871,1.44178680000005,319.5367936,320.5512379,3.5,0.5,0.5,29,28,6,"(1, 2)"
176,57,3,2,1,2,1,0.35,0,0,1,0,320.5586095,321.2550202,322.9313701,322.9312865,1.67626629999995,325.045297,326.062079,3.5,0.508771929824561,0.491228070175439,29,29,6,"(2, 1)"
177,58,3,2,1,2,2,0.5,1,0,0,0,326.0688004,326.7566727,328.5726517,328.5725684,1.81589570000006,330.6844243,331.6938978,3.5,0.5,0.5,30,29,6,"(2, 2)"
178,59,3,2,1,1,0,0.5,1,0,0,0,331.7006575,332.3888864,334.0681063,334.0680245,1.67913810000005,336.1820371,337.1972967,3.5,0.491525423728814,0.508474576271186,30,30,6,"(1, 0)"
179,60,3,2,1,0,0,0.35,0,0,1,1,337.2120111,337.8943546,339.3825669,339.3824825,1.48812790000011,341.5062313,342.5236205,3.5,0.5,0.5,30,31,6,"(0, 0)"
180,1,4,3,0,1,0,0.5,1,0,0,0,0.0001514000000497,0.685170499999913,2.26004710000007,2.25996650000002,1.57479600000011,4.38351820000003,5.39574619999985,3.5,0.0,1.0,1,1,6,"(1, 0)"
181,2,4,3,0,2,1,0.35,0,0,1,0,5.40048320000005,6.13408529999992,8.10587940000005,8.10580030000006,1.97171500000013,10.2177236999999,11.2259690999999,3.5,0.5,0.5,1,2,6,"(2, 1)"
182,3,4,3,0,1,1,0.15,0,1,0,1,11.2329399999999,11.9549652999999,13.5832519999999,13.5831678,1.62820250000004,15.6949755000001,16.7134042999999,3.5,0.333333333333333,0.666666666666667,2,2,6,"(1, 1)"
183,4,4,3,0,0,1,0.5,1,0,0,1,16.7201186,17.4350342,19.0845637,19.0844837,1.64944949999995,21.2090386,22.2246484,3.5,0.25,0.75,2,3,6,"(0, 1)"
184,5,4,3,0,0,2,0.15,0,1,0,0,22.2388278999999,22.9388852,24.7680433,24.7679622999999,1.82907709999995,26.8798079000001,27.8906795,3.5,0.2,0.8,2,4,6,"(0, 2)"
185,6,4,3,0,1,0,0.5,1,0,0,0,27.8961165000001,28.5847842000001,30.2954104,30.2953244999999,1.71054029999982,32.4073922,33.4312104000001,3.5,0.166666666666667,0.833333333333333,2,5,6,"(1, 0)"
186,7,4,3,0,0,1,0.5,1,0,0,0,33.4376255,34.1481888999999,36.3397900999998,36.3397086,2.19151970000007,38.4517928999999,39.4598450999999,3.5,0.142857142857143,0.857142857142857,2,6,6,"(0, 1)"
187,8,4,3,0,1,0,0.5,1,0,0,0,39.4654705,40.1558551000001,41.7951426,41.7950601,1.63920499999995,43.9070663,44.9259500999999,3.5,0.125,0.875,2,7,6,"(1, 0)"
188,9,4,3,0,0,2,0.15,0,1,0,0,44.9322708,45.6214014,48.0491192,48.0490379,2.42763650000006,50.1609077999999,51.1703262999999,3.5,0.111111111111111,0.888888888888889,2,8,6,"(0, 2)"
189,10,4,3,0,1,0,0.5,1,0,0,0,51.1775720999999,51.8661671,53.6050272,53.6049456999999,1.73877859999993,55.7168806,56.7251022999999,3.5,0.1,0.9,2,9,6,"(1, 0)"
190,11,4,3,0,2,2,0.5,1,0,0,1,56.7395649999999,57.4378511,59.1366986999999,59.1366143,1.69876320000003,61.2583397999999,62.2821962,3.5,0.0909090909090909,0.909090909090909,2,10,6,"(2, 2)"
191,12,4,3,0,0,0,0.35,0,0,1,1,62.2886713,63.0153366,65.1617047,65.1616242,2.14628760000005,67.2735286,68.281686,3.5,0.166666666666667,0.833333333333333,2,11,6,"(0, 0)"
192,13,4,3,0,2,2,0.5,1,0,0,0,68.2880505000001,68.9973742,71.3233820999999,71.3233006999999,2.32592649999992,73.4352139,74.4447749999999,3.5,0.153846153846154,0.846153846153846,3,11,6,"(2, 2)"
193,14,4,3,0,2,0,0.15,0,1,0,0,74.4524173,75.1531648,76.8636584999999,76.8635749,1.71041009999999,78.9754874,79.9992803999999,3.5,0.142857142857143,0.857142857142857,3,12,6,"(2, 0)"
194,15,4,3,0,0,0,0.35,0,0,1,1,80.0057855,80.6947909,82.4010014999999,82.4009201999997,1.7061292999997,84.5128627999998,85.5209320999998,3.5,0.2,0.8,3,13,6,"(0, 0)"
195,16,4,3,0,0,1,0.5,1,0,0,0,85.5267210000002,86.2187153,88.2422578000001,88.2421764999999,2.02346119999993,90.3540800000001,91.3622357999998,3.5,0.1875,0.8125,4,13,6,"(0, 1)"
196,17,4,3,0,0,1,0.5,1,0,0,1,91.3688674999999,92.0587663000001,93.8004062999998,93.8003245999998,1.74155829999972,95.9121034999998,96.9203441,3.5,0.176470588235294,0.823529411764706,4,14,6,"(0, 1)"
197,18,4,3,0,0,1,0.5,1,0,0,1,96.9349650999998,97.6333461999998,99.3914703,99.3913874,1.75804120000021,101.5032919,102.5114429,3.5,0.166666666666667,0.833333333333333,4,15,6,"(0, 1)"
198,19,4,3,0,1,2,0.35,0,1,0,0,102.5178788,103.2094314,105.621377,105.6212967,2.41186530000004,107.7331154,108.7414108,3.5,0.157894736842105,0.842105263157895,4,16,6,"(1, 2)"
199,20,4,3,0,2,2,0.5,1,0,0,0,108.7478924,109.4439602,111.7493454,111.7492648,2.3053046,113.8612256,114.8692227,3.5,0.15,0.85,4,17,6,"(2, 2)"
200,21,4,3,0,0,0,0.35,0,0,1,1,114.8756037,115.5656716,117.2457086,117.245626,1.67995440000004,119.3596775,120.3747863,3.5,0.19047619047619,0.80952380952381,4,18,6,"(0, 0)"
201,22,4,3,0,1,2,0.35,0,0,1,0,120.3816741,121.0718725,122.9174236,122.9173411,1.8454686,125.0291373,126.0373847,3.5,0.227272727272727,0.772727272727273,5,18,6,"(1, 2)"
202,23,4,3,0,2,2,0.5,1,0,0,1,126.0439293,126.7396962,128.9620175,128.9619347,2.2222385,131.0738862,132.0818935,3.5,0.217391304347826,0.782608695652174,6,18,6,"(2, 2)"
203,24,4,3,0,1,0,0.5,1,0,0,0,132.1151113,132.8064401,134.3811509,134.381066,1.57462589999977,136.5047049,137.5155954,3.5,0.208333333333333,0.791666666666667,6,19,6,"(1, 0)"
204,25,4,3,0,2,2,0.5,1,0,0,0,137.5212647,138.2151946,141.0002247,141.0001443,2.7849497000002,143.1121453,144.1209268,3.5,0.2,0.8,6,20,6,"(2, 2)"
205,26,4,3,0,2,2,0.5,1,0,0,0,144.1266214,144.8324391,146.7087967,146.7087153,1.87627619999967,148.8204671,149.8278248,3.5,0.192307692307692,0.807692307692308,6,21,6,"(2, 2)"
206,27,4,3,0,2,2,0.5,1,0,0,1,149.834386,150.6171975,152.3777784,152.3776958,1.76049830000011,154.4895494,155.4977236,3.5,0.185185185185185,0.814814814814815,6,22,6,"(2, 2)"
207,28,4,3,0,2,1,0.35,0,0,1,0,155.5040171,156.2137588,159.6934364,159.6933523,3.47959349999974,161.8052328,162.8143115,3.5,0.214285714285714,0.785714285714286,6,23,6,"(2, 1)"
208,29,4,3,0,1,2,0.35,0,0,1,1,162.8199556,163.5199318,166.7753664,166.775282,3.25535020000007,168.8872919,169.8953249,3.5,0.241379310344828,0.758620689655172,7,23,6,"(1, 2)"
209,30,4,3,0,2,1,0.35,0,0,1,1,169.9097755,170.6043219,173.343568,173.3434874,2.73916550000013,175.4554145,176.4633873,3.5,0.266666666666667,0.733333333333333,8,23,6,"(2, 1)"
210,31,4,3,0,2,1,0.35,0,0,1,1,176.4698998,177.1671016,178.5674559,178.5673529,1.40025130000004,180.6754061,181.6823911,3.5,0.290322580645161,0.709677419354839,9,23,6,"(2, 1)"
211,32,4,3,0,2,2,0.5,1,0,0,1,181.6887714,182.3772748,185.0802223,185.0801405,2.70286569999962,187.1921436,188.2001442,3.5,0.28125,0.71875,10,23,6,"(2, 2)"
212,33,4,3,0,2,1,0.35,0,1,0,0,188.2074092,188.9242381,190.6202471,190.6201646,1.69592650000004,192.7417491,193.765679,3.5,0.272727272727273,0.727272727272727,10,24,6,"(2, 1)"
213,34,4,3,0,0,0,0.35,0,0,1,1,193.7730385,194.4971124,196.9643069,196.9642241,2.46711170000026,199.0761727,200.0842638,3.5,0.294117647058824,0.705882352941176,10,25,6,"(0, 0)"
214,35,4,3,0,1,2,0.35,0,1,0,0,200.0916182,200.7882465,203.4410299,203.4409469,2.65270039999996,205.5527468,206.5609028,3.5,0.285714285714286,0.714285714285714,11,25,6,"(1, 2)"
215,36,4,3,0,1,0,0.5,1,0,0,1,206.5667698,207.2571939,208.8974533,208.8973707,1.64017680000006,211.0093309,212.0279393,3.5,0.277777777777778,0.722222222222222,11,26,6,"(1, 0)"
216,37,4,3,0,2,1,0.35,0,0,1,1,212.0423598,212.7363439,214.3434437,214.343361,1.60701709999967,216.455267,217.4756493,3.5,0.297297297297297,0.702702702702703,11,27,6,"(2, 1)"
217,38,4,3,0,1,2,0.35,0,0,1,0,217.4828722,218.1733525,220.7277377,220.7276552,2.55430269999988,222.8392851,223.8476209,3.5,0.315789473684211,0.684210526315789,12,27,6,"(1, 2)"
218,39,4,3,0,2,2,0.5,1,0,0,0,223.8539009,224.5901269,227.0313592,227.0312172,2.44109029999981,229.1430695,230.1511469,3.5,0.307692307692308,0.692307692307692,13,27,6,"(2, 2)"
219,40,4,3,0,2,2,0.5,1,0,0,0,230.1568223,230.8557348,232.5482141,232.5481307,1.69239590000007,234.6704613,235.6944356,3.5,0.3,0.7,13,28,6,"(2, 2)"
220,41,4,3,0,0,1,0.5,1,0,0,0,235.7000968,236.447858,238.53664,238.5365553,2.08869730000015,240.648454,241.658485,3.5,0.292682926829268,0.707317073170732,13,29,6,"(0, 1)"
221,42,4,3,0,0,0,0.35,0,0,1,0,241.6650007,242.3665131,243.9382953,243.9382121,1.57169900000008,246.0619374,247.0714754,3.5,0.30952380952381,0.69047619047619,13,30,6,"(0, 0)"
222,43,4,3,0,0,0,0.35,0,0,1,1,247.0860102,247.7816462,249.5704404,249.570358,1.78871179999987,251.6821476,252.6903631,3.5,0.325581395348837,0.674418604651163,14,30,6,"(0, 0)"
223,44,4,3,0,2,0,0.15,0,1,0,0,252.697148,253.4003812,254.8920635,254.8919802,1.49159899999995,257.0156388,258.0390358,3.5,0.318181818181818,0.681818181818182,15,30,6,"(2, 0)"
224,45,4,3,0,1,0,0.5,1,0,0,0,258.0455401,258.7880233,260.4744716,260.4743881,1.68636479999986,262.5889085,263.6052101,3.5,0.311111111111111,0.688888888888889,15,31,6,"(1, 0)"
225,46,4,3,0,1,1,0.15,0,1,0,1,263.6117778,264.3282008,266.498695,266.498611,2.17041019999988,268.6105432,269.6188285,3.5,0.304347826086957,0.695652173913043,15,32,6,"(1, 1)"
226,47,4,3,0,1,1,0.15,0,1,0,1,269.6253654,270.3154012,272.0925582,272.0924781,1.77707689999988,274.2044334,275.2125632,3.5,0.297872340425532,0.702127659574468,15,33,6,"(1, 1)"
227,48,4,3,0,1,0,0.5,1,0,0,0,275.2189181,275.9084771,277.63327,277.6331904,1.72471330000008,279.7449611,280.7532024,3.5,0.291666666666667,0.708333333333333,15,34,6,"(1, 0)"
228,49,4,3,0,0,2,0.15,0,1,0,0,280.7676387,281.4494475,283.8474069,283.8473237,2.3978761999997,285.9591641,286.9676981,3.5,0.285714285714286,0.714285714285714,15,35,6,"(0, 2)"
229,50,4,3,0,0,1,0.5,1,0,0,1,286.974048,287.6771269,289.4228589,289.422778,1.74565110000003,291.5346967,292.5426922,3.5,0.28,0.72,15,36,6,"(0, 1)"
230,51,4,3,0,1,0,0.5,1,0,0,0,292.5492142,293.2706398,294.9714938,294.9714101,1.70077029999993,297.0930226,298.1169661,3.5,0.274509803921569,0.725490196078431,15,37,6,"(1, 0)"
231,52,4,3,0,2,0,0.15,0,1,0,0,298.1226097,298.8538757,300.5285706,300.5284859,1.67461019999973,302.6422796,303.6573078,3.5,0.269230769230769,0.730769230769231,15,38,6,"(2, 0)"
232,53,4,3,0,0,1,0.5,1,0,0,0,303.6628432,304.3544373,306.0752552,306.0751729,1.7207355999999,308.1870311,309.2110267,3.5,0.264150943396226,0.735849056603774,15,39,6,"(0, 1)"
233,54,4,3,0,0,1,0.5,1,0,0,0,309.2172508,309.9271991,311.8574395,311.8573567,1.9301575999998,313.9691322,314.9774122,3.5,0.259259259259259,0.740740740740741,15,40,6,"(0, 1)"
234,55,4,3,0,1,0,0.5,1,0,0,0,314.9838003,315.6741897,317.2469411,317.2468563,1.57266659999959,319.3704335,320.387329,3.5,0.254545454545455,0.745454545454545,15,41,6,"(1, 0)"
235,56,4,3,0,1,2,0.35,0,1,0,0,320.4019834,321.0941004,322.8197179,322.819634,1.72553359999984,324.9315086,325.9553746,3.5,0.25,0.75,15,42,6,"(1, 2)"
236,57,4,3,0,0,1,0.5,1,0,0,1,325.9620499,326.6746823,329.3837103,329.3835636,2.70888130000003,331.4953474,332.5033618,3.5,0.245614035087719,0.754385964912281,15,43,6,"(0, 1)"
237,58,4,3,0,2,1,0.35,0,0,1,1,332.5096152,333.2089738,335.0737176,335.0736353,1.86466149999978,337.1852259,338.1933034,3.5,0.258620689655172,0.741379310344828,15,44,6,"(2, 1)"
238,59,4,3,0,0,0,0.35,0,0,1,0,338.1996782,338.9441251,340.3886054,340.3885173,1.44439220000004,342.5121676,343.5286612,3.5,0.271186440677966,0.728813559322034,16,44,6,"(0, 0)"
239,60,4,3,0,1,2,0.35,0,1,0,1,343.5353808,344.2549319,346.5031205,346.503039,2.2481071000002,348.614938,349.6231774,3.5,0.266666666666667,0.733333333333333,17,44,6,"(1, 2)"
0,1,1,0,3,1,2,0.5,1,0,0,0,0.010980600000039,0.660716799999932,2.13968739999996,1.94435090000002,1.28363410000009,4.29221150000001,5.30988539999998,3.5,0.0,1.0,1,1,24,"(1, 2)"
1,2,1,0,3,0,0,0.5,1,0,0,1,5.48431740000001,6.1175925,8.54002409999998,8.53986750000001,2.42227500000001,10.6522553999999,11.6615355,3.5,0.0,1.0,1,2,24,"(0, 0)"
2,3,1,0,3,0,0,0.5,1,0,0,0,11.7341398999999,12.3509544,14.2046572,14.2045055999999,1.85355119999997,16.3168221999999,17.3248768999999,3.5,0.0,1.0,1,3,24,"(0, 0)"
3,4,1,0,3,1,1,0.35,0,1,0,0,17.3409794,17.9389704,19.9943946,19.9942597,2.05528930000003,22.1063741,23.1141918,3.5,0.0,1.0,1,4,24,"(1, 1)"
4,5,1,0,3,2,0,0.35,0,1,0,0,23.1257078,23.748686,26.0024711,26.0021601999999,2.25347419999991,28.1168615,29.1248819,3.5,0.0,1.0,1,5,24,"(2, 0)"
5,6,1,0,3,2,0,0.35,0,0,1,1,29.1465623,29.7593998999999,31.7208244999999,31.7206424,1.96124250000003,33.8327209,34.8408467,3.5,0.166666666666667,0.833333333333333,1,6,24,"(2, 0)"
6,7,1,0,3,0,2,0.35,0,1,0,0,34.8472118,35.4635686,38.1640811,38.1640096,2.70044099999996,40.275907,41.2839585,3.5,0.142857142857143,0.857142857142857,2,6,24,"(0, 2)"
7,8,1,0,3,0,0,0.5,1,0,0,0,41.2899926,41.9105709,43.4587258,43.4586537,1.54808279999997,45.5823583,46.6016428,3.5,0.125,0.875,2,7,24,"(0, 0)"
8,9,1,0,3,0,0,0.5,1,0,0,1,46.6072657999999,47.2177746999999,48.9839734999999,48.9839009,1.76612620000003,51.0957043,52.1033244,3.5,0.111111111111111,0.888888888888889,2,8,24,"(0, 0)"
9,10,1,0,3,2,2,0.15,0,0,1,1,52.1097778,52.7317323,54.5114917,54.5114205,1.77968820000001,56.6234284,57.6313953,3.5,0.2,0.8,2,9,24,"(2, 2)"
10,11,1,0,3,2,1,0.5,1,0,0,0,57.6370846999999,58.2502323,60.4026436,60.4025705,2.15233820000003,62.5143587,63.5225690999999,3.5,0.181818181818182,0.818181818181818,3,9,24,"(2, 1)"
11,12,1,0,3,0,1,0.15,0,1,0,1,63.5288809,64.1440044999999,65.9782549,65.9781847,1.83418020000011,68.0900052,69.0984797,3.5,0.166666666666667,0.833333333333333,3,10,24,"(0, 1)"
12,13,1,0,3,1,0,0.15,0,0,1,1,69.1040105,69.7164832999999,71.4628006,71.462728,1.74624470000003,73.5747695,74.5827250999999,3.5,0.230769230769231,0.769230769230769,3,11,24,"(1, 0)"
13,14,1,0,3,0,2,0.35,0,1,0,0,74.5891207999999,75.2081585,78.1807526,78.1806805,2.97252200000003,80.2924025999999,81.3005955,3.5,0.214285714285714,0.785714285714286,4,11,24,"(0, 2)"
14,15,1,0,3,2,1,0.5,1,1,1,1,81.3062103,81.9222377,83.8756528,83.8755828,1.95334509999998,85.9873782,86.9956114,3.5,0.266666666666667,0.733333333333333,4,12,24,"(2, 1)"
15,16,1,0,3,1,2,0.5,1,1,1,0,87.0013346,87.6219050999999,89.943533,89.9434591,2.32155400000011,92.0552557999999,93.0633559,3.5,0.3125,0.6875,5,12,24,"(1, 2)"
16,17,1,0,3,2,1,0.5,1,1,1,0,93.0782716,93.6869182,95.4432179,95.4431451,1.7562269,97.5550454,98.5632802,3.5,0.352941176470588,0.647058823529412,6,12,24,"(2, 1)"
17,18,1,0,3,1,2,0.5,1,1,1,1,98.568977,99.1911299,101.3963636,101.3962915,2.2051616,103.5080766,104.5162146,3.5,0.388888888888889,0.611111111111111,7,12,24,"(1, 2)"
18,19,1,0,3,0,0,0.5,1,1,1,1,104.521786,105.1451195,107.1372482,107.1371752,1.99205570000004,109.2490784,110.2571555,3.5,0.421052631578947,0.578947368421053,8,12,24,"(0, 0)"
19,20,1,0,3,1,2,0.5,1,1,1,1,110.263555,110.8843421,112.3701698,112.2005672,1.3162251,114.4963452,115.5046317,3.5,0.45,0.55,9,12,24,"(1, 2)"
20,21,1,0,3,2,0,0.35,0,1,0,0,115.5101859,116.1185198,117.5959715,117.2085479,1.09002810000004,119.7159928,120.7250788,3.5,0.428571428571429,0.571428571428571,10,12,24,"(2, 0)"
21,22,1,0,3,0,1,0.15,0,0,1,0,120.7306897,121.3525002,124.4574988,124.4574263,3.10492609999994,126.5694967,127.5786339,3.5,0.454545454545455,0.545454545454545,10,13,24,"(0, 1)"
22,23,1,0,3,1,2,0.5,1,1,1,0,127.5931098,128.2149854,129.7019535,129.4564539,1.24146850000011,131.8223495,132.831397,3.5,0.478260869565217,0.521739130434783,11,13,24,"(1, 2)"
23,24,1,0,3,2,1,0.5,1,1,1,0,132.8378209,133.450402,134.9540891,134.9540161,1.50361410000005,137.0776922,138.0859398,3.5,0.5,0.5,12,13,24,"(2, 1)"
24,25,1,0,3,0,2,0.35,0,0,1,1,138.0915556,138.7103095,140.9044651,140.9043938,2.19408429999999,143.0164225,144.0246529,3.5,0.52,0.48,13,13,24,"(0, 2)"
25,26,1,0,3,1,2,0.5,1,1,1,1,144.0311437,144.6453515,147.698427,147.6983549,3.05300340000008,149.810177,150.8186388,3.5,0.538461538461538,0.461538461538462,14,13,24,"(1, 2)"
26,27,1,0,3,1,2,0.5,1,1,1,1,150.8242958,151.4457495,153.544658,153.5445858,2.0988362999999,155.6566582,156.6646143,3.5,0.555555555555556,0.444444444444444,15,13,24,"(1, 2)"
27,28,1,0,3,1,1,0.35,0,0,1,1,156.6702269,157.2924309,159.027085,159.0270112,1.73458029999995,161.1390036,162.1472841,3.5,0.571428571428571,0.428571428571429,16,13,24,"(1, 1)"
28,29,1,0,3,2,0,0.35,0,1,0,1,162.1541061,162.7662411,164.4096375,164.4095627,1.64332160000004,166.5215303,167.5382725,3.5,0.551724137931034,0.448275862068966,17,13,24,"(2, 0)"
29,30,1,0,3,2,2,0.15,0,0,1,0,167.5530454,168.1575137,169.9222575,169.9221838,1.76467009999999,172.0339863,173.0424587,3.5,0.566666666666667,0.433333333333333,17,14,24,"(2, 2)"
30,31,1,0,3,2,1,0.5,1,1,1,1,173.0496407,173.6692103,175.147683,174.9365206,1.26731029999996,177.2691402,178.2855003,3.5,0.580645161290323,0.419354838709677,18,14,24,"(2, 1)"
31,32,1,0,3,1,1,0.35,0,0,1,1,178.2913612,178.9032552,180.3822628,180.2642946,1.36103939999998,182.5090488,183.5186507,3.5,0.59375,0.40625,19,14,24,"(1, 1)"
32,33,1,0,3,2,0,0.35,0,0,1,1,183.5243305,184.1483529,186.0965457,186.0964704,1.94811749999997,188.2085252,189.2165154,3.5,0.606060606060606,0.393939393939394,20,14,24,"(2, 0)"
33,34,1,0,3,1,2,0.5,1,1,1,1,189.2229034,189.8461181,191.6140902,191.6140174,1.76789929999995,193.7260607,194.7341592,3.5,0.617647058823529,0.382352941176471,21,14,24,"(1, 2)"
34,35,1,0,3,0,2,0.35,0,0,1,0,194.7407406,195.3553441,196.8337675,196.7044737,1.34912959999997,198.9577052,199.9637328,3.5,0.628571428571429,0.371428571428571,22,14,24,"(0, 2)"
35,36,1,0,3,0,1,0.15,0,0,1,1,199.978553,200.5943178,202.5148384,202.5147655,1.92044769999995,204.6266656,205.6346204,3.5,0.638888888888889,0.361111111111111,23,14,24,"(0, 1)"
36,37,1,0,3,1,2,0.5,1,1,1,1,205.6422948,206.2633946,209.0591507,209.059077,2.79568240000003,211.1709817,212.1790002,3.5,0.648648648648649,0.351351351351351,24,14,24,"(1, 2)"
37,38,1,0,3,0,2,0.35,0,0,1,0,212.1865048,212.8061752,214.5380898,214.5380165,1.73184130000004,216.6499466,217.6578779,3.5,0.657894736842105,0.342105263157895,25,14,24,"(0, 2)"
38,39,1,0,3,0,0,0.5,1,1,1,1,217.6636847,218.2766796,219.8754048,219.8753299,1.59865030000003,221.9872271,223.0067641,3.5,0.666666666666667,0.333333333333333,26,14,24,"(0, 0)"
39,40,1,0,3,2,2,0.15,0,0,1,1,223.0136945,223.6239183,225.1359274,225.1358525,1.51193419999993,227.2596069,228.2753708,3.5,0.675,0.325,27,14,24,"(2, 2)"
40,41,1,0,3,0,0,0.5,1,1,1,1,228.2822183,228.8995126,231.3420871,231.342013,2.44250039999997,233.4539382,234.4620673,3.5,0.682926829268293,0.317073170731707,28,14,24,"(0, 0)"
41,42,1,0,3,1,1,0.35,0,0,1,1,234.4767682,235.0946679,236.8229946,236.8229208,1.72825290000003,238.9350262,239.9429911,3.5,0.69047619047619,0.30952380952381,29,14,24,"(1, 1)"
42,43,1,0,3,0,2,0.35,0,0,1,0,239.9501899,240.5696258,242.051559,241.8483105,1.27868469999999,244.1698793,245.1837523,3.5,0.697674418604651,0.302325581395349,30,14,24,"(0, 2)"
43,44,1,0,3,2,1,0.5,1,1,1,1,245.1905846,245.7990023,247.3471001,247.3470258,1.5480235,249.4707053,250.4850548,3.5,0.704545454545455,0.295454545454545,31,14,24,"(2, 1)"
44,45,1,0,3,2,0,0.35,0,0,1,1,250.4908288,251.0995895,252.5782218,252.0404558,0.940866300000039,254.6812254,255.6867209,3.5,0.711111111111111,0.288888888888889,32,14,24,"(2, 0)"
45,46,1,0,3,0,0,0.5,1,1,1,1,255.6935939,256.3186344,258.9948993,258.9948253,2.67619090000005,261.1067137,262.1148432,3.5,0.717391304347826,0.282608695652174,33,14,24,"(0, 0)"
46,47,1,0,3,1,0,0.15,0,0,1,0,262.1204342,262.7362926,264.7630623,264.7629596,2.02666699999997,266.8748702,267.8828254,3.5,0.723404255319149,0.276595744680851,34,14,24,"(1, 0)"
47,48,1,0,3,1,2,0.5,1,1,1,1,267.8886089,268.5162993,270.0319513,269.8082766,1.29197729999999,272.1487107,273.163084,3.5,0.729166666666667,0.270833333333333,35,14,24,"(1, 2)"
48,49,1,0,3,0,2,0.35,0,0,1,1,273.1777675,273.825353,275.6810121,275.6809384,1.8555854,277.7927512,278.8036124,3.5,0.73469387755102,0.26530612244898,36,14,24,"(0, 2)"
49,50,1,0,3,2,1,0.5,1,1,1,1,278.8098453,279.5306092,281.1388592,280.9123703,1.38176110000006,283.2672535,284.2751025,3.5,0.74,0.26,37,14,24,"(2, 1)"
50,51,1,0,3,2,1,0.5,1,1,1,1,284.2817311,285.026377,286.6207446,286.3042726,1.27789559999997,288.7455288,289.7572003,3.5,0.745098039215686,0.254901960784314,38,14,24,"(2, 1)"
51,52,1,0,3,1,1,0.35,0,0,1,0,289.7636429,290.5140723,292.1014298,291.5604705,1.0463982,294.2114752,295.2187922,3.5,0.75,0.25,39,14,24,"(1, 1)"
52,53,1,0,3,2,1,0.5,1,1,1,0,295.2254732,295.9637803,297.5628039,297.0002901,1.03650980000009,299.6797516,300.6970771,3.5,0.754716981132076,0.245283018867924,40,14,24,"(2, 1)"
53,54,1,0,3,0,0,0.5,1,1,1,1,300.7035517,301.4224044,303.6341836,303.6341078,2.21170340000003,305.7461539,306.7541799,3.5,0.759259259259259,0.240740740740741,41,14,24,"(0, 0)"
54,55,1,0,3,1,1,0.35,0,0,1,1,306.7688421,307.5057653,309.2177251,309.2176488,1.7118835,311.3276093,312.3517371,3.5,0.763636363636364,0.236363636363636,42,14,24,"(1, 1)"
55,56,1,0,3,2,0,0.35,0,0,1,0,312.3574533,313.1035634,314.70598,314.4804506,1.37688720000006,316.8331927,317.8419369,3.5,0.767857142857143,0.232142857142857,43,14,24,"(2, 0)"
56,57,1,0,3,1,0,0.15,0,0,1,1,317.8492098,318.5557391,321.2812909,321.2812145,2.72547540000005,323.3930815,324.4011092,3.5,0.771929824561403,0.228070175438597,44,14,24,"(1, 0)"
57,58,1,0,3,1,1,0.35,0,0,1,1,324.406895,325.1541403,326.7919496,326.7918754,1.63773509999999,328.9037294,329.9207203,3.5,0.775862068965517,0.224137931034483,45,14,24,"(1, 1)"
58,59,1,0,3,0,0,0.5,1,0,0,1,329.9262877,330.6774409,332.2648338,331.9123178,1.23487690000002,334.3854362,335.4106194,3.5,0.76271186440678,0.23728813559322,46,14,24,"(0, 0)"
59,60,1,0,3,2,1,0.5,1,1,1,1,335.4169953,336.1358935,337.7205318,337.4642561,1.32836259999999,339.8518572,340.8741213,3.5,0.766666666666667,0.233333333333333,46,15,24,"(2, 1)"
60,1,2,1,0,1,2,0.5,1,0,0,0,8.59000000446031e-05,0.739369800000077,2.97529459999998,2.9752178,2.23584799999992,5.08717039999999,6.09594960000004,3.5,0.0,1.0,1,1,24,"(1, 2)"
61,2,2,1,0,2,0,0.35,0,1,0,0,6.10748190000004,6.82274919999998,8.56499029999998,8.56491370000003,1.74216450000006,10.6768507,11.6847481,3.5,0.0,1.0,1,2,24,"(2, 0)"
62,3,2,1,0,0,1,0.15,0,1,0,1,11.6933765,12.4311611000001,14.6454114000001,14.6453287000001,2.2141676,16.7572466,17.7653358,3.5,0.0,1.0,1,3,24,"(0, 1)"
63,4,2,1,0,2,1,0.5,1,0,0,0,17.7733229,18.4717328,20.3315708,20.33149,1.85975719999999,22.4435128,23.4516443,3.5,0.0,1.0,1,4,24,"(2, 1)"
64,5,2,1,0,0,2,0.35,0,1,0,1,23.4581841,24.1792765,26.812135,26.8120576,2.63278109999999,28.9239180000001,29.9320184000001,3.5,0.0,1.0,1,5,24,"(0, 2)"
65,6,2,1,0,0,2,0.35,0,1,0,1,29.9463738000001,30.6434602,32.5560436000001,32.5559648,1.91250459999992,34.6679248,35.6776833,3.5,0.0,1.0,1,6,24,"(0, 2)"
66,7,2,1,0,1,1,0.35,0,1,0,0,35.6841565,36.4027204,38.4553742000001,38.4552905,2.05257010000003,40.5672867000001,41.5754928,3.5,0.0,1.0,1,7,24,"(1, 1)"
67,8,2,1,0,2,1,0.5,1,1,1,1,41.5819092,42.3218716,43.9061156,43.6742285,1.35235690000002,46.0267494000001,47.0407647000001,3.5,0.125,0.875,1,8,24,"(2, 1)"
68,9,2,1,0,0,2,0.35,0,0,1,0,47.0474063,47.7614474000001,49.3372241000001,48.8582828,1.09683539999992,51.4525436,52.4605772000001,3.5,0.222222222222222,0.777777777777778,2,8,24,"(0, 2)"
69,10,2,1,0,1,1,0.35,0,0,1,1,52.4670447,53.1493123000001,54.5835298999999,54.5834456000001,1.43413329999998,56.7072288000001,57.7269632000001,3.5,0.3,0.7,3,8,24,"(1, 1)"
70,11,2,1,0,2,0,0.35,0,0,1,1,57.7332913000001,58.4356924,60.0415174000001,60.0414364,1.60574399999996,62.1650536999999,63.172252,3.5,0.363636363636364,0.636363636363636,4,8,24,"(2, 0)"
71,12,2,1,0,1,1,0.35,0,0,1,1,63.1789213999999,63.865739,65.4148564000001,65.1863032,1.32056420000004,67.530527,68.5493998000001,3.5,0.416666666666667,0.583333333333333,5,8,24,"(1, 1)"
72,13,2,1,0,2,2,0.15,0,0,1,1,68.5636567,69.2499635,71.0365906999999,71.0365115999999,1.78654809999989,73.148454,74.1576097000001,3.5,0.461538461538462,0.538461538461538,6,8,24,"(2, 2)"
73,14,2,1,0,0,0,0.5,1,1,1,0,74.1641533000001,74.865128,76.505552,76.5054635,1.64033549999999,78.6174454999999,79.6358964,3.5,0.5,0.5,7,8,24,"(0, 0)"
74,15,2,1,0,2,1,0.5,1,1,1,1,79.6424353000001,80.3290418,82.6171410000001,82.6170612,2.28801939999994,84.7288001999999,85.7381612,3.5,0.533333333333333,0.466666666666667,8,8,24,"(2, 1)"
75,16,2,1,0,0,2,0.35,0,1,0,0,85.7439008,86.4315078000001,88.1265901,88.1265085000001,1.69500070000004,90.2512665,91.2740511000001,3.5,0.5,0.5,9,8,24,"(0, 2)"
76,17,2,1,0,1,2,0.5,1,0,0,0,91.2803991,91.9671708,93.6178859,93.6178089000001,1.65063810000015,95.7296984999999,96.7465969000001,3.5,0.470588235294118,0.529411764705882,9,9,24,"(1, 2)"
77,18,2,1,0,2,1,0.5,1,1,1,1,96.7532511000001,97.4454354999999,99.0146771999999,98.3142632,0.868827700000111,101.1276472,102.1348105,3.5,0.5,0.5,9,10,24,"(2, 1)"
78,19,2,1,0,2,1,0.5,1,1,1,0,102.1493229,102.8472048,104.4081218,103.4820712,0.634866399999964,106.5137056,107.5278711,3.5,0.526315789473684,0.473684210526316,10,10,24,"(2, 1)"
79,20,2,1,0,0,1,0.15,0,0,1,1,107.5334122,108.2236772,109.779425,109.5542191,1.33054190000007,111.9006264,112.9173403,3.5,0.55,0.45,11,10,24,"(0, 1)"
80,21,2,1,0,1,2,0.5,1,0,0,0,112.9236732,113.6063015,115.2133909,115.2132505,1.60694899999999,117.3250121,118.3329722,3.5,0.523809523809524,0.476190476190476,12,10,24,"(1, 2)"
81,22,2,1,0,0,2,0.35,0,1,0,0,118.3394896,119.0327047,120.7558115,120.7557342,1.72302950000017,122.867547,123.876533,3.5,0.5,0.5,12,11,24,"(0, 2)"
82,23,2,1,0,1,1,0.35,0,0,1,1,123.8821517,124.5736176,126.874477,126.8744027,2.30078510000021,128.9865589,129.9945153,3.5,0.521739130434783,0.478260869565217,12,12,24,"(1, 1)"
83,24,2,1,0,0,0,0.5,1,1,1,0,130.0010823,130.6962566,132.5570987,132.5570216,1.8607649999999,134.6687933,135.6781218,3.5,0.541666666666667,0.458333333333333,13,12,24,"(0, 0)"
84,25,2,1,0,1,2,0.5,1,0,0,1,135.6925781,136.3936778,138.1983669,138.1982901,1.80461229999992,140.3102016,141.3182145,3.5,0.52,0.48,14,12,24,"(1, 2)"
85,26,2,1,0,0,2,0.35,0,1,0,1,141.3238229,142.0168963,143.5794875,143.3942181,1.37732180000012,145.7080025,146.7141553,3.5,0.5,0.5,14,13,24,"(0, 2)"
86,27,2,1,0,2,2,0.15,0,0,1,1,146.7214254,147.4086173,148.9674906,148.3941882,0.985570900000084,151.0732598,152.0890273,3.5,0.518518518518518,0.481481481481482,14,14,24,"(2, 2)"
87,28,2,1,0,1,1,0.35,0,0,1,1,152.095371,152.785721,154.3386563,153.6500271,0.864306100000022,156.4526014,157.4658358,3.5,0.535714285714286,0.464285714285714,15,14,24,"(1, 1)"
88,29,2,1,0,2,2,0.15,0,0,1,0,157.4724283,158.1661012,160.1482456,160.1481709,1.98206970000001,162.2599527,163.2680641,3.5,0.551724137931034,0.448275862068966,16,14,24,"(2, 2)"
89,30,2,1,0,2,1,0.5,1,1,1,1,163.2744701,163.9626078,165.5203994,164.7220324,0.759424600000102,167.6241174,168.6307698,3.5,0.566666666666667,0.433333333333333,17,14,24,"(2, 1)"
90,31,2,1,0,2,1,0.5,1,1,1,1,168.6364472,169.3243036,170.8833278,169.8983099,0.574006300000065,172.9865682,174.0011014,3.5,0.580645161290323,0.419354838709677,18,14,24,"(2, 1)"
91,32,2,1,0,2,0,0.35,0,0,1,0,174.0156777,174.6901652,176.245217,175.5221466,0.831981399999904,178.3503725,179.366242,3.5,0.59375,0.40625,19,14,24,"(2, 0)"
92,33,2,1,0,1,2,0.5,1,0,0,0,179.3727344,180.0653142,181.6138465,181.1382462,1.07293200000004,183.7398381,184.7476396,3.5,0.575757575757576,0.424242424242424,20,14,24,"(1, 2)"
93,34,2,1,0,1,1,0.35,0,0,1,1,184.7548544,185.4579475,187.0091905,186.434206,0.976258500000085,189.1155491,190.1219178,3.5,0.588235294117647,0.411764705882353,20,15,24,"(1, 1)"
94,35,2,1,0,2,0,0.35,0,0,1,1,190.1285788,190.8132635,192.4124466,191.6502129,0.836949399999867,194.526461,195.5419995,3.5,0.6,0.4,21,15,24,"(2, 0)"
95,36,2,1,0,2,1,0.5,1,1,1,1,195.5484663,196.2355616,197.8431779,197.090208,0.854646399999865,199.9498186,200.9624039,3.5,0.611111111111111,0.388888888888889,22,15,24,"(2, 1)"
96,37,2,1,0,1,0,0.15,0,1,0,0,200.9681361,201.6561337,203.2649559,202.7940341,1.13790040000004,205.3812355,206.4068311,3.5,0.594594594594595,0.405405405405405,23,15,24,"(1, 0)"
97,38,2,1,0,1,0,0.15,0,1,0,0,206.4212904,207.1619167,208.7994877,208.7994084,1.63749170000006,210.9113802,211.9288652,3.5,0.578947368421053,0.421052631578947,23,16,24,"(1, 0)"
98,39,2,1,0,0,0,0.5,1,0,0,1,211.9353577,212.6275228,214.1774717,214.010211,1.38268819999985,216.3034612,217.3093962,3.5,0.564102564102564,0.435897435897436,23,17,24,"(0, 0)"
99,40,2,1,0,0,0,0.5,1,0,0,0,217.315139,218.0229352,219.9104436,219.9103674,1.88743219999992,222.0223987,223.030428,3.5,0.55,0.45,23,18,24,"(0, 0)"
100,41,2,1,0,1,2,0.5,1,0,0,0,223.036181,223.7506301,226.1753781,226.1752991,2.42466899999999,228.2873652,229.2953435,3.5,0.536585365853659,0.463414634146341,23,19,24,"(1, 2)"
101,42,2,1,0,1,2,0.5,1,1,1,1,229.300957,229.9896879,231.7954822,231.7954038,1.8057159,233.9073182,234.9154674,3.5,0.547619047619048,0.452380952380952,23,20,24,"(1, 2)"
102,43,2,1,0,0,0,0.5,1,1,1,1,234.9218605,235.642389,237.4995924,237.499516,1.85712699999999,239.6113784,240.6195503,3.5,0.558139534883721,0.441860465116279,24,20,24,"(0, 0)"
103,44,2,1,0,0,0,0.5,1,1,1,1,240.6339741,241.3430835,242.9178286,242.9177449,1.57466139999997,245.0413862,246.0523394,3.5,0.568181818181818,0.431818181818182,25,20,24,"(0, 0)"
104,45,2,1,0,2,0,0.35,0,0,1,0,246.0596863,246.7755706,248.3334454,247.6821714,0.906600800000206,250.4390278,251.4503444,3.5,0.577777777777778,0.422222222222222,26,20,24,"(2, 0)"
105,46,2,1,0,1,1,0.35,0,0,1,1,251.4575732,252.1898766,253.9422359,253.9421593,1.75228270000002,256.0539343,257.0650525,3.5,0.58695652173913,0.41304347826087,27,20,24,"(1, 1)"
106,47,2,1,0,2,1,0.5,1,1,1,0,257.0724384,257.7543469,259.3176078,258.7620022,1.0076552999999,261.4295226,262.4537936,3.5,0.595744680851064,0.404255319148936,28,20,24,"(2, 1)"
107,48,2,1,0,2,0,0.35,0,0,1,0,262.4604929,263.1790957,264.7653866,264.0101907,0.831095000000005,266.8760765,267.8930738,3.5,0.604166666666667,0.395833333333333,29,20,24,"(2, 0)"
108,49,2,1,0,0,0,0.5,1,1,1,1,267.9007892,268.585675,270.1710164,269.85802,1.27234500000009,272.288888,273.3025692,3.5,0.612244897959184,0.387755102040816,30,20,24,"(0, 0)"
109,50,2,1,0,0,1,0.15,0,0,1,1,273.3100388,273.9962341,275.4529301,275.4528495,1.45661540000015,277.5765932,278.5907021,3.5,0.62,0.38,31,20,24,"(0, 1)"
110,51,2,1,0,1,2,0.5,1,1,1,1,278.6053117,279.3273263,281.1017984,281.1017211,1.77439479999998,283.2136231,284.2219148,3.5,0.627450980392157,0.372549019607843,32,20,24,"(1, 2)"
111,52,2,1,0,0,0,0.5,1,1,1,1,284.2277471,284.9494416,286.4151249,286.4150446,1.46560299999987,288.538675,289.5466322,3.5,0.634615384615385,0.365384615384615,33,20,24,"(0, 0)"
112,53,2,1,0,1,0,0.15,0,0,1,1,289.5540848,290.2524865,291.8290321,291.5542484,1.3017619000002,293.9543868,294.9609713,3.5,0.641509433962264,0.358490566037736,34,20,24,"(1, 0)"
113,54,2,1,0,2,1,0.5,1,1,1,1,294.967438,295.6545141,297.2388803,296.4181527,0.763638599999922,299.3411279,300.3488402,3.5,0.648148148148148,0.351851851851852,35,20,24,"(2, 1)"
114,55,2,1,0,1,2,0.5,1,0,0,0,300.3552441,301.0802088,302.8227119,302.8226337,1.74242490000006,304.934651,305.9444116,3.5,0.636363636363636,0.363636363636364,36,20,24,"(1, 2)"
115,56,2,1,0,0,0,0.5,1,0,0,0,305.9512414,306.6746072,308.2645682,307.9379803,1.26337310000008,310.3901351,311.4002316,3.5,0.625,0.375,36,21,24,"(0, 0)"
116,57,2,1,0,0,2,0.35,0,0,1,0,311.4144372,312.1250798,314.6509543,314.6508791,2.52579930000002,316.7626926,317.7722743,3.5,0.631578947368421,0.368421052631579,36,22,24,"(0, 2)"
117,58,2,1,0,1,2,0.5,1,1,1,0,317.777939,318.5020678,320.0954338,319.4259987,0.923930899999959,322.2082748,323.2142634,3.5,0.637931034482759,0.362068965517241,37,22,24,"(1, 2)"
118,59,2,1,0,0,0,0.5,1,0,0,0,323.2214924,323.9371562,326.9642438,326.9641655,3.02700929999992,329.0761472,330.0842596,3.5,0.627118644067797,0.372881355932203,38,22,24,"(0, 0)"
119,60,2,1,0,2,0,0.35,0,0,1,1,330.0899491,330.8200014,332.4024543,331.7781617,0.958160299999918,334.5162574,335.5325347,3.5,0.633333333333333,0.366666666666667,38,23,24,"(2, 0)"
120,1,3,2,1,1,1,0.35,0,0,1,1,8.12999999197928e-05,0.734511599999905,2.70822410000005,2.70814640000003,1.97363480000013,4.82016270000008,5.82813409999994,3.5,1.0,0.0,1,1,24,"(1, 1)"
121,2,3,2,1,1,1,0.35,0,0,1,1,5.83186440000009,6.5554697,8.5508448999999,8.55076750000012,1.99529780000012,10.6628244999999,11.6709602000001,3.5,1.0,0.0,2,1,24,"(1, 1)"
122,3,3,2,1,2,2,0.15,0,1,0,0,11.6782346,12.4051912,14.2681012,14.2680244000001,1.86283320000007,16.3800501000001,17.3881851000001,3.5,0.666666666666667,0.333333333333333,3,1,24,"(2, 2)"
123,4,3,2,1,0,0,0.5,1,0,0,0,17.4026461000001,18.0987009,20.3655771000001,20.3655002999999,2.26679939999985,22.4775715000001,23.4865543000001,3.5,0.5,0.5,3,2,24,"(0, 0)"
124,5,3,2,1,2,0,0.35,0,1,0,0,23.4929065000001,24.1940368,25.598506,25.5984309,1.40439409999999,27.7277796999999,28.7335283,3.5,0.4,0.6,3,3,24,"(2, 0)"
125,6,3,2,1,2,0,0.35,0,0,1,1,28.7407869000001,29.4251356,30.9927760999999,30.5960775999999,1.17094199999997,33.1215116999999,34.1384232,3.5,0.5,0.5,3,4,24,"(2, 0)"
126,7,3,2,1,2,1,0.5,1,1,1,0,34.1446825,34.8394503,36.892722,36.8926435000001,2.05319320000012,39.0047079999999,40.012716,3.5,0.571428571428571,0.428571428571429,4,4,24,"(2, 1)"
127,8,3,2,1,0,0,0.5,1,1,1,0,40.0183787000001,40.7140855,43.1966035,43.1965269,2.48244139999997,45.3085848000001,46.3165271,3.5,0.625,0.375,5,4,24,"(0, 0)"
128,9,3,2,1,2,1,0.5,1,0,0,0,46.3309852,47.0220098,48.8500472999999,48.8499704999999,1.82796069999995,50.9620975,51.9700642,3.5,0.555555555555556,0.444444444444444,6,4,24,"(2, 1)"
129,10,3,2,1,0,2,0.35,0,1,0,0,51.9764258,52.6771862000001,56.0518956000001,56.0518172,3.37463099999991,58.1638800000001,59.1722251000001,3.5,0.5,0.5,6,5,24,"(0, 2)"
130,11,3,2,1,1,2,0.5,1,0,0,1,59.1788188999999,59.8751130999999,61.6297314999999,61.6296536,1.75454050000008,63.7414326999999,64.7496137000001,3.5,0.454545454545455,0.545454545454545,6,6,24,"(1, 2)"
131,12,3,2,1,0,2,0.35,0,1,0,0,64.7560811999999,65.4665901999999,67.0647398999999,67.0646590000001,1.59806880000019,69.1764727,70.1964054,3.5,0.416666666666667,0.583333333333333,6,7,24,"(0, 2)"
132,13,3,2,1,2,1,0.5,1,0,0,1,70.2022572000001,70.8985347,72.4617357,72.2279088,1.3293741,74.5781148999999,75.5922117,3.5,0.384615384615385,0.615384615384615,6,8,24,"(2, 1)"
133,14,3,2,1,0,0,0.5,1,1,1,1,75.599389,76.2953147000001,78.8080285999999,78.8079524,2.51263769999991,80.9199094999999,81.9279741,3.5,0.428571428571429,0.571428571428571,6,9,24,"(0, 0)"
134,15,3,2,1,1,2,0.5,1,0,0,1,81.9422984,82.6463865000001,85.3118621000001,85.3117841000001,2.66539760000001,87.4234340999999,88.4326630999999,3.5,0.4,0.6,7,9,24,"(1, 2)"
135,16,3,2,1,0,2,0.35,0,,0,0,88.4386016000001,89.1405665,90.5406997,92.6437353000001,,92.6564999,93.6700349,3.5,0.375,0.625,7,10,24,"(0, 2)"
136,17,3,2,1,2,0,0.35,0,1,0,1,93.6762503,94.3647778,96.0489087000001,96.0488296000001,1.68405180000013,98.1609031,99.1845979,3.5,0.352941176470588,0.647058823529412,7,11,24,"(2, 0)"
137,18,3,2,1,1,0,0.15,0,0,1,1,99.1912404,99.8975845,101.4670163,101.084086,1.18650150000008,103.5942868,104.6090267,3.5,0.388888888888889,0.611111111111111,7,12,24,"(1, 0)"
138,19,3,2,1,1,2,0.5,1,1,1,1,104.6163817,105.316799,107.9733468,107.9732681,2.65646910000009,110.0853292,111.0949314,3.5,0.421052631578947,0.578947368421053,8,12,24,"(1, 2)"
139,20,3,2,1,0,1,0.15,0,0,1,0,111.1014925,111.8043272,114.1639154,114.1638279,2.35950070000013,116.2755032,117.2847781,3.5,0.45,0.55,9,12,24,"(0, 1)"
140,21,3,2,1,1,2,0.5,1,1,1,1,117.2906353,118.0126452,120.2536754,120.2535955,2.24095030000012,122.3655093,123.3734885,3.5,0.476190476190476,0.523809523809524,10,12,24,"(1, 2)"
141,22,3,2,1,0,0,0.5,1,0,0,0,123.3881259,124.0898041,126.7568576,126.7567808,2.66697670000008,128.8686064,129.8776233,3.5,0.454545454545455,0.545454545454545,11,12,24,"(0, 0)"
142,23,3,2,1,1,0,0.15,0,0,1,1,129.8848661,130.6472816,132.2143463,131.8760153,1.22873370000002,134.3442288,135.3496565,3.5,0.478260869565217,0.521739130434783,11,13,24,"(1, 0)"
143,24,3,2,1,0,0,0.5,1,0,0,0,135.3588402,136.0779049,137.7382859,137.7381763,1.66027140000006,139.8500504,140.8685392,3.5,0.458333333333333,0.541666666666667,12,13,24,"(0, 0)"
144,25,3,2,1,1,2,0.5,1,1,1,0,140.8752897,141.52286,143.4685514,143.4684729,1.94561290000001,145.5803906,146.5886609,3.5,0.48,0.52,12,14,24,"(1, 2)"
145,26,3,2,1,0,1,0.15,0,0,1,1,146.5944408,147.306018,149.1024895,149.1024116,1.7963936000001,151.2144801,152.2224133,3.5,0.5,0.5,13,14,24,"(0, 1)"
146,27,3,2,1,2,1,0.5,1,1,1,1,152.2293213,152.9622499,154.612244,154.6121632,1.64991329999998,156.7240607,157.7577332,3.5,0.518518518518518,0.481481481481482,14,14,24,"(2, 1)"
147,28,3,2,1,1,1,0.35,0,0,1,0,157.7851019,158.4822759,159.9480922,159.9480116,1.46573569999987,162.0717479,163.0811522,3.5,0.535714285714286,0.464285714285714,15,14,24,"(1, 1)"
148,29,3,2,1,2,1,0.5,1,1,1,1,163.0879431,164.2949797,166.5275828,165.6760539,1.38107419999983,168.6929513,169.7379604,3.5,0.551724137931034,0.448275862068966,16,14,24,"(2, 1)"
149,30,3,2,1,1,1,0.35,0,0,1,1,169.9246588,170.8994518,172.4621048,172.2280224,1.32857060000015,174.6018769,175.6442361,3.5,0.566666666666667,0.433333333333333,17,14,24,"(1, 1)"
150,31,3,2,1,0,0,0.5,1,1,1,1,175.8151439,176.7126911,178.2615235,178.2614432,1.5487521,180.3860494,181.4155481,3.5,0.580645161290323,0.419354838709677,18,14,24,"(0, 0)"
151,32,3,2,1,2,0,0.35,0,0,1,1,181.4276272,183.3254321,184.9359194,184.7240913,1.39865920000011,187.0782298,188.1146078,3.5,0.59375,0.40625,19,14,24,"(2, 0)"
152,33,3,2,1,0,2,0.35,0,0,1,0,188.2993954,190.0168172,192.242648,192.2425676,2.22575039999992,194.3723576,195.4021539,3.5,0.606060606060606,0.393939393939394,20,14,24,"(0, 2)"
153,34,3,2,1,2,0,0.35,0,1,0,0,195.5342053,196.2721229,198.7010605,198.7009806,2.42885769999998,200.8129533,201.8227729,3.5,0.588235294117647,0.411764705882353,21,14,24,"(2, 0)"
154,35,3,2,1,2,0,0.35,0,0,1,0,201.8298012,202.7039088,204.1840722,204.1839895,1.48008070000014,206.3084568,207.3276658,3.5,0.6,0.4,21,15,24,"(2, 0)"
155,36,3,2,1,0,2,0.35,0,0,1,1,207.3341978,208.6652994,210.2279665,209.9640179,1.29871849999995,212.3598915,213.3869819,3.5,0.611111111111111,0.388888888888889,22,15,24,"(0, 2)"
156,37,3,2,1,2,2,0.15,0,0,1,1,213.5506255,215.3052323,217.2156225,217.2155408,1.91030850000016,219.3438787,220.3750594,3.5,0.621621621621622,0.378378378378378,23,15,24,"(2, 2)"
157,38,3,2,1,2,1,0.5,1,1,1,1,220.4988602,221.2188468,223.3545861,223.3545056,2.1356588000001,225.4662384,226.4750367,3.5,0.631578947368421,0.368421052631579,24,15,24,"(2, 1)"
158,39,3,2,1,1,2,0.5,1,1,1,0,226.4810934,227.1904448,230.0103631,230.0102836,2.81983880000007,232.1223517,233.1302798,3.5,0.641025641025641,0.358974358974359,25,15,24,"(1, 2)"
159,40,3,2,1,1,2,0.5,1,0,0,0,233.1363272,233.8456628,235.437784,235.2360286,1.39036580000015,237.5597205,238.5665266,3.5,0.625,0.375,26,15,24,"(1, 2)"
160,41,3,2,1,1,0,0.15,0,0,1,1,238.5891332,239.2788594,240.8390826,240.3238545,1.04499509999982,242.9454335,243.9653844,3.5,0.634146341463415,0.365853658536585,26,16,24,"(1, 0)"
161,42,3,2,1,2,0,0.35,0,1,0,0,243.9723399,245.2975606,248.7384188,248.7383346,3.44077399999992,250.8510829,251.8597547,3.5,0.619047619047619,0.380952380952381,27,16,24,"(2, 0)"
162,43,3,2,1,2,1,0.5,1,1,1,1,251.8758897,252.6137653,254.0446089,254.0444935,1.43072819999998,256.168281,257.1823791,3.5,0.627906976744186,0.372093023255814,27,17,24,"(2, 1)"
163,44,3,2,1,2,1,0.5,1,1,1,1,257.1882892,257.8914512,259.4821495,259.067852,1.17640079999978,261.597035,262.6162612,3.5,0.636363636363636,0.363636363636364,28,17,24,"(2, 1)"
164,45,3,2,1,1,1,0.35,0,0,1,1,262.6237453,263.4968979,265.1044428,264.8438436,1.34694569999988,267.224538,268.2412069,3.5,0.644444444444444,0.355555555555556,29,17,24,"(1, 1)"
165,46,3,2,1,1,1,0.35,0,0,1,0,268.2597996,269.0206575,270.6263466,270.6262645,1.60560699999996,272.749981,273.7590953,3.5,0.652173913043478,0.347826086956522,30,17,24,"(1, 1)"
166,47,3,2,1,0,2,0.35,0,0,1,0,273.7848494,274.5713359,276.048981,276.0488994,1.47756350000009,278.1726187,279.1891085,3.5,0.659574468085106,0.340425531914894,31,17,24,"(0, 2)"
167,48,3,2,1,1,2,0.5,1,1,1,0,279.1957198,281.354357,282.920862,282.5640694,1.20971240000017,285.064021,286.0911095,3.5,0.666666666666667,0.333333333333333,32,17,24,"(1, 2)"
168,49,3,2,1,1,2,0.5,1,1,1,1,286.2627138,286.9990441,288.5709674,288.5708847,1.57184060000009,290.6944363,291.7148042,3.5,0.673469387755102,0.326530612244898,33,17,24,"(1, 2)"
169,50,3,2,1,0,0,0.5,1,1,1,1,291.7218355,293.6923544,295.1962005,295.1961151,1.50376069999993,297.329807,298.3631785,3.5,0.68,0.32,34,17,24,"(0, 0)"
170,51,3,2,1,0,0,0.5,1,1,1,1,298.5210306,299.2656726,300.8552737,300.3960488,1.1303762,302.9769497,303.9975022,3.5,0.686274509803922,0.313725490196078,35,17,24,"(0, 0)"
171,52,3,2,1,2,2,0.15,0,0,1,1,304.0099298,304.9830055,306.9565825,306.956497,1.97349149999991,309.0692793,310.0787405,3.5,0.692307692307692,0.307692307692308,36,17,24,"(2, 2)"
172,53,3,2,1,1,1,0.35,0,0,1,0,310.111244,310.8315259,312.5912895,312.5912111,1.75968519999992,314.7033564,315.7112453,3.5,0.69811320754717,0.30188679245283,37,17,24,"(1, 1)"
173,54,3,2,1,0,0,0.5,1,1,1,1,315.7230941,316.6120091,319.0154562,317.7400811,1.12807199999997,321.1768759,322.2269895,3.5,0.703703703703704,0.296296296296296,38,17,24,"(0, 0)"
174,55,3,2,1,0,0,0.5,1,1,1,1,322.4234519,323.4832909,325.0642146,324.7477989,1.26450799999998,327.1852007,328.2001375,3.5,0.709090909090909,0.290909090909091,39,17,24,"(0, 0)"
175,56,3,2,1,0,1,0.15,0,0,1,1,328.2142423,328.9045027,330.3359276,330.3358452,1.43134250000003,332.4595968,333.4787602,3.5,0.714285714285714,0.285714285714286,40,17,24,"(0, 1)"
176,57,3,2,1,2,1,0.5,1,1,1,1,333.4923693,334.2547774,335.9674184,335.9673368,1.71255940000015,338.0774535,339.1012893,3.5,0.719298245614035,0.280701754385965,41,17,24,"(2, 1)"
177,58,3,2,1,1,2,0.5,1,1,1,1,339.1075389,341.4589962,343.0387322,342.5480352,1.08903899999996,345.1877205,346.2404456,3.5,0.724137931034483,0.275862068965517,42,17,24,"(1, 2)"
178,59,3,2,1,2,1,0.5,1,1,1,0,346.4370276,348.2307996,350.1129899,350.1129074,1.88210780000009,352.2424475,353.2724433,3.5,0.728813559322034,0.271186440677966,43,17,24,"(2, 1)"
179,60,3,2,1,0,2,0.35,0,0,1,0,353.4400794,354.1973444,356.3445269,355.3319644,1.13462000000004,358.4692863,359.4984187,3.5,0.733333333333333,0.266666666666667,44,17,24,"(0, 2)"
180,1,4,3,2,1,2,0.5,1,1,1,1,0.0031291000000237,0.742098799999894,3.25044849999995,3.25028139999995,2.50818260000005,5.36797039999988,6.3765507999999,3.5,1.0,0.0,1,1,24,"(1, 2)"
181,2,4,3,2,0,0,0.5,1,1,1,1,6.41788989999986,7.12040239999988,9.42809269999998,9.42801409999993,2.30761170000005,11.539888,12.5480115,3.5,1.0,0.0,2,1,24,"(0, 0)"
182,3,4,3,2,1,2,0.5,1,1,1,0,12.6420326999998,13.3579373999999,15.4383456,15.4382679999999,2.08033060000002,17.5502787,18.5584394999998,3.5,1.0,0.0,3,1,24,"(1, 2)"
183,4,4,3,2,1,1,0.35,0,0,1,0,18.5708932,19.2681361,21.3361253,21.3360456999999,2.06790959999989,23.4480300999999,24.4561937999999,3.5,1.0,0.0,4,1,24,"(1, 1)"
184,5,4,3,2,2,0,0.35,0,0,1,1,24.4777093999999,25.1729952000001,27.1657716,27.1656920999999,1.99269689999983,29.2775558999999,30.2856268,3.5,1.0,0.0,5,1,24,"(2, 0)"
185,6,4,3,2,0,1,0.15,0,0,1,1,30.2913715,30.9926888,32.4851358999999,32.4850524999999,1.49236369999994,34.6088540999999,35.6245471,3.5,1.0,0.0,6,1,24,"(0, 1)"
186,7,4,3,2,1,0,0.15,0,0,1,1,35.6305848,36.3228164,38.2393767999999,38.2392966,1.91648020000002,40.3512923999999,41.3600925999999,3.5,1.0,0.0,7,1,24,"(1, 0)"
187,8,4,3,2,0,2,0.35,0,0,1,1,41.3708873,42.0689247999999,43.7790831,43.7789984999999,1.71007370000007,45.8910234,46.914833,3.5,1.0,0.0,8,1,24,"(0, 2)"
188,9,4,3,2,0,2,0.35,0,0,1,1,46.9206231999999,47.6142264,49.3014458,49.3013638999998,1.68713749999984,51.4133374999999,52.4306483999999,3.5,1.0,0.0,9,1,24,"(0, 2)"
189,10,4,3,2,2,2,0.15,0,1,0,0,52.4364831,53.1292917999999,54.9466433,54.9465633,1.81727150000006,57.0584853999999,58.072285,3.5,0.9,0.1,10,1,24,"(2, 2)"
190,11,4,3,2,2,0,0.35,0,0,1,0,58.0868444,58.794177,60.5985816,60.5985008,1.80432380000002,62.7103288999999,63.7183522999999,3.5,0.909090909090909,0.0909090909090909,10,2,24,"(2, 0)"
191,12,4,3,2,2,0,0.35,0,0,1,1,63.7258064999999,64.4261515999999,65.9898787,65.9897968,1.56364520000011,68.1135147,69.1339556,3.5,0.916666666666667,0.0833333333333334,11,2,24,"(2, 0)"
192,13,4,3,2,2,1,0.5,1,1,1,1,69.1404061000001,69.8407006999998,71.5030145000001,71.5029331999999,1.66223250000007,73.6148054999999,74.6326630999999,3.5,0.923076923076923,0.0769230769230769,12,2,24,"(2, 1)"
193,14,4,3,2,0,2,0.35,0,0,1,1,74.6399945999999,75.3917512999999,76.8064176,76.8063367,1.41458540000008,78.9299876999999,79.9366407999999,3.5,0.928571428571429,0.0714285714285714,13,2,24,"(0, 2)"
194,15,4,3,2,2,1,0.5,1,1,1,0,79.9439295,80.7374780999999,82.668013,82.6679351999999,1.93045710000001,84.7799676,85.7880115999999,3.5,0.933333333333333,0.0666666666666667,14,2,24,"(2, 1)"
195,16,4,3,2,0,0,0.5,1,0,0,0,85.7935861999999,86.5162189,88.0848980999999,87.5390797,1.02286079999999,90.1868440999999,91.1934076999999,3.5,0.875,0.125,15,2,24,"(0, 0)"
196,17,4,3,2,1,2,0.5,1,1,1,1,91.2044361000001,91.8491463,93.6300538999999,93.6299750000001,1.78082870000003,95.7417627,96.7499292,3.5,0.882352941176471,0.117647058823529,15,3,24,"(1, 2)"
197,18,4,3,2,1,2,0.5,1,1,1,0,96.7645353999999,97.4793769999999,99.2800328999999,99.2799536,1.80057660000011,101.3918717,102.4038751,3.5,0.888888888888889,0.111111111111111,16,3,24,"(1, 2)"
198,19,4,3,2,0,2,0.35,0,0,1,0,102.4096644,103.1379576,104.728129,104.1392271,1.00126950000003,106.8372406,107.8641736,3.5,0.894736842105263,0.105263157894737,17,3,24,"(0, 2)"
199,20,4,3,2,1,2,0.5,1,1,1,1,107.8706725,108.5885294,110.0694496,110.0693664,1.48083700000007,112.1929145,113.2074108,3.5,0.9,0.1,18,3,24,"(1, 2)"
200,21,4,3,2,0,2,0.35,0,0,1,1,113.2137467,113.9129516,115.4759754,114.7470903,0.834138699999812,117.5888076,118.6072422,3.5,0.904761904761905,0.0952380952380952,19,3,24,"(0, 2)"
201,22,4,3,2,0,0,0.5,1,1,1,1,118.6158056,119.321605,120.9019309,120.4513285,1.12972350000018,123.0262677,124.0372522,3.5,0.909090909090909,0.0909090909090909,20,3,24,"(0, 0)"
202,23,4,3,2,1,1,0.35,0,0,1,1,124.0492997,124.7460013,126.2957711,126.1391038,1.39310249999994,128.4164223,129.4225806,3.5,0.91304347826087,0.0869565217391305,21,3,24,"(1, 1)"
203,24,4,3,2,2,1,0.5,1,1,1,1,129.4549919,130.1675942,131.7775065,131.7774239,1.60982970000009,133.8893532,134.8971116,3.5,0.916666666666667,0.0833333333333334,22,3,24,"(2, 1)"
204,25,4,3,2,2,1,0.5,1,1,1,1,134.9027485,135.6432369,137.19713,136.6353096,0.992072700000108,139.2990921,140.3129331,3.5,0.92,0.08,23,3,24,"(2, 1)"
205,26,4,3,2,0,2,0.35,0,0,1,1,140.318614,141.042423,142.5995804,142.2670557,1.22463270000003,144.728345,145.7434221,3.5,0.923076923076923,0.0769230769230769,24,3,24,"(0, 2)"
206,27,4,3,2,1,2,0.5,1,1,1,0,145.7544057,146.4430498,148.4380117,148.4379309,1.99488109999993,150.5498146,151.5579096,3.5,0.925925925925926,0.0740740740740741,25,3,24,"(1, 2)"
207,28,4,3,2,2,1,0.5,1,1,1,0,151.5636844,152.3666945,153.9451328,153.7392836,1.37258909999991,156.0659495,157.0828113,3.5,0.928571428571429,0.0714285714285714,26,3,24,"(2, 1)"
208,29,4,3,2,1,2,0.5,1,1,1,1,157.0887612,157.785905,159.4195621,159.41948,1.63357500000006,161.550188,162.5695475,3.5,0.931034482758621,0.0689655172413793,27,3,24,"(1, 2)"
209,30,4,3,2,1,1,0.35,0,0,1,0,162.5840639,163.2105805,164.774075,164.3310884,1.12050790000012,166.8873846,167.8995934,3.5,0.933333333333333,0.0666666666666667,28,3,24,"(1, 1)"
210,31,4,3,2,1,2,0.5,1,1,1,1,167.9052272,168.6157651,170.2535632,170.2534803,1.6377152,172.36542,173.3829246,3.5,0.935483870967742,0.0645161290322581,29,3,24,"(1, 2)"
211,32,4,3,2,0,1,0.15,0,0,1,1,173.3941945,174.0825887,175.6365701,175.4512857,1.36869700000011,177.7519481,178.759445,3.5,0.9375,0.0625,30,3,24,"(0, 1)"
212,33,4,3,2,0,0,0.5,1,1,1,0,178.7659981,179.4542994,181.0522616,180.5310767,1.0767773,183.1822117,184.1896517,3.5,0.939393939393939,0.0606060606060606,31,3,24,"(0, 0)"
213,34,4,3,2,0,0,0.5,1,1,1,1,184.1977898,184.8823928,186.443839,185.7952688,0.912876000000097,188.5461759,189.5548933,3.5,0.941176470588235,0.0588235294117647,32,3,24,"(0, 0)"
214,35,4,3,2,1,0,0.15,0,0,1,1,189.5624521,190.253129,191.8306654,191.3151983,1.06206930000008,193.9579381,194.9807947,3.5,0.942857142857143,0.0571428571428572,33,3,24,"(1, 0)"
215,36,4,3,2,2,1,0.5,1,1,1,1,194.9874706,195.8712531,197.8708881,197.1392046,1.26795149999998,200.0379245,201.0801679,3.5,0.944444444444444,0.0555555555555556,34,3,24,"(2, 1)"
216,37,4,3,2,2,1,0.5,1,1,1,1,201.2987573,202.99406,204.5995884,203.9550451,0.960985100000016,206.7179466,207.7550138,3.5,0.945945945945946,0.0540540540540541,35,3,24,"(2, 1)"
217,38,4,3,2,0,2,0.35,0,0,1,1,207.8909478,208.6189568,210.8747435,210.87466,2.25570319999997,212.9866815,213.9948648,3.5,0.947368421052632,0.0526315789473685,36,3,24,"(0, 2)"
218,39,4,3,2,1,1,0.35,0,0,1,0,214.0017893,214.7610505,216.3307527,215.8912348,1.13018429999988,218.4610595,219.4667199,3.5,0.948717948717949,0.0512820512820513,37,3,24,"(1, 1)"
219,40,4,3,2,2,0,0.35,0,0,1,0,219.4735594,220.4849893,222.2789934,221.7872419,1.30225259999997,224.4265561,225.4854678,3.5,0.95,0.05,38,3,24,"(2, 0)"
220,41,4,3,2,1,1,0.35,0,0,1,1,225.6875339,227.6982916,229.3382944,228.859076,1.16078440000001,231.4691422,232.5097282,3.5,0.951219512195122,0.0487804878048781,39,3,24,"(1, 1)"
221,42,4,3,2,2,1,0.5,1,1,1,1,232.6480464,233.7735251,235.6604491,234.6512105,0.877685400000018,237.8213647,238.8540077,3.5,0.952380952380952,0.0476190476190477,40,3,24,"(2, 1)"
222,43,4,3,2,1,0,0.15,0,0,1,1,239.0455322,240.5217822,242.5430168,241.7070685,1.18528629999992,244.7019501,245.7408577,3.5,0.953488372093023,0.0465116279069767,41,3,24,"(1, 0)"
223,44,4,3,2,0,0,0.5,1,1,1,0,245.8997513,247.7124851,249.3767144,249.3766238,1.66413870000019,251.5043159,252.5377365,3.5,0.954545454545455,0.0454545454545454,42,3,24,"(0, 0)"
224,45,4,3,2,2,0,0.35,0,0,1,1,252.7146929,253.4664992,255.0873272,254.6110366,1.14453739999999,257.2136718,258.2275644,3.5,0.955555555555556,0.0444444444444444,43,3,24,"(2, 0)"
225,46,4,3,2,2,1,0.5,1,1,1,1,258.2411532,258.9678135,260.5672973,259.9472864,0.979472900000019,262.6697564,263.683047,3.5,0.956521739130435,0.0434782608695652,44,3,24,"(2, 1)"
226,47,4,3,2,2,0,0.35,0,0,1,1,263.6913207,264.4492112,266.8288425,265.435223,0.986011799999915,269.0015809,270.0450402,3.5,0.957446808510638,0.0425531914893617,45,3,24,"(2, 0)"
227,48,4,3,2,2,2,0.15,0,0,1,1,270.2519323,271.3984587,272.9864485,272.9863666,1.58790789999989,275.1151443,276.1317183,3.5,0.958333333333333,0.0416666666666666,46,3,24,"(2, 2)"
228,49,4,3,2,0,0,0.5,1,1,1,1,276.1563199,278.1480241,279.8666556,279.8665701,1.71854600000006,281.9943174,283.0372542,3.5,0.959183673469388,0.0408163265306123,47,3,24,"(0, 0)"
229,50,4,3,2,1,2,0.5,1,1,1,0,283.206122,284.6156712,287.2229323,285.795295,1.17962379999994,289.4118307,290.4664993,3.5,0.96,0.04,48,3,24,"(1, 2)"
230,51,4,3,2,0,0,0.5,1,1,1,1,290.6424616,291.7997505,293.3947162,292.4831708,0.683420300000307,295.5031765,296.5113948,3.5,0.96078431372549,0.0392156862745098,49,3,24,"(0, 0)"
231,52,4,3,2,0,0,0.5,1,1,1,0,296.5238205,298.5646203,300.1683719,299.5550136,0.990393300000051,302.2929714,303.3289215,3.5,0.961538461538462,0.0384615384615384,50,3,24,"(0, 0)"
232,53,4,3,2,2,2,0.15,0,0,1,0,303.5403628,304.2902062,306.1642404,305.5631754,1.27296920000026,308.3642499,309.4277541,3.5,0.962264150943396,0.0377358490566038,51,3,24,"(2, 2)"
233,54,4,3,2,0,0,0.5,1,1,1,1,309.6058703,310.9697208,313.4778492,311.5953109,0.625590099999954,315.6259831,316.6638234,3.5,0.962962962962963,0.0370370370370371,52,3,24,"(0, 0)"
234,55,4,3,2,2,1,0.5,1,1,1,1,316.8346827,317.615301,319.935841,318.6432493,1.02794829999993,322.0943219,323.1394446,3.5,0.963636363636364,0.0363636363636364,53,3,24,"(2, 1)"
235,56,4,3,2,1,1,0.35,0,0,1,1,323.3568058,324.7972602,326.4115476,325.7952085,0.997948300000189,328.5306811,329.5481838,3.5,0.964285714285714,0.0357142857142857,54,3,24,"(1, 1)"
236,57,4,3,2,1,2,0.5,1,,0,0,329.5763516,330.3167185,331.7218742,333.8203146,,333.862092,334.9674721,3.5,0.947368421052632,0.0526315789473685,55,3,24,"(1, 2)"
237,58,4,3,2,2,0,0.35,0,0,1,1,334.9835933,335.7471335,337.3826478,336.7310118,0.983878300000015,339.4919221,340.505419,3.5,0.948275862068966,0.0517241379310345,55,4,24,"(2, 0)"
238,59,4,3,2,0,1,0.15,0,0,1,0,340.5195047,341.2220487,342.883739,342.8836561,1.66160739999987,344.9957032,346.0121571,3.5,0.949152542372881,0.0508474576271186,56,4,24,"(0, 1)"
239,60,4,3,2,1,1,0.35,0,0,1,0,346.0235299,346.9210131,349.3094327,348.0431961,1.12218299999995,351.4853529,352.5336102,3.5,0.95,0.05,57,4,24,"(1, 1)"
0,1,1,0,3,0,2,0.15,0,1,0,0,0.0096715999999332,0.668639799999937,2.93292309999993,2.93276800000001,2.26412820000007,5.05530439999995,6.07266779999998,3.5,0.0,1.0,1,1,15,"(0, 2)"
1,2,1,0,3,2,2,0.5,1,1,1,1,6.21972029999995,6.83218920000002,9.38057259999994,9.3804255,2.54823629999999,11.4928004,12.5010512,3.5,0.5,0.5,1,2,15,"(2, 2)"
2,3,1,0,3,2,0,0.35,0,0,1,1,12.5747282,13.1842854,15.6138933,15.6137368,2.42945139999995,17.7261625,18.7350517,3.5,0.666666666666667,0.333333333333333,2,2,15,"(2, 0)"
3,4,1,0,3,0,1,0.35,0,0,1,0,18.7511071,19.372831,21.7009316,21.700797,2.32796599999995,23.81296,24.8211441,3.5,0.75,0.25,3,2,15,"(0, 1)"
4,5,1,0,3,2,1,0.15,0,0,1,1,24.8325315,25.4444837999999,27.6130544,27.6127599,2.16827610000007,29.7273824,30.7344468,3.5,0.8,0.2,4,2,15,"(2, 1)"
5,6,1,0,3,1,1,0.5,1,1,1,1,30.7569611,31.3706197,34.2167968,34.2165877,2.84596799999997,36.3285194,37.3374433,3.5,0.833333333333333,0.166666666666667,5,2,15,"(1, 1)"
6,7,1,0,3,1,0,0.15,0,0,1,1,37.3455248,37.9559340999999,40.6444336,40.6443606,2.68842650000011,42.7563723999999,43.7644799,3.5,0.857142857142857,0.142857142857143,6,2,15,"(1, 0)"
7,8,1,0,3,2,1,0.15,0,,0,0,43.7712481999999,44.3933052,45.7934471,47.8962955,,47.9087986999999,48.9229269,3.5,0.75,0.25,7,2,15,"(2, 1)"
8,9,1,0,3,2,0,0.35,0,1,0,1,48.9298913,49.5374383999999,51.498386,51.4983148,1.96087640000007,53.6101308999999,54.6182692,3.5,0.666666666666667,0.333333333333333,7,3,15,"(2, 0)"
9,10,1,0,3,0,1,0.35,0,0,1,1,54.6258027,55.2399636,57.1111774,57.1111062,1.87114259999998,59.2229503,60.2310811,3.5,0.7,0.3,7,4,15,"(0, 1)"
10,11,1,0,3,0,2,0.15,0,1,0,0,60.2366112,60.8529043999999,62.4979238,62.4978421,1.64493770000001,64.6097417999999,65.6266115,3.5,0.636363636363636,0.363636363636364,8,4,15,"(0, 2)"
11,12,1,0,3,1,2,0.35,0,1,0,0,65.6321614999999,66.2470766,68.0927452999999,68.0926737,1.84559709999996,70.2045876,71.2127254999999,3.5,0.583333333333333,0.416666666666667,8,5,15,"(1, 2)"
12,13,1,0,3,0,0,0.5,1,0,0,0,71.2193281999999,71.8342752,73.6449196999999,73.6448485,1.81057329999999,75.7568802999999,76.7648641,3.5,0.538461538461538,0.461538461538462,8,6,15,"(0, 0)"
13,14,1,0,3,2,0,0.35,0,1,0,0,76.7712269,77.3914601,79.4654024,79.4653317,2.07387159999996,81.5772819,82.5857652999999,3.5,0.5,0.5,8,7,15,"(2, 0)"
14,15,1,0,3,0,1,0.35,0,0,1,0,82.5921450999999,83.2128640999999,85.0408307,85.0407604,1.82789630000002,87.1526787,88.161204,3.5,0.533333333333333,0.466666666666667,8,8,15,"(0, 1)"
15,16,1,0,3,0,0,0.5,1,1,1,1,88.1678118999999,88.7892342,90.8983155,90.8982453,2.10901109999998,93.010217,94.0184383,3.5,0.5625,0.4375,9,8,15,"(0, 0)"
16,17,1,0,3,2,2,0.5,1,1,1,0,94.032749,94.6534571,96.6889100999999,96.6888379,2.03538079999998,98.8009286,99.8090275,3.5,0.588235294117647,0.411764705882353,10,8,15,"(2, 2)"
17,18,1,0,3,0,0,0.5,1,1,1,1,99.8167079999999,100.430818,102.7724187,102.7723467,2.34152870000003,104.8842204,105.8924113,3.5,0.611111111111111,0.388888888888889,11,8,15,"(0, 0)"
18,19,1,0,3,1,1,0.5,1,1,1,1,105.8979901,106.5138945,108.6602426,108.6601708,2.14627629999995,110.7719667,111.7802866,3.5,0.631578947368421,0.368421052631579,12,8,15,"(1, 1)"
19,20,1,0,3,2,0,0.35,0,0,1,0,111.7874805,112.4085883,114.4524688,114.4523971,2.04380879999997,116.5644387,117.5732334,3.5,0.65,0.35,13,8,15,"(2, 0)"
20,21,1,0,3,0,0,0.5,1,1,1,1,117.5796622,118.200247,120.1561518,120.1560765,1.95582949999994,122.2679568,123.2760959,3.5,0.666666666666667,0.333333333333333,14,8,15,"(0, 0)"
21,22,1,0,3,1,2,0.35,0,1,0,1,123.2836144,123.8974446,126.2687149,126.2686406,2.37119600000005,128.3805939,129.3888648,3.5,0.636363636363636,0.363636363636364,15,8,15,"(1, 2)"
22,23,1,0,3,0,1,0.35,0,0,1,0,129.4037325,130.0255143,131.9285404,131.9284676,1.90295330000004,134.0403631,135.0488506,3.5,0.652173913043478,0.347826086956522,15,9,15,"(0, 1)"
23,24,1,0,3,1,1,0.5,1,1,1,1,135.0563261,135.6745696,137.6540269,137.6539539,1.97938429999999,139.765971,140.774008,3.5,0.666666666666667,0.333333333333333,16,9,15,"(1, 1)"
24,25,1,0,3,1,1,0.5,1,1,1,0,140.7797596,141.393721,143.2845636,143.2844908,1.89076979999993,145.3963352,146.4046531,3.5,0.68,0.32,17,9,15,"(1, 1)"
25,26,1,0,3,1,2,0.35,0,0,1,1,146.4122645,147.0270658,149.3275604,149.3274902,2.3004244,151.4393984,152.4476908,3.5,0.692307692307692,0.307692307692308,18,9,15,"(1, 2)"
26,27,1,0,3,2,0,0.35,0,0,1,1,152.454022,153.0750495,155.502549,155.5024756,2.42742610000005,157.6142795,158.6224945,3.5,0.703703703703704,0.296296296296296,19,9,15,"(2, 0)"
27,28,1,0,3,0,1,0.35,0,1,0,0,158.6289246,159.2496597,161.2544543,161.2543808,2.00472109999998,163.3662804,164.3744492,3.5,0.678571428571429,0.321428571428571,20,9,15,"(0, 1)"
28,29,1,0,3,1,0,0.15,0,0,1,1,164.3810834,165.0024116,167.5387084,167.5386365,2.53622489999998,169.6505527,170.6588074,3.5,0.689655172413793,0.310344827586207,20,10,15,"(1, 0)"
29,30,1,0,3,0,0,0.5,1,0,0,1,170.6732025,171.2950722,173.1507938,173.1507221,1.8556499,175.2626413,176.2713368,3.5,0.666666666666667,0.333333333333333,21,10,15,"(0, 0)"
30,31,1,0,3,0,2,0.15,0,0,1,1,176.2769609,176.8973431,178.9593651,178.9592919,2.06194879999998,181.0712118,182.0793339,3.5,0.67741935483871,0.32258064516129,21,11,15,"(0, 2)"
31,32,1,0,3,0,0,0.5,1,0,0,0,182.0853921,182.7064619,184.6320959,184.6320248,1.92556289999993,186.7438503,187.7522517,3.5,0.65625,0.34375,22,11,15,"(0, 0)"
32,33,1,0,3,2,2,0.5,1,1,1,1,187.758653,188.3784207,190.2517675,190.2516949,1.87327419999997,192.3636442,193.3716139,3.5,0.666666666666667,0.333333333333333,22,12,15,"(2, 2)"
33,34,1,0,3,1,1,0.5,1,0,0,0,193.3773,193.9989293,196.699274,196.699202,2.70027270000003,198.8110673,199.8191156,3.5,0.647058823529412,0.352941176470588,23,12,15,"(1, 1)"
34,35,1,0,3,1,1,0.5,1,0,0,1,199.8253812,200.4471018,202.4502346,202.4501626,2.00306080000007,204.5620055,205.5702103,3.5,0.628571428571429,0.371428571428571,23,13,15,"(1, 1)"
35,36,1,0,3,2,0,0.35,0,1,0,0,205.5843984,206.193996,208.2096882,208.2096163,2.01562030000002,210.3215621,211.3296033,3.5,0.611111111111111,0.388888888888889,23,14,15,"(2, 0)"
36,37,1,0,3,2,2,0.5,1,0,0,0,211.3353743,211.9569859,214.6209309,214.620858,2.66387210000005,216.7328274,217.7409467,3.5,0.594594594594595,0.405405405405405,23,15,15,"(2, 2)"
37,38,1,0,3,1,1,0.5,1,1,1,0,217.7467145,218.3685517,221.0110191,221.0109464,2.64239469999995,223.1228546,224.1309201,3.5,0.605263157894737,0.394736842105263,23,16,15,"(1, 1)"
38,39,1,0,3,0,1,0.35,0,0,1,1,224.1378312,224.7594092,227.1306196,227.1305469,2.37113770000008,229.2424532,230.2506101,3.5,0.615384615384615,0.384615384615385,24,16,15,"(0, 1)"
39,40,1,0,3,0,0,0.5,1,0,0,0,230.2574671,230.8775814,232.8099447,232.8098724,1.93229100000008,234.9217153,235.9302232,3.5,0.6,0.4,25,16,15,"(0, 0)"
40,41,1,0,3,0,0,0.5,1,0,0,1,235.9366268,236.5514166,239.0911079,239.0910343,2.53961770000001,241.2028121,242.2109628,3.5,0.585365853658537,0.414634146341463,25,17,15,"(0, 0)"
41,42,1,0,3,2,2,0.5,1,1,1,1,242.2256614,242.8467619,245.2126627,245.2125883,2.36582640000006,247.3244123,248.3318183,3.5,0.595238095238095,0.404761904761905,25,18,15,"(2, 2)"
42,43,1,0,3,0,1,0.35,0,0,1,0,248.3385097,248.954478,251.659964,251.6598912,2.70541319999995,253.7717113,254.7797445,3.5,0.604651162790698,0.395348837209302,26,18,15,"(0, 1)"
43,44,1,0,3,1,1,0.5,1,0,0,1,254.7854112,255.4067235,258.3884192,258.3883455,2.98162200000002,260.5001323,261.5082385,3.5,0.590909090909091,0.409090909090909,27,18,15,"(1, 1)"
44,45,1,0,3,2,2,0.5,1,1,1,0,261.5147304,262.1293168,264.008518,264.0084447,1.87912789999996,266.1203644,267.1285343,3.5,0.6,0.4,27,19,15,"(2, 2)"
45,46,1,0,3,2,0,0.35,0,1,0,0,267.135138,267.7557082,269.5231243,269.5230506,1.76734239999996,271.6350088,272.642988,3.5,0.58695652173913,0.41304347826087,28,19,15,"(2, 0)"
46,47,1,0,3,2,2,0.5,1,1,1,1,272.6486361,273.2706502,275.2282399,275.228168,1.95751780000001,277.3401375,278.3482603,3.5,0.595744680851064,0.404255319148936,28,20,15,"(2, 2)"
47,48,1,0,3,1,1,0.5,1,,0,0,278.355247,278.976347,280.376453,282.479249,,282.4912321,283.5057211,3.5,0.583333333333333,0.416666666666667,29,20,15,"(1, 1)"
48,49,1,0,3,2,1,0.15,0,0,1,1,283.5202144,284.1148688,285.9147238,285.9146507,1.79978189999997,288.026455,289.0346662,3.5,0.591836734693878,0.408163265306122,29,21,15,"(2, 1)"
49,50,1,0,3,1,2,0.35,0,1,0,0,289.0412805,289.6549463,291.2048599,291.2047869,1.54984059999992,293.3284663,294.3476406,3.5,0.58,0.42,30,21,15,"(1, 2)"
50,51,1,0,3,2,2,0.5,1,1,1,1,294.3541438,294.9633989,296.7324195,296.7323445,1.76894559999994,298.8443468,299.8523282,3.5,0.588235294117647,0.411764705882353,30,22,15,"(2, 2)"
51,52,1,0,3,1,2,0.35,0,0,1,0,299.8579962,300.4719937,302.3098607,302.3097864,1.83779270000002,304.4216867,305.4298523,3.5,0.596153846153846,0.403846153846154,31,22,15,"(1, 2)"
52,53,1,0,3,2,2,0.5,1,1,1,0,305.4356358,306.0574962,307.6662994,307.6662257,1.60872949999998,309.7969307,310.8163012,3.5,0.60377358490566,0.39622641509434,32,22,15,"(2, 2)"
53,54,1,0,3,1,2,0.35,0,1,0,1,310.8227332,311.4299912,313.277412,313.2773377,1.84734649999996,315.3892163,316.3972876,3.5,0.592592592592593,0.407407407407407,33,22,15,"(1, 2)"
54,55,1,0,3,0,0,0.5,1,1,1,1,316.4119512,317.0242716,319.1950843,319.19501,2.1707384,321.3069822,322.3149643,3.5,0.6,0.4,33,23,15,"(0, 0)"
55,56,1,0,3,0,0,0.5,1,0,0,0,322.3205629,322.9357422,324.7773821,324.7773087,1.8415665,326.8892308,327.8976328,3.5,0.589285714285714,0.410714285714286,34,23,15,"(0, 0)"
56,57,1,0,3,1,1,0.5,1,0,0,0,327.9043258,328.531747,330.9548279,330.9547541,2.42300709999995,333.066684,334.0747852,3.5,0.578947368421053,0.421052631578947,34,24,15,"(1, 1)"
57,58,1,0,3,1,0,0.15,0,1,0,0,334.0811346,334.7283969,336.4749614,336.4748862,1.74648930000001,338.5868394,339.5963308,3.5,0.568965517241379,0.431034482758621,34,25,15,"(1, 0)"
58,59,1,0,3,2,2,0.5,1,1,1,1,339.6030784,340.2491941,341.7741209,341.7740464,1.52485230000002,343.8977494,344.9098094,3.5,0.576271186440678,0.423728813559322,34,26,15,"(2, 2)"
59,60,1,0,3,1,2,0.35,0,1,0,0,344.9161654,345.634301,347.2902072,347.2901258,1.6558248,349.4018376,350.4180108,3.5,0.566666666666667,0.433333333333333,35,26,15,"(1, 2)"
60,1,2,1,1,2,0,0.35,0,1,0,0,8.51999999440523e-05,0.738028200000031,2.53989799999999,2.53981759999999,1.80178939999996,4.65171699999996,5.660302,3.5,0.0,1.0,1,1,15,"(2, 0)"
61,2,2,1,1,1,2,0.35,0,1,0,0,5.67253370000003,6.38930500000004,8.11521459999994,8.11513309999998,1.72582809999994,10.2246689,11.2487715,3.5,0.0,1.0,1,2,15,"(1, 2)"
62,3,2,1,1,0,1,0.35,0,1,0,1,11.2586043,11.9843369,13.6698343,13.6697548,1.68541789999995,15.7933309,16.8175414,3.5,0.0,1.0,1,3,15,"(0, 1)"
63,4,2,1,1,1,2,0.35,0,1,0,0,16.8238123,17.545002,19.83044,19.8303605999999,2.2853586,21.9421622,22.9503434,3.5,0.0,1.0,1,4,15,"(1, 2)"
64,5,2,1,1,0,1,0.35,0,1,0,0,22.9576565,23.6766209,25.912481,25.9124038,2.2357829,28.0242746,29.0323007,3.5,0.0,1.0,1,5,15,"(0, 1)"
65,6,2,1,1,0,0,0.5,1,1,1,1,29.0464683,29.7365991,31.5764310999999,31.5763507999999,1.83975169999985,33.6883199,34.6975239,3.5,0.166666666666667,0.833333333333333,1,6,15,"(0, 0)"
66,7,2,1,1,1,0,0.15,0,0,1,1,34.7049966000001,35.4227913999999,37.1566451,37.1565681999999,1.73377679999999,39.2685189,40.2766382000001,3.5,0.285714285714286,0.714285714285714,2,6,15,"(1, 0)"
67,8,2,1,1,1,1,0.5,1,1,1,0,40.2829888,41.0083062,42.8129680999999,42.8128874,1.80458120000003,44.9247392999999,45.9329554,3.5,0.375,0.625,3,6,15,"(1, 1)"
68,9,2,1,1,2,2,0.5,1,1,1,0,45.9393976,46.6441963000001,48.6833484,48.6832674000001,2.0390711,50.7952862999999,51.8032829,3.5,0.444444444444444,0.555555555555556,4,6,15,"(2, 2)"
69,10,2,1,1,2,2,0.5,1,0,0,0,51.8094500999999,52.534049,54.4446508,54.4445714,1.91052239999999,56.5564814999999,57.5673389,3.5,0.4,0.6,5,6,15,"(2, 2)"
70,11,2,1,1,0,0,0.5,1,1,1,1,57.5730261,58.4411303000001,60.4029786,60.4028956999999,1.96176539999988,62.5147169000001,63.5227507000001,3.5,0.454545454545455,0.545454545454545,5,7,15,"(0, 0)"
71,12,2,1,1,2,2,0.5,1,1,1,1,63.5299842000001,64.2714004000001,66.3237485999999,66.3236742,2.05227379999997,68.435621,69.4437079999999,3.5,0.5,0.5,6,7,15,"(2, 2)"
72,13,2,1,1,1,1,0.5,1,1,1,1,69.4581413,70.1897929,72.1635826999999,72.163508,1.97371509999994,74.2754071999999,75.2836733999999,3.5,0.538461538461538,0.461538461538462,7,7,15,"(1, 1)"
73,14,2,1,1,0,0,0.5,1,1,1,0,75.2893559999999,76.0296611,78.4368066000001,78.4367309999999,2.4070698999999,80.5486261,81.5567827000001,3.5,0.571428571428571,0.428571428571429,8,7,15,"(0, 0)"
74,15,2,1,1,0,0,0.5,1,1,1,1,81.5640778999999,82.3045459000001,84.263077,84.2630037,1.95845779999991,86.3748770999999,87.3829081,3.5,0.6,0.4,9,7,15,"(0, 0)"
75,16,2,1,1,0,0,0.5,1,1,1,1,87.3901345999999,88.1261046000001,89.8589545999999,89.8588799999999,1.73277539999981,91.9708563,92.9787806999999,3.5,0.625,0.375,10,7,15,"(0, 0)"
76,17,2,1,1,0,0,0.5,1,1,1,0,92.9843758000001,93.7019723,95.5189025000001,95.5188282,1.81685590000006,97.6307665999999,98.638797,3.5,0.647058823529412,0.352941176470588,11,7,15,"(0, 0)"
77,18,2,1,1,1,1,0.5,1,1,1,1,98.6444828,99.3852983999999,101.5978985,101.5978235,2.21252509999999,103.7098973,104.7179582,3.5,0.666666666666667,0.333333333333333,12,7,15,"(1, 1)"
78,19,2,1,1,2,0,0.35,0,0,1,1,104.7329653,105.4680871,107.1419493,107.1418713,1.6737842,109.2538609,110.2690003,3.5,0.684210526315789,0.315789473684211,13,7,15,"(2, 0)"
79,20,2,1,1,1,2,0.35,0,0,1,0,110.275482,111.0012205,112.8835532,112.8834797,1.88225920000014,114.9952925,116.0033755,3.5,0.7,0.3,14,7,15,"(1, 2)"
80,21,2,1,1,2,2,0.5,1,1,1,1,116.0089609,116.7300294,118.847681,118.8476074,2.11757799999987,120.959581,121.9675909,3.5,0.714285714285714,0.285714285714286,15,7,15,"(2, 2)"
81,22,2,1,1,1,1,0.5,1,1,1,1,121.9750848,122.7006084,124.5151912,124.5151163,1.81450789999985,126.6269804,127.6355072,3.5,0.727272727272727,0.272727272727273,16,7,15,"(1, 1)"
82,23,2,1,1,0,0,0.5,1,1,1,1,127.6420795,128.3684976,130.1715538,130.1714786,1.80298099999982,132.2834125,133.291439,3.5,0.739130434782609,0.260869565217391,17,7,15,"(0, 0)"
83,24,2,1,1,0,1,0.35,0,0,1,1,133.2980972,134.0181515,135.8302588,135.830156,1.81200450000006,137.9420749,138.95015,3.5,0.75,0.25,18,7,15,"(0, 1)"
84,25,2,1,1,0,2,0.15,0,0,1,0,138.9650854,139.6769674,141.5034616,141.5033864,1.82641899999999,143.6153803,144.6234906,3.5,0.76,0.24,19,7,15,"(0, 2)"
85,26,2,1,1,0,0,0.5,1,1,1,1,144.6302025,145.356502,147.2308964,147.2308199,1.87431790000005,149.3425996,150.3506758,3.5,0.769230769230769,0.230769230769231,20,7,15,"(0, 0)"
86,27,2,1,1,0,0,0.5,1,1,1,1,150.3563581,151.0777161,152.8410466,152.8409699,1.76325380000003,154.9528133,155.9608566,3.5,0.777777777777778,0.222222222222222,21,7,15,"(0, 0)"
87,28,2,1,1,2,0,0.35,0,0,1,0,155.9665186,156.6859205,158.3879781,158.3879041,1.70198359999995,160.5141168,161.5353759,3.5,0.785714285714286,0.214285714285714,22,7,15,"(2, 0)"
88,29,2,1,1,2,1,0.15,0,1,0,0,161.5417328,162.2528716,164.0201358,164.0200589,1.76718729999993,166.1319305,167.1400481,3.5,0.758620689655172,0.241379310344828,23,7,15,"(2, 1)"
89,30,2,1,1,2,2,0.5,1,1,1,1,167.1455456,167.8604101,169.5309281,169.5308519,1.67044179999994,171.6428264,172.6610924,3.5,0.766666666666667,0.233333333333333,23,8,15,"(2, 2)"
90,31,2,1,1,1,1,0.5,1,1,1,1,172.6674863,173.3802209,175.0301815,175.0301038,1.64988289999997,177.1551815,178.1729117,3.5,0.774193548387097,0.225806451612903,24,8,15,"(1, 1)"
91,32,2,1,1,1,2,0.35,0,0,1,1,178.1874081,178.9108694,180.6969053,180.6968299,1.78596049999987,182.8086475,183.8172684,3.5,0.78125,0.21875,25,8,15,"(1, 2)"
92,33,2,1,1,1,1,0.5,1,1,1,1,183.8237683,184.5352148,186.18759,186.1875142,1.65229939999995,188.299407,189.3189879,3.5,0.787878787878788,0.212121212121212,26,8,15,"(1, 1)"
93,34,2,1,1,1,1,0.5,1,1,1,0,189.3261835,190.0058965,192.126147,192.1260723,2.12017579999997,194.2380923,195.2475551,3.5,0.794117647058823,0.205882352941177,27,8,15,"(1, 1)"
94,35,2,1,1,2,0,0.35,0,0,1,1,195.2540973,195.9453021,198.0569414,198.0568496,2.11154749999992,200.1686349,201.1768498,3.5,0.8,0.2,28,8,15,"(2, 0)"
95,36,2,1,1,1,0,0.15,0,0,1,0,201.1844259,201.8834621,204.0218312,204.0217547,2.13829260000011,206.1338281,207.1431619,3.5,0.805555555555556,0.194444444444444,29,8,15,"(1, 0)"
96,37,2,1,1,2,0,0.35,0,0,1,1,207.1504386,207.8493576,209.6452513,209.6451742,1.79581660000008,211.7570238,212.7652589,3.5,0.810810810810811,0.189189189189189,30,8,15,"(2, 0)"
97,38,2,1,1,0,1,0.35,0,0,1,1,212.7795706,213.4579227,215.1749428,215.1748631,1.71694039999988,217.2847086,218.3085108,3.5,0.815789473684211,0.184210526315789,31,8,15,"(0, 1)"
98,39,2,1,1,1,2,0.35,0,0,1,1,218.3159785,219.002267,220.696148,220.6960699,1.69380290000004,222.8097755,223.831722,3.5,0.82051282051282,0.17948717948718,32,8,15,"(1, 2)"
99,40,2,1,1,2,0,0.35,0,0,1,1,223.837331,224.525892,227.1180139,227.117937,2.5920450000001,229.2298744,230.2392325,3.5,0.825,0.175,33,8,15,"(2, 0)"
100,41,2,1,1,2,2,0.5,1,1,1,1,230.2457567,230.9460375,232.5868974,232.5868179,1.64078040000004,234.6986846,235.7154714,3.5,0.829268292682927,0.170731707317073,34,8,15,"(2, 2)"
101,42,2,1,1,0,2,0.15,0,0,1,1,235.7219856,236.4110226,238.1281786,238.1281041,1.71708150000018,240.2401501,241.2482662,3.5,0.833333333333333,0.166666666666667,35,8,15,"(0, 2)"
102,43,2,1,1,1,2,0.35,0,0,1,0,241.2548275,241.9389445,243.5850197,243.5849411,1.64599659999999,245.6968398,246.7021777,3.5,0.837209302325581,0.162790697674419,36,8,15,"(1, 2)"
103,44,2,1,1,0,1,0.35,0,0,1,1,246.716886,247.413002,249.02303,249.022953,1.60995100000014,251.1537175,252.1707608,3.5,0.840909090909091,0.159090909090909,37,8,15,"(0, 1)"
104,45,2,1,1,2,1,0.15,0,0,1,0,252.176491,252.8632886,254.5532223,254.5531406,1.68985199999997,256.6650251,257.6822408,3.5,0.844444444444444,0.155555555555556,38,8,15,"(2, 1)"
105,46,2,1,1,2,2,0.5,1,1,1,1,257.6895458,258.3751822,260.1799669,260.1798899,1.80470769999988,262.2917717,263.299815,3.5,0.847826086956522,0.152173913043478,39,8,15,"(2, 2)"
106,47,2,1,1,2,2,0.5,1,1,1,0,263.3071432,263.9980295,265.735242,265.7351661,1.73713659999999,267.8472061,268.8560813,3.5,0.851063829787234,0.148936170212766,40,8,15,"(2, 2)"
107,48,2,1,1,0,1,0.35,0,0,1,1,268.8616877,269.5542693,271.0914676,271.0913887,1.53711939999994,273.2150681,274.2268272,3.5,0.854166666666667,0.145833333333333,41,8,15,"(0, 1)"
108,49,2,1,1,1,0,0.15,0,0,1,1,274.2341662,274.9328763,277.1297248,277.1296473,2.19677100000013,279.2415578,280.2496175,3.5,0.857142857142857,0.142857142857143,42,8,15,"(1, 0)"
109,50,2,1,1,2,1,0.15,0,0,1,0,280.2554649,280.9575297,282.6349511,282.6348713,1.67734160000009,284.7466613,285.7637365,3.5,0.86,0.14,43,8,15,"(2, 1)"
110,51,2,1,1,0,0,0.5,1,1,1,0,285.7783894,286.4642674,288.0242787,288.0241991,1.55993169999988,290.1478732,291.1682444,3.5,0.862745098039216,0.137254901960784,44,8,15,"(0, 0)"
111,52,2,1,1,2,2,0.5,1,1,1,1,291.1750598,291.8657033,293.3206764,293.3205979,1.45489459999999,295.444277,296.4519327,3.5,0.865384615384615,0.134615384615385,45,8,15,"(2, 2)"
112,53,2,1,1,1,1,0.5,1,1,1,1,296.4584773,297.1553714,298.6345471,298.6344681,1.4790966999999,300.7582588,301.7698218,3.5,0.867924528301887,0.132075471698113,46,8,15,"(1, 1)"
113,54,2,1,1,1,1,0.5,1,1,1,0,301.7754504,302.4769987,304.0330427,304.0329625,1.55596379999997,306.1565454,307.1774945,3.5,0.87037037037037,0.12962962962963,47,8,15,"(1, 1)"
114,55,2,1,1,0,2,0.15,0,0,1,1,307.183858,307.8751568,309.4406665,309.2424747,1.36731789999999,311.5731384,312.5835604,3.5,0.872727272727273,0.127272727272727,48,8,15,"(0, 2)"
115,56,2,1,1,1,2,0.35,0,0,1,1,312.5901753,313.2847873,314.8459436,314.5784202,1.29363290000015,316.9671725,317.9924472,3.5,0.875,0.125,49,8,15,"(1, 2)"
116,57,2,1,1,0,1,0.35,0,0,1,1,318.0067755,318.6997379,320.3978052,320.3977115,1.69797359999984,322.5095191,323.5333294,3.5,0.87719298245614,0.12280701754386,50,8,15,"(0, 1)"
117,58,2,1,1,2,0,0.35,0,0,1,1,323.5390541,324.2319802,326.0628373,326.0627614,1.83078119999982,328.1745328,329.1827096,3.5,0.879310344827586,0.120689655172414,51,8,15,"(2, 0)"
118,59,2,1,1,1,1,0.5,1,1,1,1,329.1883944,329.8858975,331.5634986,331.5634204,1.67752289999999,333.6753633,334.6924056,3.5,0.88135593220339,0.11864406779661,52,8,15,"(1, 1)"
119,60,2,1,1,2,2,0.5,1,1,1,1,334.698905,335.4034225,336.8431526,336.8430706,1.43964810000011,338.966789,339.9812071,3.5,0.883333333333333,0.116666666666667,53,8,15,"(2, 2)"
120,1,3,2,0,2,0,0.35,0,1,0,0,7.67000001360429e-05,0.694322800000009,2.46949770000015,2.46942110000009,1.77509830000008,4.58131290000006,5.5894330000001,3.5,0.0,1.0,1,1,15,"(2, 0)"
121,2,3,2,0,2,1,0.15,0,1,0,0,5.59293190000017,6.33968890000006,8.10908280000012,8.10900630000015,1.76931740000009,10.2210518000002,11.2290711000001,3.5,0.0,1.0,1,2,15,"(2, 1)"
122,3,3,2,0,1,1,0.5,1,1,1,1,11.2352947000002,11.9415747,13.4311406000002,13.4310602,1.4894855,15.5547175000002,16.5703936000002,3.5,0.333333333333333,0.666666666666667,1,3,15,"(1, 1)"
123,4,3,2,0,1,0,0.15,0,0,1,0,16.5848206000001,17.2904102,19.1428080000001,19.1427154,1.85230520000005,21.2545994000002,22.2626703000001,3.5,0.5,0.5,2,3,15,"(1, 0)"
124,5,3,2,0,2,2,0.5,1,1,1,1,22.2681440000001,22.9897795000002,25.0356087,25.0355319,2.04575239999986,27.1472869000002,28.1554278000001,3.5,0.6,0.4,3,3,15,"(2, 2)"
125,6,3,2,0,0,0,0.5,1,1,1,1,28.1608760000001,28.8500223000001,30.6316764000001,30.6315990000001,1.78157669999996,32.7434517000002,33.7543654000001,3.5,0.666666666666667,0.333333333333333,4,3,15,"(0, 0)"
126,7,3,2,0,2,1,0.15,0,1,0,0,33.7607557000001,34.4867455000001,36.7969209,36.7968435,2.31009799999993,38.9086497000001,39.9167093000001,3.5,0.571428571428571,0.428571428571429,5,3,15,"(2, 1)"
127,8,3,2,0,0,0,0.5,1,1,1,0,39.9221770000001,40.6075309,42.3330078000001,42.3329303,1.72539940000001,44.4449083000002,45.4528095000001,3.5,0.625,0.375,5,4,15,"(0, 0)"
128,9,3,2,0,1,1,0.5,1,1,1,1,45.4672227000001,46.1686274000001,47.7635264,47.5640119000002,1.39538450000009,49.8879481000001,50.8954728000001,3.5,0.666666666666667,0.333333333333333,6,4,15,"(1, 1)"
129,10,3,2,0,1,1,0.5,1,1,1,0,50.9010517000002,51.6073253000002,53.2485002000001,53.2484207,1.64109539999981,55.3602481,56.3776476,3.5,0.7,0.3,7,4,15,"(1, 1)"
130,11,3,2,0,0,1,0.35,0,0,1,1,56.3841647000002,57.1171161000002,58.6713286000002,58.4679946000001,1.35087849999991,60.7917347,61.8055244000002,3.5,0.727272727272727,0.272727272727273,8,4,15,"(0, 1)"
131,12,3,2,0,2,0,0.35,0,1,0,1,61.8118952000002,62.5249975000002,64.0613029000001,64.0612227000001,1.53622519999999,66.1848911000002,67.1966408000001,3.5,0.666666666666667,0.333333333333333,9,4,15,"(2, 0)"
132,13,3,2,0,2,2,0.5,1,0,0,1,67.2021716000002,67.9388995000002,69.6240992,69.6240179000001,1.68511839999996,71.7358954000001,72.7533285000002,3.5,0.615384615384615,0.384615384615385,9,5,15,"(2, 2)"
133,14,3,2,0,0,1,0.35,0,0,1,1,72.7591044000001,73.4655737,74.9524533000001,74.9523735,1.48679979999997,77.0760542,78.0954202,3.5,0.642857142857143,0.357142857142857,9,6,15,"(0, 1)"
134,15,3,2,0,2,0,0.35,0,1,0,1,78.1099418000001,78.8060585000001,80.6808074,80.6807057000001,1.87464720000003,82.7926273,83.8006064000001,3.5,0.6,0.4,10,6,15,"(2, 0)"
135,16,3,2,0,0,0,0.5,1,0,0,0,83.8078965000002,84.4941523,85.9989346000002,85.9988558,1.50470350000001,88.1224148000001,89.1389051000001,3.5,0.5625,0.4375,10,7,15,"(0, 0)"
136,17,3,2,0,1,1,0.5,1,1,1,1,89.1452556000002,89.8356432,91.5490796000001,91.5489980000002,1.71335480000016,93.6588692,94.6826455,3.5,0.588235294117647,0.411764705882353,10,8,15,"(1, 1)"
137,18,3,2,0,0,2,0.15,0,1,0,0,94.6891355,95.3783424000001,97.0727430000002,97.07266,1.69431759999998,99.186719,100.2083917,3.5,0.555555555555556,0.444444444444444,11,8,15,"(0, 2)"
138,19,3,2,0,0,0,0.5,1,0,0,0,100.2149194,100.9218564,102.621443,102.621363,1.69950660000018,104.7425786,105.7663433,3.5,0.526315789473684,0.473684210526316,11,9,15,"(0, 0)"
139,20,3,2,0,1,2,0.35,0,0,1,1,105.7728183,106.5010613,108.3326227,108.3325466,1.83148529999994,110.4444977,111.4532689,3.5,0.55,0.45,11,10,15,"(1, 2)"
140,21,3,2,0,1,0,0.15,0,1,0,0,111.4589574,112.1480466,113.9801386,113.9799995,1.83195290000003,116.09184,117.1001145,3.5,0.523809523809524,0.476190476190476,12,10,15,"(1, 0)"
141,22,3,2,0,1,0,0.15,0,1,0,0,117.1146009,117.8305578,119.5752249,119.5751464,1.74458860000004,121.6872087,122.6952456,3.5,0.5,0.5,12,11,15,"(1, 0)"
142,23,3,2,0,2,2,0.5,1,0,0,1,122.7017065,123.4394402,125.2111574,125.211079,1.77163880000012,127.3229608,128.3311392,3.5,0.478260869565217,0.521739130434783,12,12,15,"(2, 2)"
143,24,3,2,0,0,0,0.5,1,0,0,0,128.3371456,129.0261988,130.7572096,130.75713,1.73093119999999,132.8690299,133.8769276,3.5,0.458333333333333,0.541666666666667,12,13,15,"(0, 0)"
144,25,3,2,0,1,2,0.35,0,1,0,0,133.8831402,134.5730082,136.4281162,136.4280385,1.85503030000018,138.5398813,139.5479567,3.5,0.44,0.56,12,14,15,"(1, 2)"
145,26,3,2,0,2,2,0.5,1,0,0,0,139.5536855,140.2426699,141.956468,141.956386,1.71371610000006,144.0660176,145.0897884,3.5,0.423076923076923,0.576923076923077,12,15,15,"(2, 2)"
146,27,3,2,0,2,2,0.5,1,0,0,1,145.0953666,145.7840837,147.5750119,147.5749332,1.79084949999992,149.6867957,150.6959596,3.5,0.407407407407407,0.592592592592593,12,16,15,"(2, 2)"
147,28,3,2,0,2,0,0.35,0,1,0,0,150.7109883,151.4107831,153.1811052,153.1810263,1.7702432000001,155.2929374,156.301009,3.5,0.392857142857143,0.607142857142857,12,17,15,"(2, 0)"
148,29,3,2,0,1,1,0.5,1,1,1,1,156.3075934,157.0275005,158.8312828,158.8312063,1.80370579999999,160.9434863,161.9516196,3.5,0.413793103448276,0.586206896551724,12,18,15,"(1, 1)"
149,30,3,2,0,2,0,0.35,0,1,0,1,161.9588509,162.6912604,164.4102919,164.4101973,1.71893690000002,166.5220208,167.5300393,3.5,0.4,0.6,13,18,15,"(2, 0)"
150,31,3,2,0,0,1,0.35,0,0,1,0,167.5359533,168.2518981,169.9286922,169.9286122,1.67671410000003,172.0405521,173.0554941,3.5,0.419354838709677,0.580645161290323,13,19,15,"(0, 1)"
151,32,3,2,0,2,0,0.35,0,1,0,0,173.0618285,173.7896414,175.9205443,175.9204652,2.13082379999992,178.0323973,179.040445,3.5,0.40625,0.59375,14,19,15,"(2, 0)"
152,33,3,2,0,0,0,0.5,1,0,0,0,179.046049,179.7374525,181.2710572,181.2709765,1.53352400000017,183.3946375,184.4064173,3.5,0.393939393939394,0.606060606060606,14,20,15,"(0, 0)"
153,34,3,2,0,0,2,0.15,0,1,0,0,184.4209511,185.1389625,186.8411377,186.8410556,1.70209309999996,188.9508747,189.9596545,3.5,0.382352941176471,0.617647058823529,14,21,15,"(0, 2)"
154,35,3,2,0,2,2,0.5,1,1,1,1,189.9652802,190.6173744,192.2674959,192.2674135,1.65003910000019,194.3792765,195.3844533,3.5,0.4,0.6,14,22,15,"(2, 2)"
155,36,3,2,0,1,1,0.5,1,1,1,0,195.389972,196.0802553,197.732623,197.732544,1.6522887000001,199.8562822,200.8743491,3.5,0.416666666666667,0.583333333333333,15,22,15,"(1, 1)"
156,37,3,2,0,2,0,0.35,0,0,1,1,200.8806949,201.5671628,203.2166151,203.2165331,1.6493703000001,205.3283467,206.3479003,3.5,0.432432432432432,0.567567567567568,16,22,15,"(2, 0)"
157,38,3,2,0,0,1,0.35,0,1,0,1,206.3543676,207.04182,208.5998134,208.3559766,1.31415659999993,210.7236524,211.740019,3.5,0.421052631578947,0.578947368421053,17,22,15,"(0, 1)"
158,39,3,2,0,1,2,0.35,0,0,1,0,211.7458581,212.4395524,214.1986656,214.1985889,1.75903649999987,216.310511,217.3185725,3.5,0.435897435897436,0.564102564102564,17,23,15,"(1, 2)"
159,40,3,2,0,1,1,0.5,1,1,1,1,217.3260125,218.0159357,219.7574967,219.7574175,1.7414818000002,221.8692529,222.8785375,3.5,0.45,0.55,18,23,15,"(1, 1)"
160,41,3,2,0,2,2,0.5,1,1,1,1,222.8932325,223.5895454,225.3347768,225.3346978,1.74515240000005,227.4465664,228.45461,3.5,0.463414634146341,0.536585365853659,19,23,15,"(2, 2)"
161,42,3,2,0,0,1,0.35,0,0,1,1,228.4601705,229.15929,230.8608418,230.8607587,1.70146870000008,232.9706402,233.9786965,3.5,0.476190476190476,0.523809523809524,20,23,15,"(0, 1)"
162,43,3,2,0,1,2,0.35,0,0,1,0,233.9852679,234.6755804,236.4458582,236.4457785,1.77019810000002,238.5576232,239.5669509,3.5,0.488372093023256,0.511627906976744,21,23,15,"(1, 2)"
163,44,3,2,0,0,2,0.15,0,0,1,1,239.5725721,240.2789312,242.0497796,242.049701,1.77076979999993,244.1615742,245.1696977,3.5,0.5,0.5,22,23,15,"(0, 2)"
164,45,3,2,0,0,0,0.5,1,1,1,0,245.1754489,245.8786186,247.5190164,247.5189355,1.64031689999979,249.6307946,250.6480728,3.5,0.511111111111111,0.488888888888889,23,23,15,"(0, 0)"
165,46,3,2,0,2,2,0.5,1,1,1,1,250.6545545,251.3508704,253.0745521,253.0744693,1.72359890000007,255.1843666,256.2081418,3.5,0.521739130434783,0.478260869565217,24,23,15,"(2, 2)"
166,47,3,2,0,0,0,0.5,1,1,1,1,256.2228199,256.9051874,258.6257876,258.6257073,1.7205199,260.7375691,261.7613311,3.5,0.531914893617021,0.468085106382979,25,23,15,"(0, 0)"
167,48,3,2,0,2,1,0.15,0,0,1,0,261.7679043,262.4590505,263.9483833,263.9483032,1.48925269999995,266.0719821,267.0877053,3.5,0.541666666666667,0.458333333333333,26,23,15,"(2, 1)"
168,49,3,2,0,0,0,0.5,1,1,1,1,267.0932929,267.7902918,269.5030048,269.5029244,1.71263260000001,271.6121601,272.620264,3.5,0.551020408163265,0.448979591836735,27,23,15,"(0, 0)"
169,50,3,2,0,1,2,0.35,0,0,1,1,272.6268453,273.3224292,275.0193718,275.0192913,1.69686209999986,277.1429545,278.1668247,3.5,0.56,0.44,28,23,15,"(1, 2)"
170,51,3,2,0,1,2,0.35,0,0,1,1,278.1725263,278.8637937,280.797754,280.797674,1.93388030000006,282.9095565,283.9190675,3.5,0.568627450980392,0.431372549019608,29,23,15,"(1, 2)"
171,52,3,2,0,1,1,0.5,1,1,1,1,283.9247388,284.614193,286.5223113,286.5222335,1.90804049999997,288.6343173,289.6435985,3.5,0.576923076923077,0.423076923076923,30,23,15,"(1, 1)"
172,53,3,2,0,1,1,0.5,1,1,1,1,289.658496,290.3647658,292.1095748,292.1094957,1.74472989999981,294.2213108,295.2300659,3.5,0.584905660377358,0.415094339622642,31,23,15,"(1, 1)"
173,54,3,2,0,2,2,0.5,1,1,1,0,295.2359248,295.9424301,297.6897276,297.6896322,1.74720209999987,299.8014105,300.8096303,3.5,0.592592592592593,0.407407407407407,32,23,15,"(2, 2)"
174,55,3,2,0,1,1,0.5,1,1,1,1,300.8172747,301.527487,303.5570382,303.5569595,2.02947250000011,305.6688157,306.6768378,3.5,0.6,0.4,33,23,15,"(1, 1)"
175,56,3,2,0,0,1,0.35,0,0,1,1,306.6850729,307.381222,309.1741979,309.1741173,1.79289529999983,311.2860551,312.2942226,3.5,0.607142857142857,0.392857142857143,34,23,15,"(0, 1)"
176,57,3,2,0,1,2,0.35,0,0,1,1,312.301002,312.9977169,315.1539967,315.1539161,2.15619919999995,317.2658146,318.2739861,3.5,0.614035087719298,0.385964912280702,35,23,15,"(1, 2)"
177,58,3,2,0,0,0,0.5,1,1,1,1,318.2807716,318.9898957,320.6933627,320.6932796,1.70338390000006,322.8031391,323.8113117,3.5,0.620689655172414,0.379310344827586,36,23,15,"(0, 0)"
178,59,3,2,0,2,2,0.5,1,1,1,1,323.8174885,324.5323098,326.2429112,326.2428283,1.71051850000003,328.3530595,329.3767408,3.5,0.627118644067797,0.372881355932203,37,23,15,"(2, 2)"
179,60,3,2,0,0,1,0.35,0,0,1,0,329.3923223,330.0979585,331.910567,331.9104879,1.81252940000013,334.0224565,335.0304854,3.5,0.633333333333333,0.366666666666667,38,23,15,"(0, 1)"
180,1,4,3,2,2,2,0.5,1,1,1,1,0.0001648999998451,0.741450299999997,3.05733149999992,3.05724649999979,2.3157961999998,5.16939189999994,6.17636669999979,3.5,1.0,0.0,1,1,15,"(2, 2)"
181,2,4,3,2,1,1,0.5,1,1,1,0,6.18495659999985,6.89404079999986,8.51445639999997,8.51437669999996,1.6203359000001,10.6449871999998,11.663335,3.5,1.0,0.0,2,1,15,"(1, 1)"
182,3,4,3,2,0,1,0.35,0,1,0,0,11.6792237,12.4067729999999,13.9727490999999,13.7202266999998,1.31345369999985,16.1048060999999,17.1240318999999,3.5,0.666666666666667,0.333333333333333,3,1,15,"(0, 1)"
183,4,4,3,2,0,0,0.5,1,1,1,1,17.1325525999998,17.8873942999999,19.7385508999998,19.7384674,1.85107310000012,21.8506325999999,22.8590420999999,3.5,0.75,0.25,3,2,15,"(0, 0)"
184,5,4,3,2,1,0,0.15,0,0,1,1,22.8753870999999,23.6113615999998,25.2732527999999,25.2731732,1.66181160000019,27.3999279,28.4174819,3.5,0.8,0.2,4,2,15,"(1, 0)"
185,6,4,3,2,0,0,0.5,1,1,1,0,28.424221,29.1111658,30.8364350999998,30.8363499,1.72518409999998,32.9460047999999,33.9698139,3.5,0.833333333333333,0.166666666666667,5,2,15,"(0, 0)"
186,7,4,3,2,1,1,0.5,1,1,1,1,33.9761428999998,34.6793287999999,36.2607561999998,36.2606711999999,1.58134240000004,38.3846735999998,39.3963070999998,3.5,0.857142857142857,0.142857142857143,6,2,15,"(1, 1)"
187,8,4,3,2,1,2,0.35,0,0,1,1,39.4055406999998,40.1355658999998,41.9842412999999,41.9841589999999,1.84859310000002,44.0963247999998,45.1042622999998,3.5,0.875,0.125,7,2,15,"(1, 2)"
188,9,4,3,2,0,0,0.5,1,1,1,0,45.1123545999999,46.1881051999999,47.9541075999998,47.9540247999998,1.76591959999996,50.0759037999999,51.0950516999999,3.5,0.888888888888889,0.111111111111111,8,2,15,"(0, 0)"
189,10,4,3,2,0,2,0.15,0,0,1,1,51.1759742999998,51.8833212,53.6381523999999,53.6380731999998,1.75475199999983,55.7500022999998,56.7581949999999,3.5,0.9,0.1,9,2,15,"(0, 2)"
190,11,4,3,2,2,0,0.35,0,1,0,1,56.7832788999999,57.7565166999998,59.4335038999998,59.4334182999999,1.67690160000006,61.5537321999998,62.5763293,3.5,0.818181818181818,0.181818181818182,10,2,15,"(2, 0)"
191,12,4,3,2,1,2,0.35,0,1,0,0,62.6171368999999,63.8539658999998,65.5305748999999,65.5304907999998,1.6765249,67.6740184999999,68.7139453,3.5,0.75,0.25,10,3,15,"(1, 2)"
192,13,4,3,2,0,0,0.5,1,0,0,0,68.8862873999999,69.9475854,71.5270495,71.5269602999999,1.57937489999995,73.6508871999999,74.6629530999999,3.5,0.692307692307692,0.307692307692308,10,4,15,"(0, 0)"
193,14,4,3,2,1,1,0.5,1,1,1,1,74.6772988999999,75.7501255999998,77.1907312999999,77.1906449999999,1.44051940000008,79.3148222999998,80.3319068999999,3.5,0.714285714285714,0.285714285714286,10,5,15,"(1, 1)"
194,15,4,3,2,2,1,0.15,0,0,1,0,80.3415345999999,82.1921914999998,83.8533246999998,83.8532386999998,1.66104719999998,85.9808846999999,87.018296,3.5,0.733333333333333,0.266666666666667,11,5,15,"(2, 1)"
195,16,4,3,2,2,2,0.5,1,0,0,0,87.1839537999999,88.2432978999998,89.9580513999999,89.9579673999999,1.71466950000013,92.0865091999999,93.1291570999999,3.5,0.6875,0.3125,12,5,15,"(2, 2)"
196,17,4,3,2,1,1,0.5,1,1,1,0,93.2504608999998,94.8152771,96.3004195999999,96.3003348,1.48505769999997,98.4403971999998,99.4752942999999,3.5,0.705882352941177,0.294117647058823,12,6,15,"(1, 1)"
197,18,4,3,2,2,0,0.35,0,1,0,1,99.6280371999999,100.8024155,102.9103247,102.1840651,1.38164960000017,105.0774485,106.1396077,3.5,0.666666666666667,0.333333333333333,13,6,15,"(2, 0)"
198,19,4,3,2,2,1,0.15,0,0,1,1,106.3139726,107.3711485,109.0516688,109.0515885,1.68044000000009,111.1753836,112.1991574,3.5,0.684210526315789,0.315789473684211,13,7,15,"(2, 1)"
199,20,4,3,2,0,1,0.35,0,1,0,0,112.2052036,112.9541519,114.6212036,114.6211221,1.66697019999992,116.7425963,117.7663688,3.5,0.65,0.35,14,7,15,"(0, 1)"
200,21,4,3,2,1,2,0.35,0,0,1,0,117.7730297,119.7284232,121.4594599,121.4593388,1.73091559999989,123.5862959,124.6187362,3.5,0.666666666666667,0.333333333333333,14,8,15,"(1, 2)"
201,22,4,3,2,0,0,0.5,1,0,0,0,124.8253621,126.1800574,127.8330697,127.8329844,1.65292700000009,129.9741177,131.0076173,3.5,0.636363636363636,0.363636363636364,15,8,15,"(0, 0)"
202,23,4,3,2,0,0,0.5,1,1,1,1,131.1308131,131.8410429,133.9908437,133.1602153,1.31917240000007,136.118054,137.127965,3.5,0.652173913043478,0.347826086956522,15,9,15,"(0, 0)"
203,24,4,3,2,1,2,0.35,0,1,0,0,137.1667064,137.9645771,139.7391746,139.7390939,1.77451680000013,141.8511516,142.8593111,3.5,0.625,0.375,16,9,15,"(1, 2)"
204,25,4,3,2,2,0,0.35,0,1,0,1,142.8653602,143.6240538,145.2647271,145.2646444,1.6405906,147.3766235,148.3939541,3.5,0.6,0.4,16,10,15,"(2, 0)"
205,26,4,3,2,2,2,0.5,1,0,0,0,148.4018175,150.1970287,152.2171502,152.2170639,2.02003519999994,154.3490739,155.3765579,3.5,0.576923076923077,0.423076923076923,16,11,15,"(2, 2)"
206,27,4,3,2,2,2,0.5,1,0,0,0,155.5301115,156.3329688,158.030871,158.0307899,1.69782110000006,160.143851,161.1664234,3.5,0.555555555555556,0.444444444444444,16,12,15,"(2, 2)"
207,28,4,3,2,2,2,0.5,1,1,1,1,161.1784368,161.9023016,163.3803369,163.3802368,1.47793520000005,165.5038891,166.5194725,3.5,0.571428571428571,0.428571428571429,16,13,15,"(2, 2)"
208,29,4,3,2,0,0,0.5,1,1,1,1,166.5254942,167.2970839,168.7629212,168.7628412,1.46575729999995,170.8865905,171.8995389,3.5,0.586206896551724,0.413793103448276,17,13,15,"(0, 0)"
209,30,4,3,2,0,2,0.15,0,0,1,1,171.923543,172.6370115,174.3292579,174.3291771,1.69216559999995,176.4560127,177.4767566,3.5,0.6,0.4,18,13,15,"(0, 2)"
210,31,4,3,2,0,2,0.15,0,0,1,1,177.4843893,178.2119926,180.1132422,180.1131619,1.90116929999999,182.225228,183.2332311,3.5,0.612903225806452,0.387096774193548,19,13,15,"(0, 2)"
211,32,4,3,2,0,1,0.35,0,0,1,1,183.240024,183.9779328,185.5038342,185.5037516,1.52581880000002,187.627462,188.6391012,3.5,0.625,0.375,20,13,15,"(0, 1)"
212,33,4,3,2,1,1,0.5,1,1,1,1,188.6462274,190.5269385,191.9599016,191.9598126,1.43287409999994,194.0947312,195.1216886,3.5,0.636363636363636,0.363636363636364,21,13,15,"(1, 1)"
213,34,4,3,2,2,2,0.5,1,1,1,1,195.2952746,196.0247241,197.7965094,197.7964262,1.77170209999986,199.9084578,200.9156255,3.5,0.647058823529412,0.352941176470588,22,13,15,"(2, 2)"
214,35,4,3,2,2,0,0.35,0,0,1,1,200.9278186,201.6734334,203.311251,203.311168,1.63773460000016,205.423177,206.4403811,3.5,0.657142857142857,0.342857142857143,23,13,15,"(2, 0)"
215,36,4,3,2,0,1,0.35,0,0,1,0,206.4472107,207.2465778,208.9377357,208.9376531,1.69107529999997,211.0495547,212.0649122,3.5,0.666666666666667,0.333333333333333,24,13,15,"(0, 1)"
216,37,4,3,2,1,1,0.5,1,1,1,0,212.0916038,212.8720434,214.4708955,214.4708138,1.59877039999992,216.5828278,217.5940583,3.5,0.675675675675676,0.324324324324324,25,13,15,"(1, 1)"
217,38,4,3,2,2,2,0.5,1,1,1,1,217.6055828,218.3292012,220.0853935,220.0853084,1.75610719999986,222.1971428,223.2055288,3.5,0.684210526315789,0.315789473684211,26,13,15,"(2, 2)"
218,39,4,3,2,0,1,0.35,0,0,1,1,223.2182545,223.9371008,225.5703595,225.5702795,1.63317870000014,227.6978673,228.7134506,3.5,0.692307692307692,0.307692307692308,27,13,15,"(0, 1)"
219,40,4,3,2,1,1,0.5,1,1,1,1,228.7203213,229.4525737,231.1444246,231.1443397,1.69176599999992,233.2541905,234.2712809,3.5,0.7,0.3,28,13,15,"(1, 1)"
220,41,4,3,2,1,1,0.5,1,1,1,1,234.2842876,235.006321,236.684055,236.6839632,1.67764220000004,238.7958591,239.8111174,3.5,0.707317073170732,0.292682926829268,29,13,15,"(1, 1)"
221,42,4,3,2,2,0,0.35,0,0,1,0,239.8168175,240.5481144,242.2256945,242.2256105,1.6774961000001,244.3484837,245.3682612,3.5,0.714285714285714,0.285714285714286,30,13,15,"(2, 0)"
222,43,4,3,2,2,2,0.5,1,1,1,1,245.3893195,246.1270574,248.064759,248.0646798,1.93762240000001,250.1766091,251.1846702,3.5,0.720930232558139,0.279069767441861,31,13,15,"(2, 2)"
223,44,4,3,2,2,0,0.35,0,0,1,0,251.1957978,251.8971414,253.6129933,253.6129107,1.71576930000015,255.7227026,256.7465006,3.5,0.727272727272727,0.272727272727273,32,13,15,"(2, 0)"
224,45,4,3,2,0,1,0.35,0,0,1,1,256.7580195,257.4524201,259.0564743,259.0563922,1.60397209999996,261.1682034,262.178293,3.5,0.733333333333333,0.266666666666667,33,13,15,"(0, 1)"
225,46,4,3,2,1,2,0.35,0,0,1,1,262.1840101,262.8798091,264.6265998,264.6265179,1.74670880000008,266.7382443,267.7463425,3.5,0.739130434782609,0.260869565217391,34,13,15,"(1, 2)"
226,47,4,3,2,1,1,0.5,1,1,1,0,267.7538095,268.454858,270.165499,270.1654157,1.71055769999998,272.274982,273.2839113,3.5,0.74468085106383,0.25531914893617,35,13,15,"(1, 1)"
227,48,4,3,2,2,0,0.35,0,0,1,1,273.2904313,273.9878353,275.6022108,275.6021293,1.61429399999997,277.7328293,278.7513505,3.5,0.75,0.25,36,13,15,"(2, 0)"
228,49,4,3,2,1,0,0.15,0,0,1,1,278.7710723,279.4683589,281.0460816,281.0459998,1.57764089999955,283.1695234,284.1796497,3.5,0.755102040816326,0.244897959183674,37,13,15,"(1, 0)"
229,50,4,3,2,2,2,0.5,1,1,1,0,284.1852567,284.8794497,286.4995161,286.4994355,1.61998579999999,288.6113291,289.6297917,3.5,0.76,0.24,38,13,15,"(2, 2)"
230,51,4,3,2,0,0,0.5,1,1,1,1,289.6354451,290.3320912,291.8936894,291.8936073,1.56151610000006,294.0172784,295.0379925,3.5,0.764705882352941,0.235294117647059,39,13,15,"(0, 0)"
231,52,4,3,2,0,0,0.5,1,1,1,1,295.0497303,295.7461987,297.4642599,297.4641788,1.7179801000002,299.5737041,300.5975291,3.5,0.769230769230769,0.230769230769231,40,13,15,"(0, 0)"
232,53,4,3,2,2,2,0.5,1,1,1,1,300.6040164,301.2965118,302.8308571,302.8307731,1.53426130000025,304.9595045,305.9683616,3.5,0.773584905660377,0.226415094339623,41,13,15,"(2, 2)"
233,54,4,3,2,1,0,0.15,0,0,1,1,305.980699,306.6634808,308.3537444,308.3536635,1.69018270000015,310.4656687,311.482888,3.5,0.777777777777778,0.222222222222222,42,13,15,"(1, 0)"
234,55,4,3,2,2,1,0.15,0,0,1,1,311.4945854,312.1983849,313.9001822,313.9001008,1.70171590000018,316.009712,317.0185032,3.5,0.781818181818182,0.218181818181818,43,13,15,"(2, 1)"
235,56,4,3,2,0,0,0.5,1,0,0,1,317.0337307,317.718271,319.6320774,319.6319985,1.91372750000028,321.7492631,322.7563347,3.5,0.767857142857143,0.232142857142857,44,13,15,"(0, 0)"
236,57,4,3,2,0,1,0.35,0,0,1,1,322.7640026,323.46721,325.10672,325.1066387,1.63942870000028,327.2185737,328.235484,3.5,0.771929824561403,0.228070175438597,44,14,15,"(0, 1)"
237,58,4,3,2,1,1,0.5,1,1,1,1,328.2415385,328.9353427,330.5072198,330.2876868,1.35234409999975,332.6342231,333.6481233,3.5,0.775862068965517,0.224137931034483,45,14,15,"(1, 1)"
238,59,4,3,2,1,2,0.35,0,0,1,1,333.6542294,334.3452746,336.0557267,336.0556313,1.71035669999992,338.1694775,339.2030927,3.5,0.779661016949153,0.220338983050847,46,14,15,"(1, 2)"
239,60,4,3,2,1,2,0.35,0,0,1,0,339.2106135,339.9038492,341.6024575,341.6023774,1.69852820000006,343.724238,344.748088,3.5,0.783333333333333,0.216666666666667,47,14,15,"(1, 2)"
