subject	name	signal	value
01	Caudate / Putamen R	rpe	0.1340829133785521
02	Caudate / Putamen R	rpe	0.5114973629887547
03	Caudate / Putamen R	rpe	0.5691723488105146
04	Caudate / Putamen R	rpe	0.2705784675657952
05	Caudate / Putamen R	rpe	0.4474824220315844
06	Caudate / Putamen R	rpe	0.19741853658669736
07	Caudate / Putamen R	rpe	-0.03985353173190832
09	Caudate / Putamen R	rpe	0.12591077172359924
10	Caudate / Putamen R	rpe	0.8203330966867939
11	Caudate / Putamen R	rpe	0.4890236297700731
12	Caudate / Putamen R	rpe	0.18515432406770574
14	Caudate / Putamen R	rpe	0.10652908840539267
15	Caudate / Putamen R	rpe	0.22212682837783077
17	Caudate / Putamen R	rpe	0.14196452698037304
18	Caudate / Putamen R	rpe	0.07518306181695084
19	Caudate / Putamen R	rpe	0.4034957582591409
20	Caudate / Putamen R	rpe	0.1460553476029142
21	Caudate / Putamen R	rpe	0.32919220147121353
22	Caudate / Putamen R	rpe	0.16099128262220794
23	Caudate / Putamen R	rpe	0.1111212536359441
24	Caudate / Putamen R	rpe	0.4291218620062663
25	Caudate / Putamen R	rpe	0.553680055545119
26	Caudate / Putamen R	rpe	-0.1664690189083047
27	Caudate / Putamen R	rpe	0.4034299171781097
28	Caudate / Putamen R	rpe	0.3310287699116778
29	Caudate / Putamen R	rpe	0.3617987945753868
30	Caudate / Putamen R	rpe	0.3062810870165483
33	Caudate / Putamen R	rpe	0.1787757815656562
34	Caudate / Putamen R	rpe	0.15162894582003392
35	Caudate / Putamen R	rpe	0.2611162899512865
36	Caudate / Putamen R	rpe	0.14907945233062864
37	Caudate / Putamen R	rpe	0.34945006714102866
38	Caudate / Putamen R	rpe	-0.07957555536258323
39	Caudate / Putamen R	rpe	0.16174549227992727
40	Caudate / Putamen R	rpe	-0.006375204939644491
41	Caudate / Putamen R	rpe	0.6394941017402164
42	Caudate / Putamen R	rpe	0.2315177211707282
43	Caudate / Putamen R	rpe	0.2179615280262126
45	Caudate / Putamen R	rpe	0.44822467816106537
46	Caudate / Putamen R	rpe	0.12589435851215888
47	Caudate / Putamen R	rpe	0.5615807383394176
48	Caudate / Putamen R	rpe	0.4162106777660406
49	Caudate / Putamen R	rpe	0.4127866906438876
50	Caudate / Putamen R	rpe	0.14121707371504205
51	Caudate / Putamen R	rpe	0.4659230892132575
52	Caudate / Putamen R	rpe	0.25728544144783605
53	Caudate / Putamen R	rpe	0.14722099810085362
54	Caudate / Putamen R	rpe	0.16763371600643517
55	Caudate / Putamen R	rpe	0.3600011469410904
56	Caudate / Putamen R	rpe	0.485780452503027
57	Caudate / Putamen R	rpe	0.09200204781907946
58	Caudate / Putamen R	rpe	0.5823999076616794
59	Caudate / Putamen R	rpe	0.05839689784223114
60	Caudate / Putamen R	rpe	0.14555556114164503
61	Caudate / Putamen R	rpe	0.29940346360434855
62	Caudate / Putamen R	rpe	0.07956053571838398
63	Caudate / Putamen R	rpe	-0.14561417983452174
64	Caudate / Putamen R	rpe	0.301840440335455
01	Caudate / Putamen R	urpe	0.09428804948244018
02	Caudate / Putamen R	urpe	-0.2941132510112424
03	Caudate / Putamen R	urpe	-0.07814292914874202
04	Caudate / Putamen R	urpe	-0.33543424036281333
05	Caudate / Putamen R	urpe	-0.1473894761258008
06	Caudate / Putamen R	urpe	-0.016097123586652363
07	Caudate / Putamen R	urpe	0.011675607173239799
09	Caudate / Putamen R	urpe	-0.213189729354445
10	Caudate / Putamen R	urpe	-0.26723899435457565
11	Caudate / Putamen R	urpe	-0.0716297189114674
12	Caudate / Putamen R	urpe	-0.03477430034200348
14	Caudate / Putamen R	urpe	-0.18513699388818186
15	Caudate / Putamen R	urpe	0.03814697309612102
17	Caudate / Putamen R	urpe	-0.19989529298516054
18	Caudate / Putamen R	urpe	0.06673628427059619
19	Caudate / Putamen R	urpe	-0.10001835188521382
20	Caudate / Putamen R	urpe	-0.14926111201702116
21	Caudate / Putamen R	urpe	0.03784566406026577
22	Caudate / Putamen R	urpe	0.030729223362973488
23	Caudate / Putamen R	urpe	0.10069983499287721
24	Caudate / Putamen R	urpe	-0.29642717230951754
25	Caudate / Putamen R	urpe	-0.10254157503883507
26	Caudate / Putamen R	urpe	0.025526531901162452
27	Caudate / Putamen R	urpe	-0.03217324459957229
28	Caudate / Putamen R	urpe	0.019314591608492616
29	Caudate / Putamen R	urpe	0.19018433776451396
30	Caudate / Putamen R	urpe	-0.09913050419048858
33	Caudate / Putamen R	urpe	-0.00040311806110902544
34	Caudate / Putamen R	urpe	0.08327968680737001
35	Caudate / Putamen R	urpe	-0.12785592930264342
36	Caudate / Putamen R	urpe	-0.21617967188228313
37	Caudate / Putamen R	urpe	0.07482261831675156
38	Caudate / Putamen R	urpe	-0.22724902265687344
39	Caudate / Putamen R	urpe	-0.21690319740475741
40	Caudate / Putamen R	urpe	-0.010000549785183948
41	Caudate / Putamen R	urpe	-0.09253136680497157
42	Caudate / Putamen R	urpe	-0.12208684014198044
43	Caudate / Putamen R	urpe	-0.05481863460358455
45	Caudate / Putamen R	urpe	-0.02483309489434286
46	Caudate / Putamen R	urpe	-0.06541718650102389
47	Caudate / Putamen R	urpe	0.0025540973229168434
48	Caudate / Putamen R	urpe	-0.18479934364912604
49	Caudate / Putamen R	urpe	-0.14532048171347134
50	Caudate / Putamen R	urpe	-0.09978651401282097
51	Caudate / Putamen R	urpe	-0.3211123818155346
52	Caudate / Putamen R	urpe	-0.04071235651265861
53	Caudate / Putamen R	urpe	-0.032353473582409815
54	Caudate / Putamen R	urpe	-0.1508982478911139
55	Caudate / Putamen R	urpe	-0.19725728897973677
56	Caudate / Putamen R	urpe	-0.224486483197175
57	Caudate / Putamen R	urpe	-0.1744312315873677
58	Caudate / Putamen R	urpe	-0.08778924646640376
59	Caudate / Putamen R	urpe	0.19429807260907958
60	Caudate / Putamen R	urpe	0.02417669289504254
61	Caudate / Putamen R	urpe	-0.10195754259923087
62	Caudate / Putamen R	urpe	0.05236321264602882
63	Caudate / Putamen R	urpe	-0.08105742707410096
64	Caudate / Putamen R	urpe	0.019891615340589357
01	Caudate / Putamen R	surprise	-0.058401346390336416
02	Caudate / Putamen R	surprise	0.01336441791478759
03	Caudate / Putamen R	surprise	-0.030003424068652473
04	Caudate / Putamen R	surprise	-0.07002043477465889
05	Caudate / Putamen R	surprise	0.035423689131156434
06	Caudate / Putamen R	surprise	0.02644537809747996
07	Caudate / Putamen R	surprise	0.004402584236659954
09	Caudate / Putamen R	surprise	-0.011623003008400485
10	Caudate / Putamen R	surprise	-0.008844637319646253
11	Caudate / Putamen R	surprise	0.037371953600969766
12	Caudate / Putamen R	surprise	0.014137688532649578
14	Caudate / Putamen R	surprise	0.021972868143728033
15	Caudate / Putamen R	surprise	-0.03746409119655661
17	Caudate / Putamen R	surprise	-0.00745843504861205
18	Caudate / Putamen R	surprise	-0.06519593327545989
19	Caudate / Putamen R	surprise	-0.17795525792444591
20	Caudate / Putamen R	surprise	0.04795181118047972
21	Caudate / Putamen R	surprise	-0.017165450393345324
22	Caudate / Putamen R	surprise	-0.041806724607387456
23	Caudate / Putamen R	surprise	0.025923070863937737
24	Caudate / Putamen R	surprise	-0.011892331279826602
25	Caudate / Putamen R	surprise	-0.07273315600312846
26	Caudate / Putamen R	surprise	0.21389660175505654
27	Caudate / Putamen R	surprise	0.021718278428236322
28	Caudate / Putamen R	surprise	0.023319608105547264
29	Caudate / Putamen R	surprise	-0.019231742920086833
30	Caudate / Putamen R	surprise	-0.006795974038001644
33	Caudate / Putamen R	surprise	0.012899779236226377
34	Caudate / Putamen R	surprise	-0.0003301994090553955
35	Caudate / Putamen R	surprise	0.11312880725563028
36	Caudate / Putamen R	surprise	-0.031197912937894826
37	Caudate / Putamen R	surprise	-0.011802157844569049
38	Caudate / Putamen R	surprise	0.18795895642653865
39	Caudate / Putamen R	surprise	0.08703374629311872
40	Caudate / Putamen R	surprise	-0.024287045239733678
41	Caudate / Putamen R	surprise	0.06830781403669656
42	Caudate / Putamen R	surprise	-0.029019054988656548
43	Caudate / Putamen R	surprise	0.0018162860909032201
45	Caudate / Putamen R	surprise	0.002965738748786268
46	Caudate / Putamen R	surprise	-0.0027684806487347615
47	Caudate / Putamen R	surprise	-0.0548417382004732
48	Caudate / Putamen R	surprise	-0.05058617771041667
49	Caudate / Putamen R	surprise	0.1013206764060788
50	Caudate / Putamen R	surprise	0.008026115101205912
51	Caudate / Putamen R	surprise	0.007876322625641322
52	Caudate / Putamen R	surprise	-0.045093346317748986
53	Caudate / Putamen R	surprise	0.021151425285818468
54	Caudate / Putamen R	surprise	0.0297420163725979
55	Caudate / Putamen R	surprise	-0.07792473246590045
56	Caudate / Putamen R	surprise	0.10856133136665924
57	Caudate / Putamen R	surprise	-0.041196746005673496
58	Caudate / Putamen R	surprise	0.013706549685446698
59	Caudate / Putamen R	surprise	-0.14167934468798332
60	Caudate / Putamen R	surprise	-0.02505799811030127
61	Caudate / Putamen R	surprise	-0.0050477157866436854
62	Caudate / Putamen R	surprise	0.0349335291916804
63	Caudate / Putamen R	surprise	0.06983466820832475
64	Caudate / Putamen R	surprise	0.0005228585453399652
01	Caudate / Putamen R (2)	rpe	0.22946826771493806
02	Caudate / Putamen R (2)	rpe	0.6186217097930022
03	Caudate / Putamen R (2)	rpe	0.6282115671713439
04	Caudate / Putamen R (2)	rpe	0.0949047939134592
05	Caudate / Putamen R (2)	rpe	0.34248081728694074
06	Caudate / Putamen R (2)	rpe	0.2452195287958256
07	Caudate / Putamen R (2)	rpe	-0.023970801575766625
09	Caudate / Putamen R (2)	rpe	0.04786863110309371
10	Caudate / Putamen R (2)	rpe	0.7594606753541268
11	Caudate / Putamen R (2)	rpe	0.41814819683124715
12	Caudate / Putamen R (2)	rpe	0.3295245978557865
14	Caudate / Putamen R (2)	rpe	0.19788934144247225
15	Caudate / Putamen R (2)	rpe	0.0005992996037353545
17	Caudate / Putamen R (2)	rpe	0.1133791901381344
18	Caudate / Putamen R (2)	rpe	0.4068902148513665
19	Caudate / Putamen R (2)	rpe	0.4208234298282367
20	Caudate / Putamen R (2)	rpe	0.1803091396169856
21	Caudate / Putamen R (2)	rpe	0.3579719534635279
22	Caudate / Putamen R (2)	rpe	0.258730747326817
23	Caudate / Putamen R (2)	rpe	0.11337920724538327
24	Caudate / Putamen R (2)	rpe	0.28865167255330343
25	Caudate / Putamen R (2)	rpe	0.3706176335552473
26	Caudate / Putamen R (2)	rpe	-0.10073437163681817
27	Caudate / Putamen R (2)	rpe	0.5791439626090107
28	Caudate / Putamen R (2)	rpe	0.5477717337704061
29	Caudate / Putamen R (2)	rpe	0.33433405330814864
30	Caudate / Putamen R (2)	rpe	0.3779079737891152
33	Caudate / Putamen R (2)	rpe	0.2405034693557744
34	Caudate / Putamen R (2)	rpe	0.22176003152275198
35	Caudate / Putamen R (2)	rpe	0.35872385460859385
36	Caudate / Putamen R (2)	rpe	0.08558682369730378
37	Caudate / Putamen R (2)	rpe	0.24217369060479108
38	Caudate / Putamen R (2)	rpe	-0.03572031914811218
39	Caudate / Putamen R (2)	rpe	0.16588253595923777
40	Caudate / Putamen R (2)	rpe	0.22932689551622995
41	Caudate / Putamen R (2)	rpe	0.5579802545264274
42	Caudate / Putamen R (2)	rpe	0.41954261181876756
43	Caudate / Putamen R (2)	rpe	0.3858674468026574
45	Caudate / Putamen R (2)	rpe	0.6721235237507721
46	Caudate / Putamen R (2)	rpe	0.1753168206213602
47	Caudate / Putamen R (2)	rpe	0.7595517939241767
48	Caudate / Putamen R (2)	rpe	0.1623541884721254
49	Caudate / Putamen R (2)	rpe	0.4881380957644329
50	Caudate / Putamen R (2)	rpe	0.062383953905581234
51	Caudate / Putamen R (2)	rpe	0.49777201779014874
52	Caudate / Putamen R (2)	rpe	0.4249826241663175
53	Caudate / Putamen R (2)	rpe	0.062013572217516154
54	Caudate / Putamen R (2)	rpe	0.17793991984287155
55	Caudate / Putamen R (2)	rpe	0.2943332514203835
56	Caudate / Putamen R (2)	rpe	0.5316905349027365
57	Caudate / Putamen R (2)	rpe	0.0024945125272183974
58	Caudate / Putamen R (2)	rpe	0.42808561690416397
59	Caudate / Putamen R (2)	rpe	0.10397629648685411
60	Caudate / Putamen R (2)	rpe	0.030004503708499084
61	Caudate / Putamen R (2)	rpe	0.24171944856016558
62	Caudate / Putamen R (2)	rpe	0.26262455893065634
63	Caudate / Putamen R (2)	rpe	-0.07214823043957602
64	Caudate / Putamen R (2)	rpe	0.4344253618563276
01	Caudate / Putamen R (2)	urpe	-0.21698567319399445
02	Caudate / Putamen R (2)	urpe	-0.43383008660173455
03	Caudate / Putamen R (2)	urpe	-0.28212186279186946
04	Caudate / Putamen R (2)	urpe	-0.3164040550925122
05	Caudate / Putamen R (2)	urpe	-0.3520334757075467
06	Caudate / Putamen R (2)	urpe	-0.10308572399882819
07	Caudate / Putamen R (2)	urpe	0.012272314613498262
09	Caudate / Putamen R (2)	urpe	-0.3596161135742813
10	Caudate / Putamen R (2)	urpe	-0.4024579565558194
11	Caudate / Putamen R (2)	urpe	-0.11304024309950668
12	Caudate / Putamen R (2)	urpe	0.012757150396681113
14	Caudate / Putamen R (2)	urpe	-0.3277589868056176
15	Caudate / Putamen R (2)	urpe	-0.03419700111336126
17	Caudate / Putamen R (2)	urpe	-0.23939496861293308
18	Caudate / Putamen R (2)	urpe	-0.08481680425974272
19	Caudate / Putamen R (2)	urpe	-0.12622915033146326
20	Caudate / Putamen R (2)	urpe	-0.28700808683258533
21	Caudate / Putamen R (2)	urpe	-0.06591880470436774
22	Caudate / Putamen R (2)	urpe	0.03905457903966808
23	Caudate / Putamen R (2)	urpe	-0.09030748888304364
24	Caudate / Putamen R (2)	urpe	-0.44583344870119446
25	Caudate / Putamen R (2)	urpe	-0.05102234234747292
26	Caudate / Putamen R (2)	urpe	-0.008635390490616417
27	Caudate / Putamen R (2)	urpe	0.014065373071822424
28	Caudate / Putamen R (2)	urpe	-0.03213282566623873
29	Caudate / Putamen R (2)	urpe	0.22707232928594404
30	Caudate / Putamen R (2)	urpe	-0.33173272088970407
33	Caudate / Putamen R (2)	urpe	-0.040265325684612475
34	Caudate / Putamen R (2)	urpe	-0.15286297151639397
35	Caudate / Putamen R (2)	urpe	-0.18568463591781048
36	Caudate / Putamen R (2)	urpe	-0.11169639553807298
37	Caudate / Putamen R (2)	urpe	-0.09565802850121724
38	Caudate / Putamen R (2)	urpe	-0.11957989311690437
39	Caudate / Putamen R (2)	urpe	-0.4017125953687528
40	Caudate / Putamen R (2)	urpe	-0.04695442683694832
41	Caudate / Putamen R (2)	urpe	-0.16544681887987087
42	Caudate / Putamen R (2)	urpe	-0.19802142227225497
43	Caudate / Putamen R (2)	urpe	-0.20273116080936146
45	Caudate / Putamen R (2)	urpe	-0.33866135617245163
46	Caudate / Putamen R (2)	urpe	-0.16095188268061195
47	Caudate / Putamen R (2)	urpe	-0.1621626182702693
48	Caudate / Putamen R (2)	urpe	-0.2872050935104891
49	Caudate / Putamen R (2)	urpe	-0.534689190489319
50	Caudate / Putamen R (2)	urpe	-0.28177634970259186
51	Caudate / Putamen R (2)	urpe	-0.32867050496099093
52	Caudate / Putamen R (2)	urpe	-0.2715072475892298
53	Caudate / Putamen R (2)	urpe	-0.10797923971036825
54	Caudate / Putamen R (2)	urpe	-0.5264020216039907
55	Caudate / Putamen R (2)	urpe	-0.49432330036154654
56	Caudate / Putamen R (2)	urpe	-0.11502876351441955
57	Caudate / Putamen R (2)	urpe	-0.24403275458137483
58	Caudate / Putamen R (2)	urpe	-0.33836829086827663
59	Caudate / Putamen R (2)	urpe	0.003275813664800981
60	Caudate / Putamen R (2)	urpe	-0.0675285336661199
61	Caudate / Putamen R (2)	urpe	-0.18578973567408477
62	Caudate / Putamen R (2)	urpe	-0.08789651081236852
63	Caudate / Putamen R (2)	urpe	-0.0009061351269029469
64	Caudate / Putamen R (2)	urpe	0.042665392254015645
01	Caudate / Putamen R (2)	surprise	-0.09233803382004616
02	Caudate / Putamen R (2)	surprise	-0.05667124291453331
03	Caudate / Putamen R (2)	surprise	-0.07829381352822522
04	Caudate / Putamen R (2)	surprise	0.019802202525113985
05	Caudate / Putamen R (2)	surprise	0.12193678286708919
06	Caudate / Putamen R (2)	surprise	0.04336013895257392
07	Caudate / Putamen R (2)	surprise	0.06071418401215526
09	Caudate / Putamen R (2)	surprise	0.08932997419236753
10	Caudate / Putamen R (2)	surprise	-0.023564096339123895
11	Caudate / Putamen R (2)	surprise	0.028219159481315207
12	Caudate / Putamen R (2)	surprise	-0.04953285126354049
14	Caudate / Putamen R (2)	surprise	0.022238882478606163
15	Caudate / Putamen R (2)	surprise	-0.0018556793569803717
17	Caudate / Putamen R (2)	surprise	0.0890587052641162
18	Caudate / Putamen R (2)	surprise	-0.04868186204102607
19	Caudate / Putamen R (2)	surprise	-0.14239387424574185
20	Caudate / Putamen R (2)	surprise	0.013364446186850608
21	Caudate / Putamen R (2)	surprise	-0.04826780575035952
22	Caudate / Putamen R (2)	surprise	-0.0902675254336611
23	Caudate / Putamen R (2)	surprise	-0.006386816817035608
24	Caudate / Putamen R (2)	surprise	-0.053976913777768504
25	Caudate / Putamen R (2)	surprise	-0.09490840114484031
26	Caudate / Putamen R (2)	surprise	0.29393670926067333
27	Caudate / Putamen R (2)	surprise	0.15072690522815502
28	Caudate / Putamen R (2)	surprise	0.03034606420842898
29	Caudate / Putamen R (2)	surprise	0.0011412328738807835
30	Caudate / Putamen R (2)	surprise	-0.019144448639025584
33	Caudate / Putamen R (2)	surprise	0.022159705467289487
34	Caudate / Putamen R (2)	surprise	-0.040647045546712605
35	Caudate / Putamen R (2)	surprise	0.03282206531531258
36	Caudate / Putamen R (2)	surprise	-0.024039498198293412
37	Caudate / Putamen R (2)	surprise	-0.012883171696423579
38	Caudate / Putamen R (2)	surprise	0.13804265753756875
39	Caudate / Putamen R (2)	surprise	0.036406844007106406
40	Caudate / Putamen R (2)	surprise	-0.02107897940894916
41	Caudate / Putamen R (2)	surprise	0.03408824277975776
42	Caudate / Putamen R (2)	surprise	0.0006126252107259505
43	Caudate / Putamen R (2)	surprise	-0.10968582333906463
45	Caudate / Putamen R (2)	surprise	-0.047020904649815794
46	Caudate / Putamen R (2)	surprise	0.05900861056422097
47	Caudate / Putamen R (2)	surprise	-0.15883357144516377
48	Caudate / Putamen R (2)	surprise	-0.022753166752556266
49	Caudate / Putamen R (2)	surprise	0.024359055230299766
50	Caudate / Putamen R (2)	surprise	-0.0599466365848327
51	Caudate / Putamen R (2)	surprise	-0.01201826568832844
52	Caudate / Putamen R (2)	surprise	-0.024489163055613973
53	Caudate / Putamen R (2)	surprise	-0.024466653969226183
54	Caudate / Putamen R (2)	surprise	0.03125993026977605
55	Caudate / Putamen R (2)	surprise	-0.09953741066814137
56	Caudate / Putamen R (2)	surprise	0.3223355918169459
57	Caudate / Putamen R (2)	surprise	-0.051120339915189564
58	Caudate / Putamen R (2)	surprise	0.09137905020753632
59	Caudate / Putamen R (2)	surprise	-0.04529293536944741
60	Caudate / Putamen R (2)	surprise	-0.01858853572086792
61	Caudate / Putamen R (2)	surprise	-0.012715661828141968
62	Caudate / Putamen R (2)	surprise	0.08920360882132497
63	Caudate / Putamen R (2)	surprise	0.09227249896845413
64	Caudate / Putamen R (2)	surprise	-0.0010831222289891143
01	Cingulate Gyrus L	rpe	0.2126537010169404
02	Cingulate Gyrus L	rpe	0.6836602053246859
03	Cingulate Gyrus L	rpe	1.1243718832164804
04	Cingulate Gyrus L	rpe	0.28055287316850736
05	Cingulate Gyrus L	rpe	0.904673408552487
06	Cingulate Gyrus L	rpe	0.29018900906530476
07	Cingulate Gyrus L	rpe	-0.33358847355656057
09	Cingulate Gyrus L	rpe	0.4278565111858708
10	Cingulate Gyrus L	rpe	1.133361516311066
11	Cingulate Gyrus L	rpe	0.8185500070592492
12	Cingulate Gyrus L	rpe	0.016283996156480792
14	Cingulate Gyrus L	rpe	0.15496103615498352
15	Cingulate Gyrus L	rpe	0.31032302712961846
17	Cingulate Gyrus L	rpe	-0.04393474326044754
18	Cingulate Gyrus L	rpe	0.504251354859163
19	Cingulate Gyrus L	rpe	0.6512901874049283
20	Cingulate Gyrus L	rpe	0.03848447412809372
21	Cingulate Gyrus L	rpe	0.5552577530803959
22	Cingulate Gyrus L	rpe	0.21621674241542818
23	Cingulate Gyrus L	rpe	0.017861124016436285
24	Cingulate Gyrus L	rpe	0.4643731328303958
25	Cingulate Gyrus L	rpe	0.8503495527976105
26	Cingulate Gyrus L	rpe	-0.390511705841019
27	Cingulate Gyrus L	rpe	0.43962111750893607
28	Cingulate Gyrus L	rpe	0.29285836621155986
29	Cingulate Gyrus L	rpe	0.5578960670490103
30	Cingulate Gyrus L	rpe	0.7085255477163986
33	Cingulate Gyrus L	rpe	-0.057214497413790394
34	Cingulate Gyrus L	rpe	0.07985811768806815
35	Cingulate Gyrus L	rpe	0.19872535974763475
36	Cingulate Gyrus L	rpe	0.3202939019975504
37	Cingulate Gyrus L	rpe	0.21990325769908145
38	Cingulate Gyrus L	rpe	-0.19028067887193093
39	Cingulate Gyrus L	rpe	0.20502708477948337
40	Cingulate Gyrus L	rpe	-0.1416144036720713
41	Cingulate Gyrus L	rpe	0.62763392285944
42	Cingulate Gyrus L	rpe	0.14351135161670106
43	Cingulate Gyrus L	rpe	0.4647734001132615
45	Cingulate Gyrus L	rpe	0.7126665647915843
46	Cingulate Gyrus L	rpe	-0.029138710136736197
47	Cingulate Gyrus L	rpe	0.8984884378765415
48	Cingulate Gyrus L	rpe	0.5138966110627995
49	Cingulate Gyrus L	rpe	0.17969173122746745
50	Cingulate Gyrus L	rpe	0.10555172949591944
51	Cingulate Gyrus L	rpe	0.5729659511701263
52	Cingulate Gyrus L	rpe	0.4252817592121747
53	Cingulate Gyrus L	rpe	-0.10516736419465353
54	Cingulate Gyrus L	rpe	0.3500913334176622
55	Cingulate Gyrus L	rpe	0.570388568494961
56	Cingulate Gyrus L	rpe	0.31747380583407514
57	Cingulate Gyrus L	rpe	-0.35507494887713986
58	Cingulate Gyrus L	rpe	0.634064633747202
59	Cingulate Gyrus L	rpe	0.12875970630573427
60	Cingulate Gyrus L	rpe	0.12681566292572527
61	Cingulate Gyrus L	rpe	0.46346382498245
62	Cingulate Gyrus L	rpe	-0.32459832436568764
63	Cingulate Gyrus L	rpe	-0.5830032335910594
64	Cingulate Gyrus L	rpe	0.483044443743274
01	Cingulate Gyrus L	urpe	-0.027290336400903965
02	Cingulate Gyrus L	urpe	-0.5961326520248034
03	Cingulate Gyrus L	urpe	-0.3106003077333141
04	Cingulate Gyrus L	urpe	-0.9312181743471724
05	Cingulate Gyrus L	urpe	-0.5512385798223502
06	Cingulate Gyrus L	urpe	-0.2140122639730735
07	Cingulate Gyrus L	urpe	-0.15371927548032957
09	Cingulate Gyrus L	urpe	-0.7373210862339988
10	Cingulate Gyrus L	urpe	-0.3830809512978769
11	Cingulate Gyrus L	urpe	-0.2140286543350212
12	Cingulate Gyrus L	urpe	-0.23883380840886217
14	Cingulate Gyrus L	urpe	-0.6004215489921019
15	Cingulate Gyrus L	urpe	0.2939594404144724
17	Cingulate Gyrus L	urpe	-0.4537588728571256
18	Cingulate Gyrus L	urpe	-0.36466090036442744
19	Cingulate Gyrus L	urpe	-0.16750328295230277
20	Cingulate Gyrus L	urpe	-0.5503877660881864
21	Cingulate Gyrus L	urpe	-0.0008734333263394876
22	Cingulate Gyrus L	urpe	0.1422198735846711
23	Cingulate Gyrus L	urpe	0.2092356187540877
24	Cingulate Gyrus L	urpe	-0.5742140855216633
25	Cingulate Gyrus L	urpe	-0.06521290424787812
26	Cingulate Gyrus L	urpe	-0.06227148793840349
27	Cingulate Gyrus L	urpe	-0.15597354208116823
28	Cingulate Gyrus L	urpe	-0.19577125532058512
29	Cingulate Gyrus L	urpe	0.2916509381940746
30	Cingulate Gyrus L	urpe	-0.2784456388899394
33	Cingulate Gyrus L	urpe	-0.18371282438796682
34	Cingulate Gyrus L	urpe	-0.0805569845991347
35	Cingulate Gyrus L	urpe	-0.02696014202799105
36	Cingulate Gyrus L	urpe	-0.31122489571507067
37	Cingulate Gyrus L	urpe	-0.017033850772230866
38	Cingulate Gyrus L	urpe	-0.4309887400839672
39	Cingulate Gyrus L	urpe	-0.46264263514140425
40	Cingulate Gyrus L	urpe	-0.04898577859575734
41	Cingulate Gyrus L	urpe	-0.3468275066112663
42	Cingulate Gyrus L	urpe	-0.07391656928341195
43	Cingulate Gyrus L	urpe	-0.22963891398059835
45	Cingulate Gyrus L	urpe	-0.5082181526951908
46	Cingulate Gyrus L	urpe	-0.15613312781929245
47	Cingulate Gyrus L	urpe	-0.1888312668691466
48	Cingulate Gyrus L	urpe	-0.2735361822620582
49	Cingulate Gyrus L	urpe	-0.41148136110385086
50	Cingulate Gyrus L	urpe	-0.16322272962844503
51	Cingulate Gyrus L	urpe	-0.8221618629553739
52	Cingulate Gyrus L	urpe	-0.1851064678715745
53	Cingulate Gyrus L	urpe	-0.04855715725395842
54	Cingulate Gyrus L	urpe	-0.22695514228575853
55	Cingulate Gyrus L	urpe	-0.5628406447363598
56	Cingulate Gyrus L	urpe	0.10089186505289473
57	Cingulate Gyrus L	urpe	-0.11179940586617773
58	Cingulate Gyrus L	urpe	-0.2543314547329928
59	Cingulate Gyrus L	urpe	0.11393312331910925
60	Cingulate Gyrus L	urpe	-0.08106872350309297
61	Cingulate Gyrus L	urpe	-0.2756153918602403
62	Cingulate Gyrus L	urpe	-0.11526462490588402
63	Cingulate Gyrus L	urpe	-0.511203305259839
64	Cingulate Gyrus L	urpe	0.04001326235224896
01	Cingulate Gyrus L	surprise	-0.18073982714228182
02	Cingulate Gyrus L	surprise	0.0587805110722784
03	Cingulate Gyrus L	surprise	-0.16031655949458648
04	Cingulate Gyrus L	surprise	-0.1173319047350971
05	Cingulate Gyrus L	surprise	0.2484978908385702
06	Cingulate Gyrus L	surprise	0.07244113407794633
07	Cingulate Gyrus L	surprise	0.009498570354246574
09	Cingulate Gyrus L	surprise	0.09603699532779342
10	Cingulate Gyrus L	surprise	0.00589542048437458
11	Cingulate Gyrus L	surprise	0.14686055269402287
12	Cingulate Gyrus L	surprise	-0.0015287906783090911
14	Cingulate Gyrus L	surprise	0.011595477683563135
15	Cingulate Gyrus L	surprise	-0.10400295781516851
17	Cingulate Gyrus L	surprise	-0.08088035841381228
18	Cingulate Gyrus L	surprise	-0.20382306853381435
19	Cingulate Gyrus L	surprise	-0.45266870000388276
20	Cingulate Gyrus L	surprise	0.0003290387841104866
21	Cingulate Gyrus L	surprise	0.05494795756974531
22	Cingulate Gyrus L	surprise	0.16021685773224378
23	Cingulate Gyrus L	surprise	0.002751311302053849
24	Cingulate Gyrus L	surprise	0.07553401309507472
25	Cingulate Gyrus L	surprise	-0.04718946663183563
26	Cingulate Gyrus L	surprise	0.5146422041226054
27	Cingulate Gyrus L	surprise	0.12385964761943917
28	Cingulate Gyrus L	surprise	0.039645694484128746
29	Cingulate Gyrus L	surprise	-0.004929052373309513
30	Cingulate Gyrus L	surprise	0.009548428623151525
33	Cingulate Gyrus L	surprise	0.038159910252045126
34	Cingulate Gyrus L	surprise	0.10511161206103842
35	Cingulate Gyrus L	surprise	0.2000408251741415
36	Cingulate Gyrus L	surprise	-0.15278501167833763
37	Cingulate Gyrus L	surprise	-0.01703383003138286
38	Cingulate Gyrus L	surprise	0.31405469222810156
39	Cingulate Gyrus L	surprise	0.04212715743330786
40	Cingulate Gyrus L	surprise	0.012863553049351367
41	Cingulate Gyrus L	surprise	0.17924500714789054
42	Cingulate Gyrus L	surprise	-0.08765549348288623
43	Cingulate Gyrus L	surprise	-0.04461836014458007
45	Cingulate Gyrus L	surprise	0.06891930815321884
46	Cingulate Gyrus L	surprise	0.0951579942089175
47	Cingulate Gyrus L	surprise	0.03331459458735133
48	Cingulate Gyrus L	surprise	-0.056657068550861396
49	Cingulate Gyrus L	surprise	0.24193388662214693
50	Cingulate Gyrus L	surprise	-0.08222454293344436
51	Cingulate Gyrus L	surprise	-0.0031557946592241422
52	Cingulate Gyrus L	surprise	-0.02980210206375254
53	Cingulate Gyrus L	surprise	0.13221554077918032
54	Cingulate Gyrus L	surprise	0.0035281514390995807
55	Cingulate Gyrus L	surprise	-0.2698286879832518
56	Cingulate Gyrus L	surprise	-0.017423869117556428
57	Cingulate Gyrus L	surprise	-0.02237703229128542
58	Cingulate Gyrus L	surprise	0.11051207796347673
59	Cingulate Gyrus L	surprise	-0.11594080500726785
60	Cingulate Gyrus L	surprise	-0.1509038641186122
61	Cingulate Gyrus L	surprise	-0.11886226386779485
62	Cingulate Gyrus L	surprise	0.004349418403029335
63	Cingulate Gyrus L	surprise	0.28106386109914727
64	Cingulate Gyrus L	surprise	0.01826590277566874
01	Visual cortex (mid/lat occipital) L	rpe	0.03885466389953872
02	Visual cortex (mid/lat occipital) L	rpe	0.3807558471811958
03	Visual cortex (mid/lat occipital) L	rpe	0.6172744694538188
04	Visual cortex (mid/lat occipital) L	rpe	0.1353846635261521
05	Visual cortex (mid/lat occipital) L	rpe	0.5975939630254093
06	Visual cortex (mid/lat occipital) L	rpe	0.07795406785620819
07	Visual cortex (mid/lat occipital) L	rpe	-0.0007342730356292077
09	Visual cortex (mid/lat occipital) L	rpe	0.1423959592868186
10	Visual cortex (mid/lat occipital) L	rpe	0.6889005627433338
11	Visual cortex (mid/lat occipital) L	rpe	0.5760849486936884
12	Visual cortex (mid/lat occipital) L	rpe	0.26472511545476024
14	Visual cortex (mid/lat occipital) L	rpe	-0.09554788744303976
15	Visual cortex (mid/lat occipital) L	rpe	0.04592089158694887
17	Visual cortex (mid/lat occipital) L	rpe	0.22147528034492941
18	Visual cortex (mid/lat occipital) L	rpe	0.14277685802831072
19	Visual cortex (mid/lat occipital) L	rpe	0.7088353900009153
20	Visual cortex (mid/lat occipital) L	rpe	0.23568217597878058
21	Visual cortex (mid/lat occipital) L	rpe	0.3611626346433764
22	Visual cortex (mid/lat occipital) L	rpe	0.24087047410202647
23	Visual cortex (mid/lat occipital) L	rpe	0.042636114859035214
24	Visual cortex (mid/lat occipital) L	rpe	0.45066313695811516
25	Visual cortex (mid/lat occipital) L	rpe	0.5376546061812773
26	Visual cortex (mid/lat occipital) L	rpe	-0.08654398615472726
27	Visual cortex (mid/lat occipital) L	rpe	0.4202221377570531
28	Visual cortex (mid/lat occipital) L	rpe	0.3760548088981989
29	Visual cortex (mid/lat occipital) L	rpe	0.37106444590258497
30	Visual cortex (mid/lat occipital) L	rpe	0.19708982641367323
33	Visual cortex (mid/lat occipital) L	rpe	0.24754255987766624
34	Visual cortex (mid/lat occipital) L	rpe	0.14882197801690952
35	Visual cortex (mid/lat occipital) L	rpe	0.23993655128804384
36	Visual cortex (mid/lat occipital) L	rpe	0.29615150953649816
37	Visual cortex (mid/lat occipital) L	rpe	0.3609119114978211
38	Visual cortex (mid/lat occipital) L	rpe	-0.12891438868728747
39	Visual cortex (mid/lat occipital) L	rpe	0.08293517237853226
40	Visual cortex (mid/lat occipital) L	rpe	0.07157928199598675
41	Visual cortex (mid/lat occipital) L	rpe	0.7676246558290025
42	Visual cortex (mid/lat occipital) L	rpe	0.3605349906284548
43	Visual cortex (mid/lat occipital) L	rpe	0.21299863966500285
45	Visual cortex (mid/lat occipital) L	rpe	0.5519117074266058
46	Visual cortex (mid/lat occipital) L	rpe	0.10111373575868746
47	Visual cortex (mid/lat occipital) L	rpe	0.5732081386075103
48	Visual cortex (mid/lat occipital) L	rpe	0.1584157912055809
49	Visual cortex (mid/lat occipital) L	rpe	0.4340825223323339
50	Visual cortex (mid/lat occipital) L	rpe	0.09131441932579107
51	Visual cortex (mid/lat occipital) L	rpe	0.39870477057888737
52	Visual cortex (mid/lat occipital) L	rpe	0.3267743840648774
53	Visual cortex (mid/lat occipital) L	rpe	0.16081214046976666
54	Visual cortex (mid/lat occipital) L	rpe	0.14112973559121172
55	Visual cortex (mid/lat occipital) L	rpe	0.2833707457285811
56	Visual cortex (mid/lat occipital) L	rpe	0.3398247902291802
57	Visual cortex (mid/lat occipital) L	rpe	0.11120266509422
58	Visual cortex (mid/lat occipital) L	rpe	0.528866222859581
59	Visual cortex (mid/lat occipital) L	rpe	-0.0004559535566643265
60	Visual cortex (mid/lat occipital) L	rpe	0.13278695033313787
61	Visual cortex (mid/lat occipital) L	rpe	0.302670185820799
62	Visual cortex (mid/lat occipital) L	rpe	0.1252931076193054
63	Visual cortex (mid/lat occipital) L	rpe	-0.24061863129576022
64	Visual cortex (mid/lat occipital) L	rpe	0.27563949442354146
01	Visual cortex (mid/lat occipital) L	urpe	0.03987815587643878
02	Visual cortex (mid/lat occipital) L	urpe	-0.35151232760127993
03	Visual cortex (mid/lat occipital) L	urpe	-0.19562140813921963
04	Visual cortex (mid/lat occipital) L	urpe	-0.2793740636745767
05	Visual cortex (mid/lat occipital) L	urpe	-0.3496587132160322
06	Visual cortex (mid/lat occipital) L	urpe	-0.13097897663188846
07	Visual cortex (mid/lat occipital) L	urpe	-0.021966960034582126
09	Visual cortex (mid/lat occipital) L	urpe	-0.3160629117326559
10	Visual cortex (mid/lat occipital) L	urpe	-0.20902247197902987
11	Visual cortex (mid/lat occipital) L	urpe	-0.05151421907487654
12	Visual cortex (mid/lat occipital) L	urpe	-0.1172683935644868
14	Visual cortex (mid/lat occipital) L	urpe	-0.20623532580737255
15	Visual cortex (mid/lat occipital) L	urpe	-0.16228888257288399
17	Visual cortex (mid/lat occipital) L	urpe	-0.2935780240252517
18	Visual cortex (mid/lat occipital) L	urpe	0.024673757515037868
19	Visual cortex (mid/lat occipital) L	urpe	-0.03937153796260852
20	Visual cortex (mid/lat occipital) L	urpe	-0.22524937998200292
21	Visual cortex (mid/lat occipital) L	urpe	0.08008103189287578
22	Visual cortex (mid/lat occipital) L	urpe	0.0265562454207273
23	Visual cortex (mid/lat occipital) L	urpe	-0.01107936290931296
24	Visual cortex (mid/lat occipital) L	urpe	-0.47676654605343166
25	Visual cortex (mid/lat occipital) L	urpe	-0.17366962394205218
26	Visual cortex (mid/lat occipital) L	urpe	0.028912518228043554
27	Visual cortex (mid/lat occipital) L	urpe	-0.0922255464980527
28	Visual cortex (mid/lat occipital) L	urpe	-0.004551132582962617
29	Visual cortex (mid/lat occipital) L	urpe	0.09398997477244446
30	Visual cortex (mid/lat occipital) L	urpe	-0.1091522939088313
33	Visual cortex (mid/lat occipital) L	urpe	0.025436386007039805
34	Visual cortex (mid/lat occipital) L	urpe	0.027074619628633865
35	Visual cortex (mid/lat occipital) L	urpe	-0.2514057421744467
36	Visual cortex (mid/lat occipital) L	urpe	-0.2707900081422827
37	Visual cortex (mid/lat occipital) L	urpe	0.01531256876532366
38	Visual cortex (mid/lat occipital) L	urpe	-0.26904032667301014
39	Visual cortex (mid/lat occipital) L	urpe	-0.31390566322550606
40	Visual cortex (mid/lat occipital) L	urpe	-0.11814833574523152
41	Visual cortex (mid/lat occipital) L	urpe	-0.2624915025588015
42	Visual cortex (mid/lat occipital) L	urpe	-0.13079072425847355
43	Visual cortex (mid/lat occipital) L	urpe	-0.1820710298673797
45	Visual cortex (mid/lat occipital) L	urpe	-0.25786746676469063
46	Visual cortex (mid/lat occipital) L	urpe	-0.15102771297663015
47	Visual cortex (mid/lat occipital) L	urpe	-0.2108663603071634
48	Visual cortex (mid/lat occipital) L	urpe	-0.20955452186346943
49	Visual cortex (mid/lat occipital) L	urpe	-0.24965964000666302
50	Visual cortex (mid/lat occipital) L	urpe	-0.2569966305306556
51	Visual cortex (mid/lat occipital) L	urpe	-0.3619781360511466
52	Visual cortex (mid/lat occipital) L	urpe	-0.16492199342650332
53	Visual cortex (mid/lat occipital) L	urpe	-0.17732312993470334
54	Visual cortex (mid/lat occipital) L	urpe	-0.11922508276142361
55	Visual cortex (mid/lat occipital) L	urpe	-0.271300132090468
56	Visual cortex (mid/lat occipital) L	urpe	-0.1788491232331346
57	Visual cortex (mid/lat occipital) L	urpe	-0.2010217737793232
58	Visual cortex (mid/lat occipital) L	urpe	-0.146569225031152
59	Visual cortex (mid/lat occipital) L	urpe	0.17001297099586063
60	Visual cortex (mid/lat occipital) L	urpe	0.03978866377613354
61	Visual cortex (mid/lat occipital) L	urpe	-0.09514889166465358
62	Visual cortex (mid/lat occipital) L	urpe	0.0873961346448506
63	Visual cortex (mid/lat occipital) L	urpe	-0.11010357189660706
64	Visual cortex (mid/lat occipital) L	urpe	0.10653915031966066
01	Visual cortex (mid/lat occipital) L	surprise	-0.04327247204986952
02	Visual cortex (mid/lat occipital) L	surprise	-0.005101470495469502
03	Visual cortex (mid/lat occipital) L	surprise	-0.013687590356039326
04	Visual cortex (mid/lat occipital) L	surprise	-0.0016808865094430946
05	Visual cortex (mid/lat occipital) L	surprise	0.03307711879259491
06	Visual cortex (mid/lat occipital) L	surprise	0.03752613168515885
07	Visual cortex (mid/lat occipital) L	surprise	0.04680095979461289
09	Visual cortex (mid/lat occipital) L	surprise	-0.020537928520252147
10	Visual cortex (mid/lat occipital) L	surprise	0.006681630121589392
11	Visual cortex (mid/lat occipital) L	surprise	0.02767382133827166
12	Visual cortex (mid/lat occipital) L	surprise	0.027317633864235795
14	Visual cortex (mid/lat occipital) L	surprise	0.049827218558270096
15	Visual cortex (mid/lat occipital) L	surprise	-0.013080814421934928
17	Visual cortex (mid/lat occipital) L	surprise	-0.01793491018924616
18	Visual cortex (mid/lat occipital) L	surprise	-0.03511271672997234
19	Visual cortex (mid/lat occipital) L	surprise	-0.1195223309165591
20	Visual cortex (mid/lat occipital) L	surprise	0.07359171476089797
21	Visual cortex (mid/lat occipital) L	surprise	-0.004285074966574339
22	Visual cortex (mid/lat occipital) L	surprise	-0.06490798304362784
23	Visual cortex (mid/lat occipital) L	surprise	0.020041224527068635
24	Visual cortex (mid/lat occipital) L	surprise	-0.014619460657014952
25	Visual cortex (mid/lat occipital) L	surprise	-0.003429730952480997
26	Visual cortex (mid/lat occipital) L	surprise	0.20237327849448297
27	Visual cortex (mid/lat occipital) L	surprise	-0.0067166202520356965
28	Visual cortex (mid/lat occipital) L	surprise	0.049407096689994934
29	Visual cortex (mid/lat occipital) L	surprise	-0.05230333409287694
30	Visual cortex (mid/lat occipital) L	surprise	-0.03737190481324333
33	Visual cortex (mid/lat occipital) L	surprise	-0.0002794528496398631
34	Visual cortex (mid/lat occipital) L	surprise	-0.02950775020032369
35	Visual cortex (mid/lat occipital) L	surprise	0.13988673055028478
36	Visual cortex (mid/lat occipital) L	surprise	-0.06888466975752643
37	Visual cortex (mid/lat occipital) L	surprise	0.08643329072073913
38	Visual cortex (mid/lat occipital) L	surprise	0.22264975267813233
39	Visual cortex (mid/lat occipital) L	surprise	0.1454868143190854
40	Visual cortex (mid/lat occipital) L	surprise	-0.019084222213155293
41	Visual cortex (mid/lat occipital) L	surprise	0.052083029464857364
42	Visual cortex (mid/lat occipital) L	surprise	-0.050286731213724095
43	Visual cortex (mid/lat occipital) L	surprise	0.013730101149661052
45	Visual cortex (mid/lat occipital) L	surprise	0.024994749413854992
46	Visual cortex (mid/lat occipital) L	surprise	-0.04951889385279146
47	Visual cortex (mid/lat occipital) L	surprise	-0.012250471519000447
48	Visual cortex (mid/lat occipital) L	surprise	-0.05926638918186601
49	Visual cortex (mid/lat occipital) L	surprise	0.09853528215158275
50	Visual cortex (mid/lat occipital) L	surprise	0.041819713169824115
51	Visual cortex (mid/lat occipital) L	surprise	0.038612204960856794
52	Visual cortex (mid/lat occipital) L	surprise	-0.02503188421400838
53	Visual cortex (mid/lat occipital) L	surprise	0.0543937725315571
54	Visual cortex (mid/lat occipital) L	surprise	0.04525248380207262
55	Visual cortex (mid/lat occipital) L	surprise	-0.07700158722458503
56	Visual cortex (mid/lat occipital) L	surprise	0.08599078974071316
57	Visual cortex (mid/lat occipital) L	surprise	0.005214214889593774
58	Visual cortex (mid/lat occipital) L	surprise	0.006690453991739765
59	Visual cortex (mid/lat occipital) L	surprise	-0.11553091819642534
60	Visual cortex (mid/lat occipital) L	surprise	-0.023572642629125062
61	Visual cortex (mid/lat occipital) L	surprise	-0.04606580552500746
62	Visual cortex (mid/lat occipital) L	surprise	0.06083527179500494
63	Visual cortex (mid/lat occipital) L	surprise	0.11187364710027553
64	Visual cortex (mid/lat occipital) L	surprise	-0.02880998516185313
01	Middle Temporal Gyrus R	rpe	0.03827776124370114
02	Middle Temporal Gyrus R	rpe	0.3690733944681851
03	Middle Temporal Gyrus R	rpe	0.7432516171355429
04	Middle Temporal Gyrus R	rpe	0.2577945450294951
05	Middle Temporal Gyrus R	rpe	0.5278245392791631
06	Middle Temporal Gyrus R	rpe	0.3097480784532802
07	Middle Temporal Gyrus R	rpe	0.2973700763642323
09	Middle Temporal Gyrus R	rpe	0.15607850730617584
10	Middle Temporal Gyrus R	rpe	0.8122144519235175
11	Middle Temporal Gyrus R	rpe	0.6059970068858891
12	Middle Temporal Gyrus R	rpe	0.21453646441852778
14	Middle Temporal Gyrus R	rpe	-0.12312697961130092
15	Middle Temporal Gyrus R	rpe	0.06112609129378016
17	Middle Temporal Gyrus R	rpe	0.2958970403878641
18	Middle Temporal Gyrus R	rpe	0.104563532815315
19	Middle Temporal Gyrus R	rpe	0.571675160726054
20	Middle Temporal Gyrus R	rpe	0.34474813321724246
21	Middle Temporal Gyrus R	rpe	0.4031410111049912
22	Middle Temporal Gyrus R	rpe	0.19335849641755384
23	Middle Temporal Gyrus R	rpe	-0.031105104945527796
24	Middle Temporal Gyrus R	rpe	0.45383559137733226
25	Middle Temporal Gyrus R	rpe	0.41427576669740357
26	Middle Temporal Gyrus R	rpe	-0.24954611765111528
27	Middle Temporal Gyrus R	rpe	0.4689635217151039
28	Middle Temporal Gyrus R	rpe	0.4338761683759898
29	Middle Temporal Gyrus R	rpe	0.3269025767325184
30	Middle Temporal Gyrus R	rpe	0.09952801033961735
33	Middle Temporal Gyrus R	rpe	0.18408404889137722
34	Middle Temporal Gyrus R	rpe	0.2785637763899987
35	Middle Temporal Gyrus R	rpe	0.18539029689062417
36	Middle Temporal Gyrus R	rpe	0.315492299231582
37	Middle Temporal Gyrus R	rpe	0.39341458406363783
38	Middle Temporal Gyrus R	rpe	-0.057372162544698055
39	Middle Temporal Gyrus R	rpe	0.03400175160886399
40	Middle Temporal Gyrus R	rpe	0.1871718493212329
41	Middle Temporal Gyrus R	rpe	0.8842391272902574
42	Middle Temporal Gyrus R	rpe	0.469307394839063
43	Middle Temporal Gyrus R	rpe	0.2688269530125016
45	Middle Temporal Gyrus R	rpe	0.4683500707033925
46	Middle Temporal Gyrus R	rpe	0.09444566543676344
47	Middle Temporal Gyrus R	rpe	0.4673565562900992
48	Middle Temporal Gyrus R	rpe	0.10923959799072057
49	Middle Temporal Gyrus R	rpe	0.4444729069393486
50	Middle Temporal Gyrus R	rpe	0.1793874543202123
51	Middle Temporal Gyrus R	rpe	0.3305722563737139
52	Middle Temporal Gyrus R	rpe	0.19046084578621697
53	Middle Temporal Gyrus R	rpe	0.22458280266597974
54	Middle Temporal Gyrus R	rpe	0.07519586267764179
55	Middle Temporal Gyrus R	rpe	0.44179072238194556
56	Middle Temporal Gyrus R	rpe	0.46051468572497817
57	Middle Temporal Gyrus R	rpe	0.15731609537375763
58	Middle Temporal Gyrus R	rpe	0.5695267180508669
59	Middle Temporal Gyrus R	rpe	0.026861368078729096
60	Middle Temporal Gyrus R	rpe	0.147619087430094
61	Middle Temporal Gyrus R	rpe	0.31356889315095154
62	Middle Temporal Gyrus R	rpe	0.22782706004638262
63	Middle Temporal Gyrus R	rpe	-0.23109156879398657
64	Middle Temporal Gyrus R	rpe	0.2808542453529082
01	Middle Temporal Gyrus R	urpe	-0.06056653781634671
02	Middle Temporal Gyrus R	urpe	-0.46754021043895905
03	Middle Temporal Gyrus R	urpe	-0.09911529845665001
04	Middle Temporal Gyrus R	urpe	-0.3856228290311666
05	Middle Temporal Gyrus R	urpe	-0.2616544074571486
06	Middle Temporal Gyrus R	urpe	-0.10693690212370983
07	Middle Temporal Gyrus R	urpe	-0.013292942236487786
09	Middle Temporal Gyrus R	urpe	-0.39650873599708925
10	Middle Temporal Gyrus R	urpe	-0.19765238477417968
11	Middle Temporal Gyrus R	urpe	-0.09744698241133566
12	Middle Temporal Gyrus R	urpe	-0.030506032936830692
14	Middle Temporal Gyrus R	urpe	-0.22525462880747332
15	Middle Temporal Gyrus R	urpe	-0.09203703430258446
17	Middle Temporal Gyrus R	urpe	-0.2047685986210043
18	Middle Temporal Gyrus R	urpe	-0.15713859932327864
19	Middle Temporal Gyrus R	urpe	-0.14871722437512166
20	Middle Temporal Gyrus R	urpe	-0.1702806634436653
21	Middle Temporal Gyrus R	urpe	0.06499268086602908
22	Middle Temporal Gyrus R	urpe	0.06931142008706721
23	Middle Temporal Gyrus R	urpe	-0.15337225440143
24	Middle Temporal Gyrus R	urpe	-0.4174321299633265
25	Middle Temporal Gyrus R	urpe	-0.08649791679738411
26	Middle Temporal Gyrus R	urpe	0.01093764180132082
27	Middle Temporal Gyrus R	urpe	-0.11996949348684151
28	Middle Temporal Gyrus R	urpe	-0.10125360901138382
29	Middle Temporal Gyrus R	urpe	0.1348984470746218
30	Middle Temporal Gyrus R	urpe	-0.07485226130049036
33	Middle Temporal Gyrus R	urpe	0.0057977930221932445
34	Middle Temporal Gyrus R	urpe	0.13420791332141346
35	Middle Temporal Gyrus R	urpe	-0.22247110065851103
36	Middle Temporal Gyrus R	urpe	-0.32738463587955313
37	Middle Temporal Gyrus R	urpe	0.05992821117511809
38	Middle Temporal Gyrus R	urpe	-0.2417732029428393
39	Middle Temporal Gyrus R	urpe	-0.5003974082234344
40	Middle Temporal Gyrus R	urpe	-0.12785171351285812
41	Middle Temporal Gyrus R	urpe	-0.3443496163838723
42	Middle Temporal Gyrus R	urpe	-0.291577338435623
43	Middle Temporal Gyrus R	urpe	-0.17352031142898658
45	Middle Temporal Gyrus R	urpe	-0.18628954650717955
46	Middle Temporal Gyrus R	urpe	-0.06838393737401867
47	Middle Temporal Gyrus R	urpe	-0.05893844667634388
48	Middle Temporal Gyrus R	urpe	-0.21463399480429873
49	Middle Temporal Gyrus R	urpe	-0.1435779516049527
50	Middle Temporal Gyrus R	urpe	-0.3501848151389218
51	Middle Temporal Gyrus R	urpe	-0.5393176349127128
52	Middle Temporal Gyrus R	urpe	-0.18082632079670055
53	Middle Temporal Gyrus R	urpe	-0.1510183043733619
54	Middle Temporal Gyrus R	urpe	-0.12001175955888298
55	Middle Temporal Gyrus R	urpe	-0.2481685222969678
56	Middle Temporal Gyrus R	urpe	-0.25482298791795366
57	Middle Temporal Gyrus R	urpe	-0.2786236141318618
58	Middle Temporal Gyrus R	urpe	-0.08125484242204876
59	Middle Temporal Gyrus R	urpe	0.1209675249723127
60	Middle Temporal Gyrus R	urpe	-0.036364509345208816
61	Middle Temporal Gyrus R	urpe	-0.1290346344919886
62	Middle Temporal Gyrus R	urpe	0.09293027407022218
63	Middle Temporal Gyrus R	urpe	-0.16601260149122132
64	Middle Temporal Gyrus R	urpe	0.0814228512002645
01	Middle Temporal Gyrus R	surprise	-0.1108103603506434
02	Middle Temporal Gyrus R	surprise	-0.023295905364173232
03	Middle Temporal Gyrus R	surprise	0.016100714435665454
04	Middle Temporal Gyrus R	surprise	-0.03262317013284432
05	Middle Temporal Gyrus R	surprise	0.02630797470878032
06	Middle Temporal Gyrus R	surprise	-0.07509087685790224
07	Middle Temporal Gyrus R	surprise	0.11866938928956429
09	Middle Temporal Gyrus R	surprise	-0.04510076073132548
10	Middle Temporal Gyrus R	surprise	0.04018997042500006
11	Middle Temporal Gyrus R	surprise	0.02021324963285404
12	Middle Temporal Gyrus R	surprise	0.06328765443409125
14	Middle Temporal Gyrus R	surprise	0.05029629739953844
15	Middle Temporal Gyrus R	surprise	-0.04669976633708646
17	Middle Temporal Gyrus R	surprise	0.02386139599266335
18	Middle Temporal Gyrus R	surprise	0.02687009424696684
19	Middle Temporal Gyrus R	surprise	-0.13312716864187146
20	Middle Temporal Gyrus R	surprise	0.052082627088163164
21	Middle Temporal Gyrus R	surprise	-0.010132439379995205
22	Middle Temporal Gyrus R	surprise	-0.0486797230199435
23	Middle Temporal Gyrus R	surprise	-0.05720067997789578
24	Middle Temporal Gyrus R	surprise	0.014667526025100956
25	Middle Temporal Gyrus R	surprise	-0.0740826674572205
26	Middle Temporal Gyrus R	surprise	0.22084929583978524
27	Middle Temporal Gyrus R	surprise	-0.030030564312033763
28	Middle Temporal Gyrus R	surprise	-0.008143765976694844
29	Middle Temporal Gyrus R	surprise	-0.03712917501322319
30	Middle Temporal Gyrus R	surprise	-0.02632118954325195
33	Middle Temporal Gyrus R	surprise	0.03452134246691905
34	Middle Temporal Gyrus R	surprise	-0.05356811528176622
35	Middle Temporal Gyrus R	surprise	0.18227026751732595
36	Middle Temporal Gyrus R	surprise	-0.05048771771189722
37	Middle Temporal Gyrus R	surprise	0.03228893774937846
38	Middle Temporal Gyrus R	surprise	0.2142834373054307
39	Middle Temporal Gyrus R	surprise	0.1565877950448444
40	Middle Temporal Gyrus R	surprise	0.002627265802116923
41	Middle Temporal Gyrus R	surprise	0.08137856737383879
42	Middle Temporal Gyrus R	surprise	-0.06766130805145926
43	Middle Temporal Gyrus R	surprise	0.020158888544884214
45	Middle Temporal Gyrus R	surprise	-0.029049518662875643
46	Middle Temporal Gyrus R	surprise	-0.03005732410689505
47	Middle Temporal Gyrus R	surprise	0.053030159435681706
48	Middle Temporal Gyrus R	surprise	-0.07805853672449209
49	Middle Temporal Gyrus R	surprise	0.09339339135998047
50	Middle Temporal Gyrus R	surprise	0.05208896899966148
51	Middle Temporal Gyrus R	surprise	0.001408664431399007
52	Middle Temporal Gyrus R	surprise	-0.017414468147984974
53	Middle Temporal Gyrus R	surprise	0.05248462970305429
54	Middle Temporal Gyrus R	surprise	0.09159863194473451
55	Middle Temporal Gyrus R	surprise	-0.11081949792504364
56	Middle Temporal Gyrus R	surprise	0.05622464553626106
57	Middle Temporal Gyrus R	surprise	-0.04416658440567852
58	Middle Temporal Gyrus R	surprise	-0.01205838917919902
59	Middle Temporal Gyrus R	surprise	-0.11588127826593704
60	Middle Temporal Gyrus R	surprise	-0.04648675141324662
61	Middle Temporal Gyrus R	surprise	-0.042757849596557124
62	Middle Temporal Gyrus R	surprise	0.05809111655567431
63	Middle Temporal Gyrus R	surprise	0.07940126036763474
64	Middle Temporal Gyrus R	surprise	0.019183038018120737
01	Inferior Parietal Lobule R	rpe	0.003589351474312769
02	Inferior Parietal Lobule R	rpe	0.1829466531487097
03	Inferior Parietal Lobule R	rpe	0.6050549653231759
04	Inferior Parietal Lobule R	rpe	0.1486815195548512
05	Inferior Parietal Lobule R	rpe	0.2580624527964656
06	Inferior Parietal Lobule R	rpe	0.050285636343919166
07	Inferior Parietal Lobule R	rpe	-0.3891534553152848
09	Inferior Parietal Lobule R	rpe	0.2515686827063539
10	Inferior Parietal Lobule R	rpe	0.7906773403964259
11	Inferior Parietal Lobule R	rpe	0.43356561120599507
12	Inferior Parietal Lobule R	rpe	0.055225446253776185
14	Inferior Parietal Lobule R	rpe	-0.13209123708180745
15	Inferior Parietal Lobule R	rpe	-0.28063674180831927
17	Inferior Parietal Lobule R	rpe	-0.011332877551268956
18	Inferior Parietal Lobule R	rpe	0.37012313394582386
19	Inferior Parietal Lobule R	rpe	-0.08629784643787637
20	Inferior Parietal Lobule R	rpe	-0.15585779051497495
21	Inferior Parietal Lobule R	rpe	0.34066707347360947
22	Inferior Parietal Lobule R	rpe	0.23550160050535024
23	Inferior Parietal Lobule R	rpe	-0.3845652952578596
24	Inferior Parietal Lobule R	rpe	-0.04988546556428033
25	Inferior Parietal Lobule R	rpe	0.15678200444143095
26	Inferior Parietal Lobule R	rpe	-0.49921568025072866
27	Inferior Parietal Lobule R	rpe	0.3869644225045869
28	Inferior Parietal Lobule R	rpe	-0.06525362978959906
29	Inferior Parietal Lobule R	rpe	0.2135203891883562
30	Inferior Parietal Lobule R	rpe	0.19044405404036463
33	Inferior Parietal Lobule R	rpe	-0.21181581928818063
34	Inferior Parietal Lobule R	rpe	-0.2928933578786779
35	Inferior Parietal Lobule R	rpe	-0.07447675258448395
36	Inferior Parietal Lobule R	rpe	0.14018851583843406
37	Inferior Parietal Lobule R	rpe	-0.015038612103671767
38	Inferior Parietal Lobule R	rpe	-0.42546267372989943
39	Inferior Parietal Lobule R	rpe	0.23178002704887396
40	Inferior Parietal Lobule R	rpe	-0.03092387791720367
41	Inferior Parietal Lobule R	rpe	0.5217579440033825
42	Inferior Parietal Lobule R	rpe	0.07678053391573485
43	Inferior Parietal Lobule R	rpe	0.13947625955228102
45	Inferior Parietal Lobule R	rpe	0.04847752993953029
46	Inferior Parietal Lobule R	rpe	-0.17763810860501095
47	Inferior Parietal Lobule R	rpe	0.014368793452442994
48	Inferior Parietal Lobule R	rpe	0.16686384910735796
49	Inferior Parietal Lobule R	rpe	-0.25634190204132623
50	Inferior Parietal Lobule R	rpe	-0.2600216497278201
51	Inferior Parietal Lobule R	rpe	0.5953598402673379
52	Inferior Parietal Lobule R	rpe	0.152792508635453
53	Inferior Parietal Lobule R	rpe	0.1504794857972725
54	Inferior Parietal Lobule R	rpe	0.31054648665330287
55	Inferior Parietal Lobule R	rpe	0.12677537940484895
56	Inferior Parietal Lobule R	rpe	-0.19362291309411045
57	Inferior Parietal Lobule R	rpe	-0.5665830014210025
58	Inferior Parietal Lobule R	rpe	0.4984837332676927
59	Inferior Parietal Lobule R	rpe	-0.08695133888289672
60	Inferior Parietal Lobule R	rpe	-0.13597382190465312
61	Inferior Parietal Lobule R	rpe	0.11440080691357832
62	Inferior Parietal Lobule R	rpe	-0.41753185076152227
63	Inferior Parietal Lobule R	rpe	-0.38160769394175575
64	Inferior Parietal Lobule R	rpe	0.4762321542916735
01	Inferior Parietal Lobule R	urpe	-0.411887922284024
02	Inferior Parietal Lobule R	urpe	-0.33948768649398436
03	Inferior Parietal Lobule R	urpe	-0.3625994661272588
04	Inferior Parietal Lobule R	urpe	-0.752698156085204
05	Inferior Parietal Lobule R	urpe	-0.12198074245507913
06	Inferior Parietal Lobule R	urpe	-0.16479962073287674
07	Inferior Parietal Lobule R	urpe	-0.09659328572240404
09	Inferior Parietal Lobule R	urpe	-0.47744750770454464
10	Inferior Parietal Lobule R	urpe	-0.22778439617673443
11	Inferior Parietal Lobule R	urpe	-0.129510978581278
12	Inferior Parietal Lobule R	urpe	-0.04849535836097361
14	Inferior Parietal Lobule R	urpe	-0.40072122342799876
15	Inferior Parietal Lobule R	urpe	0.025146095066553575
17	Inferior Parietal Lobule R	urpe	-0.29358888564377345
18	Inferior Parietal Lobule R	urpe	-0.3111301664535528
19	Inferior Parietal Lobule R	urpe	-0.16586704276540495
20	Inferior Parietal Lobule R	urpe	-0.32835984483615244
21	Inferior Parietal Lobule R	urpe	-0.07095953424921556
22	Inferior Parietal Lobule R	urpe	0.088834202190959
23	Inferior Parietal Lobule R	urpe	-0.3342023352499713
24	Inferior Parietal Lobule R	urpe	-0.10607325310173275
25	Inferior Parietal Lobule R	urpe	0.1633614249717952
26	Inferior Parietal Lobule R	urpe	-0.25199613669167525
27	Inferior Parietal Lobule R	urpe	-0.09044016561793713
28	Inferior Parietal Lobule R	urpe	0.1398043062524018
29	Inferior Parietal Lobule R	urpe	0.27619529914571267
30	Inferior Parietal Lobule R	urpe	-0.29446125801081174
33	Inferior Parietal Lobule R	urpe	-0.31149523323825135
34	Inferior Parietal Lobule R	urpe	0.0606515593435192
35	Inferior Parietal Lobule R	urpe	-0.03141965316105846
36	Inferior Parietal Lobule R	urpe	0.008729726505275308
37	Inferior Parietal Lobule R	urpe	0.017837540788935836
38	Inferior Parietal Lobule R	urpe	-0.14310060755021617
39	Inferior Parietal Lobule R	urpe	-0.3837210217617791
40	Inferior Parietal Lobule R	urpe	-0.2514761337438937
41	Inferior Parietal Lobule R	urpe	-0.3508178591278424
42	Inferior Parietal Lobule R	urpe	-0.4285956149201163
43	Inferior Parietal Lobule R	urpe	-0.22804297260789264
45	Inferior Parietal Lobule R	urpe	0.0022868071430077012
46	Inferior Parietal Lobule R	urpe	0.017764188958310775
47	Inferior Parietal Lobule R	urpe	-0.21965344739252363
48	Inferior Parietal Lobule R	urpe	-0.3732638700272549
49	Inferior Parietal Lobule R	urpe	-0.36409088112413884
50	Inferior Parietal Lobule R	urpe	0.10278220181591513
51	Inferior Parietal Lobule R	urpe	-0.9035498296672647
52	Inferior Parietal Lobule R	urpe	-0.07459369717213452
53	Inferior Parietal Lobule R	urpe	-0.06007401752603156
54	Inferior Parietal Lobule R	urpe	-0.25948879513042894
55	Inferior Parietal Lobule R	urpe	-0.49858850220387635
56	Inferior Parietal Lobule R	urpe	-0.03675075397103766
57	Inferior Parietal Lobule R	urpe	0.20819614697194827
58	Inferior Parietal Lobule R	urpe	-0.32187114990400995
59	Inferior Parietal Lobule R	urpe	0.07982353157223604
60	Inferior Parietal Lobule R	urpe	-0.026360558304639365
61	Inferior Parietal Lobule R	urpe	-0.15815518217658048
62	Inferior Parietal Lobule R	urpe	-0.21605874878693032
63	Inferior Parietal Lobule R	urpe	-0.26488529628894125
64	Inferior Parietal Lobule R	urpe	0.06699246855039911
01	Inferior Parietal Lobule R	surprise	-0.11811689892783761
02	Inferior Parietal Lobule R	surprise	0.010262908514645955
03	Inferior Parietal Lobule R	surprise	0.007944156721350737
04	Inferior Parietal Lobule R	surprise	0.11743486357154324
05	Inferior Parietal Lobule R	surprise	0.15494833799629387
06	Inferior Parietal Lobule R	surprise	-0.0038353237317385884
07	Inferior Parietal Lobule R	surprise	-0.032112732598960234
09	Inferior Parietal Lobule R	surprise	0.04508041151764866
10	Inferior Parietal Lobule R	surprise	0.049493268842343244
11	Inferior Parietal Lobule R	surprise	0.002530088657228837
12	Inferior Parietal Lobule R	surprise	0.0277347768770679
14	Inferior Parietal Lobule R	surprise	-0.05592093388682274
15	Inferior Parietal Lobule R	surprise	-0.06427638135236603
17	Inferior Parietal Lobule R	surprise	-0.05432127887470415
18	Inferior Parietal Lobule R	surprise	0.06648290333184625
19	Inferior Parietal Lobule R	surprise	-0.14796810232219287
20	Inferior Parietal Lobule R	surprise	-0.016579506250987336
21	Inferior Parietal Lobule R	surprise	-0.008685374110725454
22	Inferior Parietal Lobule R	surprise	0.059131963023064574
23	Inferior Parietal Lobule R	surprise	0.09589043012714352
24	Inferior Parietal Lobule R	surprise	-0.009212783452610231
25	Inferior Parietal Lobule R	surprise	-0.12210856686228495
26	Inferior Parietal Lobule R	surprise	0.32284116196361456
27	Inferior Parietal Lobule R	surprise	0.02975219661867331
28	Inferior Parietal Lobule R	surprise	0.019433123243292855
29	Inferior Parietal Lobule R	surprise	-0.05670662596795327
30	Inferior Parietal Lobule R	surprise	-0.06688824861369291
33	Inferior Parietal Lobule R	surprise	-0.0390421786070378
34	Inferior Parietal Lobule R	surprise	0.05977994890315379
35	Inferior Parietal Lobule R	surprise	0.17875530764206565
36	Inferior Parietal Lobule R	surprise	0.047339134477740366
37	Inferior Parietal Lobule R	surprise	-0.0325763126271671
38	Inferior Parietal Lobule R	surprise	0.27461698510318955
39	Inferior Parietal Lobule R	surprise	-0.007842739287430463
40	Inferior Parietal Lobule R	surprise	0.1571900371218693
41	Inferior Parietal Lobule R	surprise	0.12095509341663935
42	Inferior Parietal Lobule R	surprise	-0.08798870352329687
43	Inferior Parietal Lobule R	surprise	0.06457738768076524
45	Inferior Parietal Lobule R	surprise	-0.062292649202704935
46	Inferior Parietal Lobule R	surprise	-0.07154409561679297
47	Inferior Parietal Lobule R	surprise	0.019228175314095677
48	Inferior Parietal Lobule R	surprise	0.055200712150491944
49	Inferior Parietal Lobule R	surprise	0.11401298723781524
50	Inferior Parietal Lobule R	surprise	-0.08893411310881758
51	Inferior Parietal Lobule R	surprise	-0.0503606893915937
52	Inferior Parietal Lobule R	surprise	-0.05350968864513561
53	Inferior Parietal Lobule R	surprise	-0.013475635844621468
54	Inferior Parietal Lobule R	surprise	-0.1111825116391463
55	Inferior Parietal Lobule R	surprise	-0.24579412925311112
56	Inferior Parietal Lobule R	surprise	-0.08182974234964191
57	Inferior Parietal Lobule R	surprise	-0.1126630752289202
58	Inferior Parietal Lobule R	surprise	-0.012655194374912587
59	Inferior Parietal Lobule R	surprise	-0.12528869558485564
60	Inferior Parietal Lobule R	surprise	-0.20853104277207007
61	Inferior Parietal Lobule R	surprise	-0.14227605885085226
62	Inferior Parietal Lobule R	surprise	0.04672799020137807
63	Inferior Parietal Lobule R	surprise	0.08945644255198369
64	Inferior Parietal Lobule R	surprise	0.13630949081165122
01	Postcentral Gyrus R	rpe	0.1992978331199739
02	Postcentral Gyrus R	rpe	0.4376296394466704
03	Postcentral Gyrus R	rpe	0.39006487763389336
04	Postcentral Gyrus R	rpe	0.5063413419349249
05	Postcentral Gyrus R	rpe	0.32267495766850623
06	Postcentral Gyrus R	rpe	0.456888328347393
07	Postcentral Gyrus R	rpe	-0.09393000415767283
09	Postcentral Gyrus R	rpe	0.37928303958913095
10	Postcentral Gyrus R	rpe	0.8894547925525627
11	Postcentral Gyrus R	rpe	0.9185224900065466
12	Postcentral Gyrus R	rpe	0.053309847055501194
14	Postcentral Gyrus R	rpe	-0.14474413989566612
15	Postcentral Gyrus R	rpe	0.37579689070495753
17	Postcentral Gyrus R	rpe	-0.03441202232051034
18	Postcentral Gyrus R	rpe	0.2022103468302724
19	Postcentral Gyrus R	rpe	0.26389641861842816
20	Postcentral Gyrus R	rpe	0.13668342628475647
21	Postcentral Gyrus R	rpe	0.42099633472646736
22	Postcentral Gyrus R	rpe	0.1525491530725429
23	Postcentral Gyrus R	rpe	-0.15996861720436015
24	Postcentral Gyrus R	rpe	0.15319601654963091
25	Postcentral Gyrus R	rpe	0.6193682497009895
26	Postcentral Gyrus R	rpe	-0.6405124743447401
27	Postcentral Gyrus R	rpe	0.332929427321827
28	Postcentral Gyrus R	rpe	0.013842597761364697
29	Postcentral Gyrus R	rpe	0.32637821482277884
30	Postcentral Gyrus R	rpe	0.4141796613468106
33	Postcentral Gyrus R	rpe	0.10380617542636343
34	Postcentral Gyrus R	rpe	-0.004550850070484367
35	Postcentral Gyrus R	rpe	-0.042995277943826
36	Postcentral Gyrus R	rpe	0.38814485172719454
37	Postcentral Gyrus R	rpe	0.238646608196892
38	Postcentral Gyrus R	rpe	-0.32466147194161665
39	Postcentral Gyrus R	rpe	0.2965238607791794
40	Postcentral Gyrus R	rpe	-0.08144743222266781
41	Postcentral Gyrus R	rpe	0.4182987330535557
42	Postcentral Gyrus R	rpe	0.015664302976531257
43	Postcentral Gyrus R	rpe	0.4114129133435876
45	Postcentral Gyrus R	rpe	0.3968493420511571
46	Postcentral Gyrus R	rpe	0.08338165359874797
47	Postcentral Gyrus R	rpe	0.12436819620739105
48	Postcentral Gyrus R	rpe	0.29768673519842154
49	Postcentral Gyrus R	rpe	0.2485173943712441
50	Postcentral Gyrus R	rpe	0.3106192686199752
51	Postcentral Gyrus R	rpe	0.6879465046425371
52	Postcentral Gyrus R	rpe	0.49399542575052313
53	Postcentral Gyrus R	rpe	0.34056636235178556
54	Postcentral Gyrus R	rpe	0.3026707039842772
55	Postcentral Gyrus R	rpe	0.5305474696751294
56	Postcentral Gyrus R	rpe	0.20986176798564143
57	Postcentral Gyrus R	rpe	-0.015396151386558749
58	Postcentral Gyrus R	rpe	0.24340140218088446
59	Postcentral Gyrus R	rpe	0.1924384172982807
60	Postcentral Gyrus R	rpe	-0.11907598479802525
61	Postcentral Gyrus R	rpe	0.3106811672709016
62	Postcentral Gyrus R	rpe	-0.09339313952070878
63	Postcentral Gyrus R	rpe	-0.19310345772415574
64	Postcentral Gyrus R	rpe	0.826650789016208
01	Postcentral Gyrus R	urpe	-0.2611437092080366
02	Postcentral Gyrus R	urpe	-0.4611471431465213
03	Postcentral Gyrus R	urpe	-0.25989131012628247
04	Postcentral Gyrus R	urpe	-0.9607266388660254
05	Postcentral Gyrus R	urpe	-0.10255545051118663
06	Postcentral Gyrus R	urpe	-0.33637265204993444
07	Postcentral Gyrus R	urpe	-0.21894622007222456
09	Postcentral Gyrus R	urpe	-0.7005207468257394
10	Postcentral Gyrus R	urpe	-0.37150968339640733
11	Postcentral Gyrus R	urpe	-0.37065705582066333
12	Postcentral Gyrus R	urpe	-0.08906947289820934
14	Postcentral Gyrus R	urpe	-0.7598268565050391
15	Postcentral Gyrus R	urpe	0.3481244361401687
17	Postcentral Gyrus R	urpe	-0.28706045050910395
18	Postcentral Gyrus R	urpe	-0.16913152811588547
19	Postcentral Gyrus R	urpe	-0.2905572999983506
20	Postcentral Gyrus R	urpe	-0.4052237948489397
21	Postcentral Gyrus R	urpe	0.03899844081660862
22	Postcentral Gyrus R	urpe	0.25296434607752055
23	Postcentral Gyrus R	urpe	-0.06334840870505676
24	Postcentral Gyrus R	urpe	-0.29380185079468457
25	Postcentral Gyrus R	urpe	-0.16905729939597983
26	Postcentral Gyrus R	urpe	-0.32775968218541723
27	Postcentral Gyrus R	urpe	0.11650466469812294
28	Postcentral Gyrus R	urpe	0.03788982566261967
29	Postcentral Gyrus R	urpe	0.23877307637053174
30	Postcentral Gyrus R	urpe	-0.09775438837650866
33	Postcentral Gyrus R	urpe	-0.10217844665505338
34	Postcentral Gyrus R	urpe	-0.12192629044388183
35	Postcentral Gyrus R	urpe	-0.041338126847065636
36	Postcentral Gyrus R	urpe	-0.16480036787363853
37	Postcentral Gyrus R	urpe	0.134543448743183
38	Postcentral Gyrus R	urpe	-0.25512566311544804
39	Postcentral Gyrus R	urpe	-0.25376606434367077
40	Postcentral Gyrus R	urpe	-0.05611579147503213
41	Postcentral Gyrus R	urpe	-0.38720753043456824
42	Postcentral Gyrus R	urpe	-0.28883558967865486
43	Postcentral Gyrus R	urpe	-0.06307168858759322
45	Postcentral Gyrus R	urpe	-0.2890121188198844
46	Postcentral Gyrus R	urpe	-0.04223214577610041
47	Postcentral Gyrus R	urpe	-0.13292002363596112
48	Postcentral Gyrus R	urpe	-0.17006718650823024
49	Postcentral Gyrus R	urpe	-0.4937269917667605
50	Postcentral Gyrus R	urpe	0.06778638698810409
51	Postcentral Gyrus R	urpe	-0.6631475910544395
52	Postcentral Gyrus R	urpe	-0.21266462497608085
53	Postcentral Gyrus R	urpe	-0.015128239199822379
54	Postcentral Gyrus R	urpe	-0.4027411579652581
55	Postcentral Gyrus R	urpe	-0.35290231979776954
56	Postcentral Gyrus R	urpe	-0.05962209462957744
57	Postcentral Gyrus R	urpe	-0.2323790448555333
58	Postcentral Gyrus R	urpe	-0.138074553967995
59	Postcentral Gyrus R	urpe	0.21943420457632043
60	Postcentral Gyrus R	urpe	0.031002468760341927
61	Postcentral Gyrus R	urpe	-0.291142997238785
62	Postcentral Gyrus R	urpe	-0.06811943092968228
63	Postcentral Gyrus R	urpe	-0.036093674865443
64	Postcentral Gyrus R	urpe	-0.2679888223021746
01	Postcentral Gyrus R	surprise	-0.1747576799915107
02	Postcentral Gyrus R	surprise	-0.03130524077149498
03	Postcentral Gyrus R	surprise	-0.10786378588906467
04	Postcentral Gyrus R	surprise	-0.19273308191318497
05	Postcentral Gyrus R	surprise	0.11714216007547842
06	Postcentral Gyrus R	surprise	-0.02002639261732246
07	Postcentral Gyrus R	surprise	-0.05234316588720567
09	Postcentral Gyrus R	surprise	0.03980213353725207
10	Postcentral Gyrus R	surprise	0.11041504168763844
11	Postcentral Gyrus R	surprise	0.035095690425084265
12	Postcentral Gyrus R	surprise	-0.029175290226568142
14	Postcentral Gyrus R	surprise	0.09989046397359046
15	Postcentral Gyrus R	surprise	0.021080490639216676
17	Postcentral Gyrus R	surprise	-0.1164711753071589
18	Postcentral Gyrus R	surprise	0.009675247413864316
19	Postcentral Gyrus R	surprise	-0.25175914749026646
20	Postcentral Gyrus R	surprise	-0.0225348133726457
21	Postcentral Gyrus R	surprise	0.04522858994734084
22	Postcentral Gyrus R	surprise	-0.02762769147114785
23	Postcentral Gyrus R	surprise	-0.05985210351848996
24	Postcentral Gyrus R	surprise	0.06075450765905729
25	Postcentral Gyrus R	surprise	-0.03691221796529304
26	Postcentral Gyrus R	surprise	0.47131641618041104
27	Postcentral Gyrus R	surprise	-0.0005049255070124947
28	Postcentral Gyrus R	surprise	-0.02806921427620055
29	Postcentral Gyrus R	surprise	0.03894401853051318
30	Postcentral Gyrus R	surprise	-0.04011679338751534
33	Postcentral Gyrus R	surprise	-0.04681611459392264
34	Postcentral Gyrus R	surprise	0.1889450345681114
35	Postcentral Gyrus R	surprise	0.16119689047309504
36	Postcentral Gyrus R	surprise	-0.010904981876008732
37	Postcentral Gyrus R	surprise	-0.06360697383331784
38	Postcentral Gyrus R	surprise	0.20463972523765162
39	Postcentral Gyrus R	surprise	-0.011858374934757216
40	Postcentral Gyrus R	surprise	-0.05360189029205114
41	Postcentral Gyrus R	surprise	0.05274460451964419
42	Postcentral Gyrus R	surprise	0.04644341479972016
43	Postcentral Gyrus R	surprise	0.14844564040148153
45	Postcentral Gyrus R	surprise	-0.007392469519389886
46	Postcentral Gyrus R	surprise	-0.02790969325077915
47	Postcentral Gyrus R	surprise	0.10288972042881353
48	Postcentral Gyrus R	surprise	-0.006067955725674712
49	Postcentral Gyrus R	surprise	0.1877418362622171
50	Postcentral Gyrus R	surprise	-0.06963561479662826
51	Postcentral Gyrus R	surprise	0.04470643380455142
52	Postcentral Gyrus R	surprise	-0.09017337028283713
53	Postcentral Gyrus R	surprise	0.0397434523928813
54	Postcentral Gyrus R	surprise	0.012462708677793312
55	Postcentral Gyrus R	surprise	-0.05102442528099515
56	Postcentral Gyrus R	surprise	-0.048580656471922126
57	Postcentral Gyrus R	surprise	-0.09902373545066735
58	Postcentral Gyrus R	surprise	-0.034938910273296306
59	Postcentral Gyrus R	surprise	-0.12611220048014263
60	Postcentral Gyrus R	surprise	-0.11422995496081015
61	Postcentral Gyrus R	surprise	-0.15689315138112953
62	Postcentral Gyrus R	surprise	0.14035645140183353
63	Postcentral Gyrus R	surprise	-0.015422269688928663
64	Postcentral Gyrus R	surprise	0.1865032084360157
01	DLPFC L	rpe	-0.06726378468096672
02	DLPFC L	rpe	0.4082792001076459
03	DLPFC L	rpe	0.45752946146592494
04	DLPFC L	rpe	0.2004283568402463
05	DLPFC L	rpe	0.5937555176061318
06	DLPFC L	rpe	0.058178855602716975
07	DLPFC L	rpe	-0.018660270842515304
09	DLPFC L	rpe	-0.26356988072233356
10	DLPFC L	rpe	0.6599395552314586
11	DLPFC L	rpe	0.4896904597209292
12	DLPFC L	rpe	0.24866761366969772
14	DLPFC L	rpe	0.20447261703796454
15	DLPFC L	rpe	0.059507756625585585
17	DLPFC L	rpe	-0.09933905477866224
18	DLPFC L	rpe	0.25276440428280683
19	DLPFC L	rpe	0.35809237430138247
20	DLPFC L	rpe	0.08668515843958217
21	DLPFC L	rpe	0.329941055465559
22	DLPFC L	rpe	0.21452504110787216
23	DLPFC L	rpe	0.19471824024399015
24	DLPFC L	rpe	0.24346842244701308
25	DLPFC L	rpe	0.217383660532618
26	DLPFC L	rpe	0.13804910151050745
27	DLPFC L	rpe	0.4161794138435992
28	DLPFC L	rpe	0.18787875535654958
29	DLPFC L	rpe	0.2199718046568982
30	DLPFC L	rpe	0.7564551755597942
33	DLPFC L	rpe	0.37031695267521075
34	DLPFC L	rpe	0.0461601390711593
35	DLPFC L	rpe	0.4537480871094772
36	DLPFC L	rpe	-0.12899380832439092
37	DLPFC L	rpe	0.4571499867879595
38	DLPFC L	rpe	0.012231987843185849
39	DLPFC L	rpe	0.10548414380372045
40	DLPFC L	rpe	0.09593952160982287
41	DLPFC L	rpe	0.9423634539479795
42	DLPFC L	rpe	-0.06530037296896869
43	DLPFC L	rpe	0.4429307580717278
45	DLPFC L	rpe	0.5743555484212334
46	DLPFC L	rpe	0.1467537716524936
47	DLPFC L	rpe	0.5370895132156355
48	DLPFC L	rpe	0.9547318278100365
49	DLPFC L	rpe	0.16238800803653503
50	DLPFC L	rpe	0.02976873423398027
51	DLPFC L	rpe	0.3693721241184643
52	DLPFC L	rpe	0.4431757844799424
53	DLPFC L	rpe	-0.11540009050705233
54	DLPFC L	rpe	0.307388683527951
55	DLPFC L	rpe	0.47970712381582825
56	DLPFC L	rpe	0.45145786948674155
57	DLPFC L	rpe	0.1478587180605268
58	DLPFC L	rpe	0.8250449320174152
59	DLPFC L	rpe	0.0768847848290161
60	DLPFC L	rpe	0.2838632239850226
61	DLPFC L	rpe	0.2225521197795625
62	DLPFC L	rpe	0.08747429036080145
63	DLPFC L	rpe	-0.2319834146692753
64	DLPFC L	rpe	0.2734677981525972
01	DLPFC L	urpe	0.07887545905472937
02	DLPFC L	urpe	-0.4532293357498805
03	DLPFC L	urpe	-0.23883031955659853
04	DLPFC L	urpe	-0.1922268306356363
05	DLPFC L	urpe	-0.28337330660372045
06	DLPFC L	urpe	-0.1379371250542864
07	DLPFC L	urpe	0.013360530747569264
09	DLPFC L	urpe	-0.16319160697683807
10	DLPFC L	urpe	-0.3819369562056551
11	DLPFC L	urpe	-0.05105020799196863
12	DLPFC L	urpe	0.04366496715821928
14	DLPFC L	urpe	-0.13803561073612214
15	DLPFC L	urpe	0.1592023437958419
17	DLPFC L	urpe	-0.3725686802800675
18	DLPFC L	urpe	0.26907399054963765
19	DLPFC L	urpe	-0.26572961519148364
20	DLPFC L	urpe	-0.4273471952595326
21	DLPFC L	urpe	-0.019537830142512546
22	DLPFC L	urpe	-0.06179636344024391
23	DLPFC L	urpe	0.11295438924896883
24	DLPFC L	urpe	-0.3731186508030417
25	DLPFC L	urpe	-0.09071054889803162
26	DLPFC L	urpe	0.0637622449846406
27	DLPFC L	urpe	-0.08918634037377302
28	DLPFC L	urpe	-0.007814655686827718
29	DLPFC L	urpe	0.09405895323718186
30	DLPFC L	urpe	-0.32822673685663606
33	DLPFC L	urpe	0.03191361270565829
34	DLPFC L	urpe	0.08905501813506303
35	DLPFC L	urpe	-0.18906439413672302
36	DLPFC L	urpe	-0.23621546218724146
37	DLPFC L	urpe	0.02460720567669002
38	DLPFC L	urpe	-0.16172074956887383
39	DLPFC L	urpe	-0.1936256456389873
40	DLPFC L	urpe	0.0144595136455266
41	DLPFC L	urpe	-0.25208162626696995
42	DLPFC L	urpe	-0.18709845655823346
43	DLPFC L	urpe	-0.072985335377729
45	DLPFC L	urpe	-0.4558610595785868
46	DLPFC L	urpe	-0.3113084053273619
47	DLPFC L	urpe	-0.12126749142663125
48	DLPFC L	urpe	-0.4745700490308104
49	DLPFC L	urpe	-0.3776766539750887
50	DLPFC L	urpe	-0.26598584268282616
51	DLPFC L	urpe	-0.4471321443951926
52	DLPFC L	urpe	-0.20102133325833296
53	DLPFC L	urpe	-0.10019977586557192
54	DLPFC L	urpe	-0.4592243950316532
55	DLPFC L	urpe	-0.27064987254742623
56	DLPFC L	urpe	-0.15261191345667408
57	DLPFC L	urpe	-0.27921850082713257
58	DLPFC L	urpe	-0.3202069995133785
59	DLPFC L	urpe	-0.10998819464881274
60	DLPFC L	urpe	-0.07218533463527373
61	DLPFC L	urpe	-0.1610930638260538
62	DLPFC L	urpe	0.0563578208769608
63	DLPFC L	urpe	-0.14558904104640488
64	DLPFC L	urpe	0.12503748581027438
01	DLPFC L	surprise	0.044288562937666406
02	DLPFC L	surprise	0.1151093498999629
03	DLPFC L	surprise	-0.001565125535143921
04	DLPFC L	surprise	-0.057900263843277
05	DLPFC L	surprise	0.28002393860962843
06	DLPFC L	surprise	0.1911383364580988
07	DLPFC L	surprise	0.08878458120537668
09	DLPFC L	surprise	0.06033992429313782
10	DLPFC L	surprise	0.03966772399748694
11	DLPFC L	surprise	0.10021749884034767
12	DLPFC L	surprise	-0.032108094671926234
14	DLPFC L	surprise	0.0210591219967558
15	DLPFC L	surprise	-0.027953197910256616
17	DLPFC L	surprise	0.09827448706676235
18	DLPFC L	surprise	-0.14459647661760472
19	DLPFC L	surprise	-0.1007852589911116
20	DLPFC L	surprise	0.06067298894971522
21	DLPFC L	surprise	-0.0642599570861387
22	DLPFC L	surprise	0.17566425608968514
23	DLPFC L	surprise	0.22266560952252887
24	DLPFC L	surprise	0.023490606061590008
25	DLPFC L	surprise	-0.028759215146401514
26	DLPFC L	surprise	0.26516836103715685
27	DLPFC L	surprise	0.1478022275483872
28	DLPFC L	surprise	0.03629570141339224
29	DLPFC L	surprise	-0.035801692720812094
30	DLPFC L	surprise	0.08565968160085205
33	DLPFC L	surprise	-0.014085198483778372
34	DLPFC L	surprise	0.00909407013730415
35	DLPFC L	surprise	0.059497292336114095
36	DLPFC L	surprise	-0.011526263472609662
37	DLPFC L	surprise	0.06425069604699517
38	DLPFC L	surprise	0.13587762908836515
39	DLPFC L	surprise	0.12336879278213561
40	DLPFC L	surprise	0.02525645488531832
41	DLPFC L	surprise	0.10542242982864426
42	DLPFC L	surprise	0.21514216530489624
43	DLPFC L	surprise	-0.04955730214245004
45	DLPFC L	surprise	0.018001088242752258
46	DLPFC L	surprise	0.09769632220731019
47	DLPFC L	surprise	0.003313857876378985
48	DLPFC L	surprise	-0.05274786818277247
49	DLPFC L	surprise	0.24037285392051158
50	DLPFC L	surprise	0.0052074430917493815
51	DLPFC L	surprise	-0.005977475345575812
52	DLPFC L	surprise	-0.0662930174210103
53	DLPFC L	surprise	0.02943697588529831
54	DLPFC L	surprise	-0.01357165371855614
55	DLPFC L	surprise	0.09558870479076238
56	DLPFC L	surprise	0.3940888849110198
57	DLPFC L	surprise	0.015373521021304085
58	DLPFC L	surprise	0.057189050087551284
59	DLPFC L	surprise	-0.118000294311082
60	DLPFC L	surprise	0.022631964530226027
61	DLPFC L	surprise	-0.03504846792925519
62	DLPFC L	surprise	0.15376238230187794
63	DLPFC L	surprise	0.06712148919560712
64	DLPFC L	surprise	0.090323213369279
01	dmPFC R	rpe	-0.06236871014108191
02	dmPFC R	rpe	0.06886651977274723
03	dmPFC R	rpe	-0.23198693931278597
04	dmPFC R	rpe	-0.04735019436053984
05	dmPFC R	rpe	-0.5487973713674225
06	dmPFC R	rpe	-0.22010338073921995
07	dmPFC R	rpe	-0.36330186550251464
09	dmPFC R	rpe	0.20977078573175842
10	dmPFC R	rpe	0.4133334639612455
11	dmPFC R	rpe	0.11936338453625257
12	dmPFC R	rpe	0.1267766876396938
14	dmPFC R	rpe	-0.04437974411375508
15	dmPFC R	rpe	0.5256997429427098
17	dmPFC R	rpe	-0.7414226477796381
18	dmPFC R	rpe	-0.4408150845812959
19	dmPFC R	rpe	-0.06819336795430449
20	dmPFC R	rpe	-0.308434302018633
21	dmPFC R	rpe	-0.08703794148408685
22	dmPFC R	rpe	0.7134517656013994
23	dmPFC R	rpe	0.3305317569276565
24	dmPFC R	rpe	-0.14748837238493526
25	dmPFC R	rpe	0.28871009697310523
26	dmPFC R	rpe	-0.2122371684372347
27	dmPFC R	rpe	0.018800940328779128
28	dmPFC R	rpe	-0.22380469995469401
29	dmPFC R	rpe	0.2708122717750656
30	dmPFC R	rpe	-0.611716792143725
33	dmPFC R	rpe	0.5524084067519207
34	dmPFC R	rpe	-0.054120942258269536
35	dmPFC R	rpe	0.06071508534649921
36	dmPFC R	rpe	-0.19353581906354927
37	dmPFC R	rpe	0.27784582471126573
38	dmPFC R	rpe	-0.2319539474385263
39	dmPFC R	rpe	-0.19162671585156993
40	dmPFC R	rpe	-0.6501766515674291
41	dmPFC R	rpe	0.3104054133262863
42	dmPFC R	rpe	-0.5977721541494756
43	dmPFC R	rpe	0.1009399807015499
45	dmPFC R	rpe	-0.27739898210075536
46	dmPFC R	rpe	0.11524459112344401
47	dmPFC R	rpe	0.3891018193986078
48	dmPFC R	rpe	-0.08797314550753657
49	dmPFC R	rpe	-0.167015554609715
50	dmPFC R	rpe	0.18707226468469962
51	dmPFC R	rpe	-0.17107050008811317
52	dmPFC R	rpe	-0.3261330882429269
53	dmPFC R	rpe	0.04102084521608023
54	dmPFC R	rpe	-0.3167247952880351
55	dmPFC R	rpe	-0.08621801559282533
56	dmPFC R	rpe	1.1657574340388492
57	dmPFC R	rpe	0.016954617266269675
58	dmPFC R	rpe	-0.09485789280652615
59	dmPFC R	rpe	-0.10894110827705533
60	dmPFC R	rpe	0.5409236897069675
61	dmPFC R	rpe	-0.015235934687381077
62	dmPFC R	rpe	-0.44600781456443606
63	dmPFC R	rpe	-0.4008624395029945
64	dmPFC R	rpe	-0.46862809694131147
01	dmPFC R	urpe	0.43923554291795625
02	dmPFC R	urpe	0.41684280364559245
03	dmPFC R	urpe	0.47175815929756404
04	dmPFC R	urpe	0.011209971626399905
05	dmPFC R	urpe	0.5181215675156954
06	dmPFC R	urpe	0.303064503980527
07	dmPFC R	urpe	-0.15899853926425525
09	dmPFC R	urpe	0.26624076731724444
10	dmPFC R	urpe	-0.1009436959312851
11	dmPFC R	urpe	0.020338385211225676
12	dmPFC R	urpe	0.30917949733809547
14	dmPFC R	urpe	0.14449644591223768
15	dmPFC R	urpe	0.18486156051333708
17	dmPFC R	urpe	0.12571567415066023
18	dmPFC R	urpe	0.44337307771185896
19	dmPFC R	urpe	0.15847098250577057
20	dmPFC R	urpe	-0.06947306977337474
21	dmPFC R	urpe	-0.06394895232629383
22	dmPFC R	urpe	0.0840994330543139
23	dmPFC R	urpe	0.3649786079222649
24	dmPFC R	urpe	0.188039249612016
25	dmPFC R	urpe	0.3245871073120254
26	dmPFC R	urpe	0.07640367943363693
27	dmPFC R	urpe	-0.12035153436285632
28	dmPFC R	urpe	0.20258531495987786
29	dmPFC R	urpe	0.2858432541907459
30	dmPFC R	urpe	0.616832408975888
33	dmPFC R	urpe	0.35991595497263684
34	dmPFC R	urpe	0.3184676237593216
35	dmPFC R	urpe	-0.15197978463427692
36	dmPFC R	urpe	-0.11208596992325949
37	dmPFC R	urpe	0.07281017421835942
38	dmPFC R	urpe	-0.13161304869409812
39	dmPFC R	urpe	0.7366986057975076
40	dmPFC R	urpe	0.21795478897573023
41	dmPFC R	urpe	0.625962795435705
42	dmPFC R	urpe	0.1691949124246717
43	dmPFC R	urpe	0.24740071293826288
45	dmPFC R	urpe	0.9147299476541005
46	dmPFC R	urpe	0.3323272579671958
47	dmPFC R	urpe	0.340384689890747
48	dmPFC R	urpe	0.46650041364152894
49	dmPFC R	urpe	0.21743629024676667
50	dmPFC R	urpe	0.38400083506834803
51	dmPFC R	urpe	0.22383804595866402
52	dmPFC R	urpe	0.4827200596504096
53	dmPFC R	urpe	0.36836132616573175
54	dmPFC R	urpe	0.5710906842104778
55	dmPFC R	urpe	0.16291941264912915
56	dmPFC R	urpe	-0.4117714961855575
57	dmPFC R	urpe	0.1978130528012981
58	dmPFC R	urpe	0.25980912055820227
59	dmPFC R	urpe	0.7913571135564283
60	dmPFC R	urpe	-0.043699803617127546
61	dmPFC R	urpe	0.24744042271823083
62	dmPFC R	urpe	0.12931515771400678
63	dmPFC R	urpe	-0.1249637635020943
64	dmPFC R	urpe	0.41448648490168
01	dmPFC R	surprise	-0.08353384095732566
02	dmPFC R	surprise	0.0969433720953033
03	dmPFC R	surprise	0.06134249634391114
04	dmPFC R	surprise	-0.09748310121215906
05	dmPFC R	surprise	-0.13027620474625562
06	dmPFC R	surprise	-0.07357773933334967
07	dmPFC R	surprise	-0.1429865235361837
09	dmPFC R	surprise	-0.08450574187156451
10	dmPFC R	surprise	-0.022568003438133095
11	dmPFC R	surprise	0.04589063681049885
12	dmPFC R	surprise	0.048557877451241654
14	dmPFC R	surprise	-0.0606305544530009
15	dmPFC R	surprise	-0.01496458374646857
17	dmPFC R	surprise	-0.010658303646930864
18	dmPFC R	surprise	-0.2952379463435887
19	dmPFC R	surprise	-0.0755011533978037
20	dmPFC R	surprise	0.11413870592295498
21	dmPFC R	surprise	0.017165160293487743
22	dmPFC R	surprise	0.27820797475588904
23	dmPFC R	surprise	0.10460837668140087
24	dmPFC R	surprise	0.12433596263099071
25	dmPFC R	surprise	-0.055554483023999665
26	dmPFC R	surprise	0.206574874486403
27	dmPFC R	surprise	-0.021094896416855535
28	dmPFC R	surprise	0.07463758833782903
29	dmPFC R	surprise	0.059007513467092196
30	dmPFC R	surprise	0.17252165262124963
33	dmPFC R	surprise	0.022667124713575664
34	dmPFC R	surprise	-0.1364214433262685
35	dmPFC R	surprise	0.15875337653389604
36	dmPFC R	surprise	0.046831252586611034
37	dmPFC R	surprise	0.054587273332583425
38	dmPFC R	surprise	-0.014806247842103288
39	dmPFC R	surprise	0.11609657810450616
40	dmPFC R	surprise	-0.007101031619456265
41	dmPFC R	surprise	0.08819037679765192
42	dmPFC R	surprise	0.013444245752627747
43	dmPFC R	surprise	0.31817681761784156
45	dmPFC R	surprise	-0.04090259274487364
46	dmPFC R	surprise	-0.06318763793947604
47	dmPFC R	surprise	-0.10798333555059442
48	dmPFC R	surprise	0.008826395388044599
49	dmPFC R	surprise	0.342780948623077
50	dmPFC R	surprise	0.07690851379748047
51	dmPFC R	surprise	0.06203421300836396
52	dmPFC R	surprise	-0.02457661079763845
53	dmPFC R	surprise	-0.04175286046597807
54	dmPFC R	surprise	-0.08950768379470939
55	dmPFC R	surprise	-0.1623551999532188
56	dmPFC R	surprise	-0.28700727088884875
57	dmPFC R	surprise	0.13389894387756401
58	dmPFC R	surprise	-0.024523229102141685
59	dmPFC R	surprise	-0.36938066883305726
60	dmPFC R	surprise	-0.028089518307026808
61	dmPFC R	surprise	0.11661017037459187
62	dmPFC R	surprise	0.06794997479870811
63	dmPFC R	surprise	-0.018578349658649518
64	dmPFC R	surprise	-0.09222360046652074
01	Superior frontal sulcus R	rpe	0.06477926105957564
02	Superior frontal sulcus R	rpe	0.30997913867547994
03	Superior frontal sulcus R	rpe	-0.13221182445782229
04	Superior frontal sulcus R	rpe	0.6725777021275108
05	Superior frontal sulcus R	rpe	-0.29723908760734186
06	Superior frontal sulcus R	rpe	-0.18712815088362128
07	Superior frontal sulcus R	rpe	-0.3560243832615723
09	Superior frontal sulcus R	rpe	-0.1317295786211061
10	Superior frontal sulcus R	rpe	0.3276383418390769
11	Superior frontal sulcus R	rpe	-0.3125309995553307
12	Superior frontal sulcus R	rpe	0.0196769745393482
14	Superior frontal sulcus R	rpe	-0.17273335243603713
15	Superior frontal sulcus R	rpe	0.3631631946297832
17	Superior frontal sulcus R	rpe	-0.05609322179869557
18	Superior frontal sulcus R	rpe	-0.8167610370504265
19	Superior frontal sulcus R	rpe	-0.2958056462558967
20	Superior frontal sulcus R	rpe	-0.32569851881077067
21	Superior frontal sulcus R	rpe	-0.18673028130766772
22	Superior frontal sulcus R	rpe	0.4229103728065992
23	Superior frontal sulcus R	rpe	0.04663205621692971
24	Superior frontal sulcus R	rpe	0.018542091845612944
25	Superior frontal sulcus R	rpe	0.4055266151656148
26	Superior frontal sulcus R	rpe	-0.34490351707546596
27	Superior frontal sulcus R	rpe	0.12829606814539285
28	Superior frontal sulcus R	rpe	-0.0810871551094136
29	Superior frontal sulcus R	rpe	0.11601553137506579
30	Superior frontal sulcus R	rpe	-0.9132110679536375
33	Superior frontal sulcus R	rpe	0.3243950426343914
34	Superior frontal sulcus R	rpe	0.004422857815231808
35	Superior frontal sulcus R	rpe	0.18889851101677693
36	Superior frontal sulcus R	rpe	-0.3206660174142626
37	Superior frontal sulcus R	rpe	0.3065488115308508
38	Superior frontal sulcus R	rpe	-0.06366797881858523
39	Superior frontal sulcus R	rpe	-0.32289148431485093
40	Superior frontal sulcus R	rpe	-0.05155296263730203
41	Superior frontal sulcus R	rpe	0.2574964397131885
42	Superior frontal sulcus R	rpe	-0.32725071986979015
43	Superior frontal sulcus R	rpe	-0.4260826141694347
45	Superior frontal sulcus R	rpe	-0.6143186391537426
46	Superior frontal sulcus R	rpe	-0.17294626624966822
47	Superior frontal sulcus R	rpe	-0.03783053931254069
48	Superior frontal sulcus R	rpe	0.6763901840371102
49	Superior frontal sulcus R	rpe	0.12604228275266427
50	Superior frontal sulcus R	rpe	0.44066661145388797
51	Superior frontal sulcus R	rpe	-0.2862579275157217
52	Superior frontal sulcus R	rpe	-0.4035452701727227
53	Superior frontal sulcus R	rpe	0.01646098963212478
54	Superior frontal sulcus R	rpe	-0.6688725516370689
55	Superior frontal sulcus R	rpe	0.02612437564837
56	Superior frontal sulcus R	rpe	0.6366792632309535
57	Superior frontal sulcus R	rpe	-0.40361634130724744
58	Superior frontal sulcus R	rpe	-0.023913275523338724
59	Superior frontal sulcus R	rpe	-0.3886926133889449
60	Superior frontal sulcus R	rpe	0.2341598514494138
61	Superior frontal sulcus R	rpe	-0.007132209747681351
62	Superior frontal sulcus R	rpe	-0.3001706817023854
63	Superior frontal sulcus R	rpe	-0.34865263037611055
64	Superior frontal sulcus R	rpe	-0.42112927293788843
01	Superior frontal sulcus R	urpe	0.6400291246881011
02	Superior frontal sulcus R	urpe	0.15221464696992545
03	Superior frontal sulcus R	urpe	0.36701029254912704
04	Superior frontal sulcus R	urpe	0.34309499253668174
05	Superior frontal sulcus R	urpe	0.5825343333405053
06	Superior frontal sulcus R	urpe	0.404256816949866
07	Superior frontal sulcus R	urpe	0.17471783033408622
09	Superior frontal sulcus R	urpe	0.2751175600711882
10	Superior frontal sulcus R	urpe	0.14083172932608437
11	Superior frontal sulcus R	urpe	0.06531153213757514
12	Superior frontal sulcus R	urpe	-0.029688789116668352
14	Superior frontal sulcus R	urpe	0.1662009129965436
15	Superior frontal sulcus R	urpe	0.08712920971847501
17	Superior frontal sulcus R	urpe	-0.08819787122738768
18	Superior frontal sulcus R	urpe	0.612910610588111
19	Superior frontal sulcus R	urpe	0.049156935359457976
20	Superior frontal sulcus R	urpe	0.1526059801299267
21	Superior frontal sulcus R	urpe	-0.004511032912116818
22	Superior frontal sulcus R	urpe	-0.3407779270356507
23	Superior frontal sulcus R	urpe	0.4095293978435336
24	Superior frontal sulcus R	urpe	0.12803071781106246
25	Superior frontal sulcus R	urpe	0.15046948627373274
26	Superior frontal sulcus R	urpe	0.023283912333702483
27	Superior frontal sulcus R	urpe	-0.02344106943484303
28	Superior frontal sulcus R	urpe	0.04721424477850265
29	Superior frontal sulcus R	urpe	0.22233779735877426
30	Superior frontal sulcus R	urpe	0.5918266558735311
33	Superior frontal sulcus R	urpe	-0.015726061168176528
34	Superior frontal sulcus R	urpe	0.2010743224879821
35	Superior frontal sulcus R	urpe	-0.22630167686032088
36	Superior frontal sulcus R	urpe	0.14878502771798663
37	Superior frontal sulcus R	urpe	0.03038390104761987
38	Superior frontal sulcus R	urpe	-0.13461222914438553
39	Superior frontal sulcus R	urpe	0.55725866605222
40	Superior frontal sulcus R	urpe	-0.07019964918824809
41	Superior frontal sulcus R	urpe	0.2948270219712312
42	Superior frontal sulcus R	urpe	0.20463857098166183
43	Superior frontal sulcus R	urpe	0.38914238485216185
45	Superior frontal sulcus R	urpe	1.3875290394284343
46	Superior frontal sulcus R	urpe	0.8316382443006257
47	Superior frontal sulcus R	urpe	0.5027572036052536
48	Superior frontal sulcus R	urpe	0.057465602784641516
49	Superior frontal sulcus R	urpe	0.47927877326844304
50	Superior frontal sulcus R	urpe	0.34723568647275216
51	Superior frontal sulcus R	urpe	0.39956159549160997
52	Superior frontal sulcus R	urpe	0.644960654259638
53	Superior frontal sulcus R	urpe	0.03612398213834878
54	Superior frontal sulcus R	urpe	0.1223161306093582
55	Superior frontal sulcus R	urpe	0.3166872203023038
56	Superior frontal sulcus R	urpe	-0.5015351636946657
57	Superior frontal sulcus R	urpe	0.19916322325864622
58	Superior frontal sulcus R	urpe	0.31590323789731267
59	Superior frontal sulcus R	urpe	0.7416599091170853
60	Superior frontal sulcus R	urpe	0.11629837736992152
61	Superior frontal sulcus R	urpe	0.20671315700036139
62	Superior frontal sulcus R	urpe	0.13324642244136345
63	Superior frontal sulcus R	urpe	-0.184351468889775
64	Superior frontal sulcus R	urpe	0.15663526928866991
01	Superior frontal sulcus R	surprise	-0.09761439661654459
02	Superior frontal sulcus R	surprise	0.03700564332110434
03	Superior frontal sulcus R	surprise	0.12980630780740832
04	Superior frontal sulcus R	surprise	-0.2614180782511262
05	Superior frontal sulcus R	surprise	-0.20723443411340411
06	Superior frontal sulcus R	surprise	-0.061711418110511146
07	Superior frontal sulcus R	surprise	-0.08064607927076221
09	Superior frontal sulcus R	surprise	-0.07295206318278832
10	Superior frontal sulcus R	surprise	-0.04183947523471096
11	Superior frontal sulcus R	surprise	0.08750391853191243
12	Superior frontal sulcus R	surprise	0.04235478061106823
14	Superior frontal sulcus R	surprise	-0.0032179167037958614
15	Superior frontal sulcus R	surprise	-0.07076297916617699
17	Superior frontal sulcus R	surprise	0.10538912592064731
18	Superior frontal sulcus R	surprise	-0.22212099303839772
19	Superior frontal sulcus R	surprise	-0.018765459500985463
20	Superior frontal sulcus R	surprise	0.12772530838465035
21	Superior frontal sulcus R	surprise	0.014843388770943338
22	Superior frontal sulcus R	surprise	-0.005320908855433569
23	Superior frontal sulcus R	surprise	0.014475039228661881
24	Superior frontal sulcus R	surprise	-0.008224437585569748
25	Superior frontal sulcus R	surprise	-0.002459584242012885
26	Superior frontal sulcus R	surprise	0.11274265471085167
27	Superior frontal sulcus R	surprise	-0.1785523286089301
28	Superior frontal sulcus R	surprise	-0.0065803050280385115
29	Superior frontal sulcus R	surprise	0.034546361959766854
30	Superior frontal sulcus R	surprise	0.2446126533060811
33	Superior frontal sulcus R	surprise	0.0803965702301908
34	Superior frontal sulcus R	surprise	-0.02448835211355223
35	Superior frontal sulcus R	surprise	0.165637134821403
36	Superior frontal sulcus R	surprise	0.314154532748694
37	Superior frontal sulcus R	surprise	-0.06181055273974442
38	Superior frontal sulcus R	surprise	0.0629552032528374
39	Superior frontal sulcus R	surprise	0.21546619257512895
40	Superior frontal sulcus R	surprise	-0.003333412305423492
41	Superior frontal sulcus R	surprise	0.12556926754324604
42	Superior frontal sulcus R	surprise	-0.024967943442323802
43	Superior frontal sulcus R	surprise	0.283941748958145
45	Superior frontal sulcus R	surprise	0.1382755946622582
46	Superior frontal sulcus R	surprise	0.01688236976220123
47	Superior frontal sulcus R	surprise	-0.07606200905088406
48	Superior frontal sulcus R	surprise	0.11731886857532263
49	Superior frontal sulcus R	surprise	0.26277885005901785
50	Superior frontal sulcus R	surprise	0.17736527386284967
51	Superior frontal sulcus R	surprise	0.09494068567065224
52	Superior frontal sulcus R	surprise	-0.08986429968004146
53	Superior frontal sulcus R	surprise	0.041506767312939216
54	Superior frontal sulcus R	surprise	0.06162337587172351
55	Superior frontal sulcus R	surprise	-0.13058639985850465
56	Superior frontal sulcus R	surprise	-0.027429281569971126
57	Superior frontal sulcus R	surprise	0.14117101859656794
58	Superior frontal sulcus R	surprise	0.031988694416796734
59	Superior frontal sulcus R	surprise	-0.2858314449340816
60	Superior frontal sulcus R	surprise	0.03658767911705067
61	Superior frontal sulcus R	surprise	0.26045343557458
62	Superior frontal sulcus R	surprise	-0.023864072873608123
63	Superior frontal sulcus R	surprise	-0.024974772360603296
64	Superior frontal sulcus R	surprise	0.0882870738931313
01	Frontal middle gyrus R	rpe	0.1415061706669746
02	Frontal middle gyrus R	rpe	0.10724790284490784
03	Frontal middle gyrus R	rpe	0.03908655813557836
04	Frontal middle gyrus R	rpe	0.485960191174403
05	Frontal middle gyrus R	rpe	-0.2017467483432641
06	Frontal middle gyrus R	rpe	-0.1469184429637765
07	Frontal middle gyrus R	rpe	-0.33789537495779476
09	Frontal middle gyrus R	rpe	-0.08352657035359834
10	Frontal middle gyrus R	rpe	0.4204678407752901
11	Frontal middle gyrus R	rpe	0.056407596993876076
12	Frontal middle gyrus R	rpe	0.25537835873707426
14	Frontal middle gyrus R	rpe	0.13147925413177003
15	Frontal middle gyrus R	rpe	0.2551108192117137
17	Frontal middle gyrus R	rpe	0.055503914796373274
18	Frontal middle gyrus R	rpe	-0.5328148462054297
19	Frontal middle gyrus R	rpe	-0.06975847982992162
20	Frontal middle gyrus R	rpe	-0.11558661510041314
21	Frontal middle gyrus R	rpe	0.1265373069134827
22	Frontal middle gyrus R	rpe	0.09980418214525874
23	Frontal middle gyrus R	rpe	0.3223020510462032
24	Frontal middle gyrus R	rpe	0.1712992733388435
25	Frontal middle gyrus R	rpe	0.5272253408540393
26	Frontal middle gyrus R	rpe	-0.5449630534203034
27	Frontal middle gyrus R	rpe	0.08609228741424456
28	Frontal middle gyrus R	rpe	-0.13307753032968034
29	Frontal middle gyrus R	rpe	0.029452660003691677
30	Frontal middle gyrus R	rpe	-0.20819631771837163
33	Frontal middle gyrus R	rpe	0.2231078131810036
34	Frontal middle gyrus R	rpe	0.0566419089785007
35	Frontal middle gyrus R	rpe	0.18285618059100642
36	Frontal middle gyrus R	rpe	-0.0642459657250383
37	Frontal middle gyrus R	rpe	0.6268592769313076
38	Frontal middle gyrus R	rpe	-0.18467973196930249
39	Frontal middle gyrus R	rpe	-0.02443761096563278
40	Frontal middle gyrus R	rpe	-0.11856462340618623
41	Frontal middle gyrus R	rpe	0.6348642930461783
42	Frontal middle gyrus R	rpe	-0.021188649353956233
43	Frontal middle gyrus R	rpe	-0.20835724734063224
45	Frontal middle gyrus R	rpe	0.2656095886509499
46	Frontal middle gyrus R	rpe	-0.010929988572505985
47	Frontal middle gyrus R	rpe	0.34744122963193363
48	Frontal middle gyrus R	rpe	0.19556572685118098
49	Frontal middle gyrus R	rpe	-0.14070528958911283
50	Frontal middle gyrus R	rpe	0.18443561185474003
51	Frontal middle gyrus R	rpe	0.07811125624910231
52	Frontal middle gyrus R	rpe	-0.0759127444526232
53	Frontal middle gyrus R	rpe	0.2692737630971773
54	Frontal middle gyrus R	rpe	-0.1851658965882618
55	Frontal middle gyrus R	rpe	-0.03340546158050722
56	Frontal middle gyrus R	rpe	1.020817170623602
57	Frontal middle gyrus R	rpe	-0.05539651593930403
58	Frontal middle gyrus R	rpe	0.3094812990166247
59	Frontal middle gyrus R	rpe	0.285974666118983
60	Frontal middle gyrus R	rpe	0.0793549124496131
61	Frontal middle gyrus R	rpe	0.004840407732810104
62	Frontal middle gyrus R	rpe	-0.056366134625602894
63	Frontal middle gyrus R	rpe	-0.011678850189342685
64	Frontal middle gyrus R	rpe	-0.41094254743304165
01	Frontal middle gyrus R	urpe	0.5882435836535915
02	Frontal middle gyrus R	urpe	0.21716103246655521
03	Frontal middle gyrus R	urpe	0.5397845628693347
04	Frontal middle gyrus R	urpe	-0.066460940067924
05	Frontal middle gyrus R	urpe	0.3549332253847594
06	Frontal middle gyrus R	urpe	0.24094239578355015
07	Frontal middle gyrus R	urpe	0.13107508262912707
09	Frontal middle gyrus R	urpe	0.3627957725497769
10	Frontal middle gyrus R	urpe	0.03200478586514928
11	Frontal middle gyrus R	urpe	-0.05096540430663374
12	Frontal middle gyrus R	urpe	0.18265407994539865
14	Frontal middle gyrus R	urpe	0.011114581671404087
15	Frontal middle gyrus R	urpe	0.1804610366500386
17	Frontal middle gyrus R	urpe	-0.10858714106074703
18	Frontal middle gyrus R	urpe	0.29622493008441314
19	Frontal middle gyrus R	urpe	-0.08366694223542705
20	Frontal middle gyrus R	urpe	0.05512657152914156
21	Frontal middle gyrus R	urpe	0.02559458446205643
22	Frontal middle gyrus R	urpe	-0.07757643626326344
23	Frontal middle gyrus R	urpe	0.5305013277633922
24	Frontal middle gyrus R	urpe	0.21878831849917477
25	Frontal middle gyrus R	urpe	0.199390849837388
26	Frontal middle gyrus R	urpe	0.05924464705836497
27	Frontal middle gyrus R	urpe	0.11660067004098476
28	Frontal middle gyrus R	urpe	0.026692842059552406
29	Frontal middle gyrus R	urpe	0.15318342237769972
30	Frontal middle gyrus R	urpe	0.3124981466350769
33	Frontal middle gyrus R	urpe	0.07080642232170886
34	Frontal middle gyrus R	urpe	0.14390085567903566
35	Frontal middle gyrus R	urpe	0.09113022084641234
36	Frontal middle gyrus R	urpe	-0.02637071588615645
37	Frontal middle gyrus R	urpe	0.2889217880488498
38	Frontal middle gyrus R	urpe	-0.08605576637700589
39	Frontal middle gyrus R	urpe	0.4363413036353593
40	Frontal middle gyrus R	urpe	0.22156598172920544
41	Frontal middle gyrus R	urpe	0.2548607571516186
42	Frontal middle gyrus R	urpe	-0.05948180140855018
43	Frontal middle gyrus R	urpe	0.6099415686069511
45	Frontal middle gyrus R	urpe	0.5786138633119426
46	Frontal middle gyrus R	urpe	0.5644075263238432
47	Frontal middle gyrus R	urpe	0.17434428085199022
48	Frontal middle gyrus R	urpe	0.19294912236060682
49	Frontal middle gyrus R	urpe	0.2936550374069493
50	Frontal middle gyrus R	urpe	0.5575408332497175
51	Frontal middle gyrus R	urpe	0.06548778546284738
52	Frontal middle gyrus R	urpe	0.29664323363438483
53	Frontal middle gyrus R	urpe	0.024689419280075814
54	Frontal middle gyrus R	urpe	0.0990494678766782
55	Frontal middle gyrus R	urpe	0.26597635125499364
56	Frontal middle gyrus R	urpe	-0.35465260778414454
57	Frontal middle gyrus R	urpe	0.2819357386049558
58	Frontal middle gyrus R	urpe	0.2949907975418009
59	Frontal middle gyrus R	urpe	0.5598476143025859
60	Frontal middle gyrus R	urpe	-0.020694046481109157
61	Frontal middle gyrus R	urpe	0.22026657450056863
62	Frontal middle gyrus R	urpe	0.14066705822795225
63	Frontal middle gyrus R	urpe	0.035122806384176836
64	Frontal middle gyrus R	urpe	0.24037734776087688
01	Frontal middle gyrus R	surprise	-0.07298621911359364
02	Frontal middle gyrus R	surprise	0.06089098032823568
03	Frontal middle gyrus R	surprise	0.07599137168593968
04	Frontal middle gyrus R	surprise	-0.24343596865866685
05	Frontal middle gyrus R	surprise	0.12272358767680941
06	Frontal middle gyrus R	surprise	0.015920510322156207
07	Frontal middle gyrus R	surprise	-0.01699742144407401
09	Frontal middle gyrus R	surprise	-0.024530292166315394
10	Frontal middle gyrus R	surprise	-0.08619696291009853
11	Frontal middle gyrus R	surprise	0.0884653752359805
12	Frontal middle gyrus R	surprise	0.057583892689827616
14	Frontal middle gyrus R	surprise	0.03259678234623041
15	Frontal middle gyrus R	surprise	-0.16287369233799923
17	Frontal middle gyrus R	surprise	0.13440619636987938
18	Frontal middle gyrus R	surprise	-0.2049073217011343
19	Frontal middle gyrus R	surprise	-0.13852432042022977
20	Frontal middle gyrus R	surprise	0.0932175621741422
21	Frontal middle gyrus R	surprise	-0.01003338412636539
22	Frontal middle gyrus R	surprise	-0.11080358204327333
23	Frontal middle gyrus R	surprise	0.047122771265516866
24	Frontal middle gyrus R	surprise	0.0851611236282661
25	Frontal middle gyrus R	surprise	0.02453253909534826
26	Frontal middle gyrus R	surprise	0.181427099510998
27	Frontal middle gyrus R	surprise	0.013581285852660227
28	Frontal middle gyrus R	surprise	-0.08162617316274846
29	Frontal middle gyrus R	surprise	-0.03962416000712703
30	Frontal middle gyrus R	surprise	0.222524642586038
33	Frontal middle gyrus R	surprise	-0.0073661117513818064
34	Frontal middle gyrus R	surprise	0.07170671708955187
35	Frontal middle gyrus R	surprise	0.09441821642245686
36	Frontal middle gyrus R	surprise	0.060257682347382366
37	Frontal middle gyrus R	surprise	-0.18786193127193906
38	Frontal middle gyrus R	surprise	0.02935210619567285
39	Frontal middle gyrus R	surprise	0.14096102730818386
40	Frontal middle gyrus R	surprise	-0.0262281133799711
41	Frontal middle gyrus R	surprise	0.12178487484673346
42	Frontal middle gyrus R	surprise	-0.02942311560403277
43	Frontal middle gyrus R	surprise	0.3597179848304766
45	Frontal middle gyrus R	surprise	-0.14797279964325818
46	Frontal middle gyrus R	surprise	-0.013089834652863092
47	Frontal middle gyrus R	surprise	-0.1316267151411212
48	Frontal middle gyrus R	surprise	0.018427158274603495
49	Frontal middle gyrus R	surprise	0.151413897881981
50	Frontal middle gyrus R	surprise	0.03172793323962443
51	Frontal middle gyrus R	surprise	-0.08161201987298221
52	Frontal middle gyrus R	surprise	-0.07556999564962828
53	Frontal middle gyrus R	surprise	0.0069089061493516025
54	Frontal middle gyrus R	surprise	-0.07012611052652043
55	Frontal middle gyrus R	surprise	-0.1738562256887951
56	Frontal middle gyrus R	surprise	-0.1697846187487626
57	Frontal middle gyrus R	surprise	-0.01459395864017777
58	Frontal middle gyrus R	surprise	0.035548290329106245
59	Frontal middle gyrus R	surprise	-0.1423189111996266
60	Frontal middle gyrus R	surprise	0.030820997232959908
61	Frontal middle gyrus R	surprise	0.22927491084533178
62	Frontal middle gyrus R	surprise	0.028793535781463958
63	Frontal middle gyrus R	surprise	-0.0786992330764105
64	Frontal middle gyrus R	surprise	-0.12721818226516085
01	Inferior Frontal Gyrus L	rpe	0.07515838578198605
02	Inferior Frontal Gyrus L	rpe	0.3717830273784509
03	Inferior Frontal Gyrus L	rpe	0.5764091413061158
04	Inferior Frontal Gyrus L	rpe	0.6630747857965341
05	Inferior Frontal Gyrus L	rpe	0.2936036056925018
06	Inferior Frontal Gyrus L	rpe	-0.16901056244460663
07	Inferior Frontal Gyrus L	rpe	-0.40792223094266
09	Inferior Frontal Gyrus L	rpe	0.27350065063982576
10	Inferior Frontal Gyrus L	rpe	0.549280190856016
11	Inferior Frontal Gyrus L	rpe	0.3352560982608995
12	Inferior Frontal Gyrus L	rpe	0.2847181519790858
14	Inferior Frontal Gyrus L	rpe	-0.02712254713684665
15	Inferior Frontal Gyrus L	rpe	0.5309460140576884
17	Inferior Frontal Gyrus L	rpe	-0.021877736091895514
18	Inferior Frontal Gyrus L	rpe	-0.31923905959031973
19	Inferior Frontal Gyrus L	rpe	-0.030725385064353086
20	Inferior Frontal Gyrus L	rpe	-0.26103476793192204
21	Inferior Frontal Gyrus L	rpe	0.12007880121070359
22	Inferior Frontal Gyrus L	rpe	0.16450870536979945
23	Inferior Frontal Gyrus L	rpe	0.2450825947282069
24	Inferior Frontal Gyrus L	rpe	0.26077704729527984
25	Inferior Frontal Gyrus L	rpe	0.6932183129071188
26	Inferior Frontal Gyrus L	rpe	-0.10006723394460913
27	Inferior Frontal Gyrus L	rpe	0.4742910972162455
28	Inferior Frontal Gyrus L	rpe	-0.31063673409492465
29	Inferior Frontal Gyrus L	rpe	0.15598063899863007
30	Inferior Frontal Gyrus L	rpe	0.48656225503430145
33	Inferior Frontal Gyrus L	rpe	0.34540818591735195
34	Inferior Frontal Gyrus L	rpe	-0.02920224006921679
35	Inferior Frontal Gyrus L	rpe	0.34515586122870445
36	Inferior Frontal Gyrus L	rpe	0.22108705679811694
37	Inferior Frontal Gyrus L	rpe	0.4612196210552664
38	Inferior Frontal Gyrus L	rpe	0.0394954049255784
39	Inferior Frontal Gyrus L	rpe	0.10126567345910839
40	Inferior Frontal Gyrus L	rpe	-0.18594024612122223
41	Inferior Frontal Gyrus L	rpe	0.43229655039050624
42	Inferior Frontal Gyrus L	rpe	0.15221212980114393
43	Inferior Frontal Gyrus L	rpe	0.21685976107573496
45	Inferior Frontal Gyrus L	rpe	-0.044321016422198975
46	Inferior Frontal Gyrus L	rpe	-0.039879982511340756
47	Inferior Frontal Gyrus L	rpe	0.4067961934860013
48	Inferior Frontal Gyrus L	rpe	0.5149056266977632
49	Inferior Frontal Gyrus L	rpe	0.24756883472955526
50	Inferior Frontal Gyrus L	rpe	0.30832914421491386
51	Inferior Frontal Gyrus L	rpe	0.64916040175477
52	Inferior Frontal Gyrus L	rpe	0.1799510979707971
53	Inferior Frontal Gyrus L	rpe	0.290706203080432
54	Inferior Frontal Gyrus L	rpe	0.1982297242713012
55	Inferior Frontal Gyrus L	rpe	0.577237552892761
56	Inferior Frontal Gyrus L	rpe	0.20672515598751856
57	Inferior Frontal Gyrus L	rpe	0.06774098694347973
58	Inferior Frontal Gyrus L	rpe	0.6151767527105427
59	Inferior Frontal Gyrus L	rpe	0.271350841664762
60	Inferior Frontal Gyrus L	rpe	0.33698917374390513
61	Inferior Frontal Gyrus L	rpe	0.12347789689998276
62	Inferior Frontal Gyrus L	rpe	0.20977869662143164
63	Inferior Frontal Gyrus L	rpe	-0.29033052983122465
64	Inferior Frontal Gyrus L	rpe	0.02354949150437943
01	Inferior Frontal Gyrus L	urpe	0.6659467535860398
02	Inferior Frontal Gyrus L	urpe	0.12278177545938108
03	Inferior Frontal Gyrus L	urpe	0.12244359268797092
04	Inferior Frontal Gyrus L	urpe	-0.5284625818999875
05	Inferior Frontal Gyrus L	urpe	0.24607140708229497
06	Inferior Frontal Gyrus L	urpe	0.019743417285014914
07	Inferior Frontal Gyrus L	urpe	-0.014609787200808431
09	Inferior Frontal Gyrus L	urpe	0.09720685761891493
10	Inferior Frontal Gyrus L	urpe	0.002744124357064231
11	Inferior Frontal Gyrus L	urpe	0.14498418902375682
12	Inferior Frontal Gyrus L	urpe	-0.11443810513653926
14	Inferior Frontal Gyrus L	urpe	-0.0426496550237306
15	Inferior Frontal Gyrus L	urpe	0.1298493233219791
17	Inferior Frontal Gyrus L	urpe	-0.027035782872816595
18	Inferior Frontal Gyrus L	urpe	0.4578252600333771
19	Inferior Frontal Gyrus L	urpe	-0.22128026152886607
20	Inferior Frontal Gyrus L	urpe	0.2697923821808003
21	Inferior Frontal Gyrus L	urpe	-0.06575120532564319
22	Inferior Frontal Gyrus L	urpe	-0.1207121578986784
23	Inferior Frontal Gyrus L	urpe	0.3496226076968014
24	Inferior Frontal Gyrus L	urpe	-0.025555414168066063
25	Inferior Frontal Gyrus L	urpe	-0.2787742980388032
26	Inferior Frontal Gyrus L	urpe	-0.04874583031686743
27	Inferior Frontal Gyrus L	urpe	-0.09611818541972232
28	Inferior Frontal Gyrus L	urpe	0.4092202618905977
29	Inferior Frontal Gyrus L	urpe	0.04595640382510336
30	Inferior Frontal Gyrus L	urpe	0.19834346954804696
33	Inferior Frontal Gyrus L	urpe	0.016576489989309252
34	Inferior Frontal Gyrus L	urpe	0.21931508393222546
35	Inferior Frontal Gyrus L	urpe	-0.3075686882586539
36	Inferior Frontal Gyrus L	urpe	-0.385473315666641
37	Inferior Frontal Gyrus L	urpe	0.14145992689535117
38	Inferior Frontal Gyrus L	urpe	-0.06217624206671163
39	Inferior Frontal Gyrus L	urpe	0.05342689110846611
40	Inferior Frontal Gyrus L	urpe	-0.21771849913032482
41	Inferior Frontal Gyrus L	urpe	0.5197911395166978
42	Inferior Frontal Gyrus L	urpe	-0.06038981160548117
43	Inferior Frontal Gyrus L	urpe	-0.09111578646886354
45	Inferior Frontal Gyrus L	urpe	0.8057913840630976
46	Inferior Frontal Gyrus L	urpe	0.2358037682833197
47	Inferior Frontal Gyrus L	urpe	0.3708607668327089
48	Inferior Frontal Gyrus L	urpe	-0.148110193219975
49	Inferior Frontal Gyrus L	urpe	-0.06467398740116413
50	Inferior Frontal Gyrus L	urpe	0.09170094466016886
51	Inferior Frontal Gyrus L	urpe	-0.1533181731273154
52	Inferior Frontal Gyrus L	urpe	0.09327809991091959
53	Inferior Frontal Gyrus L	urpe	0.06788200882611749
54	Inferior Frontal Gyrus L	urpe	0.1212039473313719
55	Inferior Frontal Gyrus L	urpe	-0.13661905658673965
56	Inferior Frontal Gyrus L	urpe	0.028536967146640814
57	Inferior Frontal Gyrus L	urpe	0.009525352537225024
58	Inferior Frontal Gyrus L	urpe	0.022861565291312204
59	Inferior Frontal Gyrus L	urpe	0.09463135205442086
60	Inferior Frontal Gyrus L	urpe	-0.025039396058971517
61	Inferior Frontal Gyrus L	urpe	0.16716944573529283
62	Inferior Frontal Gyrus L	urpe	0.2526924637138468
63	Inferior Frontal Gyrus L	urpe	-0.2768150557051687
64	Inferior Frontal Gyrus L	urpe	-0.06152380510883929
01	Inferior Frontal Gyrus L	surprise	-0.021028381121293994
02	Inferior Frontal Gyrus L	surprise	-0.04347462371038664
03	Inferior Frontal Gyrus L	surprise	0.0015250039536372892
04	Inferior Frontal Gyrus L	surprise	-0.09871251112781465
05	Inferior Frontal Gyrus L	surprise	-0.044506572837075084
06	Inferior Frontal Gyrus L	surprise	0.06061089625425574
07	Inferior Frontal Gyrus L	surprise	-0.05294783530840474
09	Inferior Frontal Gyrus L	surprise	-0.12972940287274942
10	Inferior Frontal Gyrus L	surprise	0.040685962520719765
11	Inferior Frontal Gyrus L	surprise	0.05111456315665107
12	Inferior Frontal Gyrus L	surprise	0.07448172753338288
14	Inferior Frontal Gyrus L	surprise	0.03625112843001873
15	Inferior Frontal Gyrus L	surprise	-0.04691946152656363
17	Inferior Frontal Gyrus L	surprise	-0.062375672226145616
18	Inferior Frontal Gyrus L	surprise	-0.0027700341255649237
19	Inferior Frontal Gyrus L	surprise	-0.01145891033914214
20	Inferior Frontal Gyrus L	surprise	0.12034176300013703
21	Inferior Frontal Gyrus L	surprise	-0.019366146792156792
22	Inferior Frontal Gyrus L	surprise	0.06293212205103473
23	Inferior Frontal Gyrus L	surprise	0.1662149441510658
24	Inferior Frontal Gyrus L	surprise	-0.016830415382762167
25	Inferior Frontal Gyrus L	surprise	-0.025859717305841613
26	Inferior Frontal Gyrus L	surprise	0.1603484808021233
27	Inferior Frontal Gyrus L	surprise	-0.11298413230341021
28	Inferior Frontal Gyrus L	surprise	0.04376377078984324
29	Inferior Frontal Gyrus L	surprise	-0.016717050702921545
30	Inferior Frontal Gyrus L	surprise	0.04812529874660325
33	Inferior Frontal Gyrus L	surprise	0.12932750928321338
34	Inferior Frontal Gyrus L	surprise	0.11817612221167118
35	Inferior Frontal Gyrus L	surprise	0.11340626860976595
36	Inferior Frontal Gyrus L	surprise	0.08609602720517774
37	Inferior Frontal Gyrus L	surprise	0.01701441711106361
38	Inferior Frontal Gyrus L	surprise	-0.02557665151602612
39	Inferior Frontal Gyrus L	surprise	0.007997623473081049
40	Inferior Frontal Gyrus L	surprise	0.03479980829556056
41	Inferior Frontal Gyrus L	surprise	0.14195243237117508
42	Inferior Frontal Gyrus L	surprise	-0.006284871382277521
43	Inferior Frontal Gyrus L	surprise	0.0928501133152045
45	Inferior Frontal Gyrus L	surprise	0.15004032580455876
46	Inferior Frontal Gyrus L	surprise	-0.11130621575969546
47	Inferior Frontal Gyrus L	surprise	0.10277651773155236
48	Inferior Frontal Gyrus L	surprise	0.11746756320803606
49	Inferior Frontal Gyrus L	surprise	0.08654292393108916
50	Inferior Frontal Gyrus L	surprise	0.14329116289824748
51	Inferior Frontal Gyrus L	surprise	0.0900770824633934
52	Inferior Frontal Gyrus L	surprise	-0.08303791540907207
53	Inferior Frontal Gyrus L	surprise	-5.8337581024051274e-05
54	Inferior Frontal Gyrus L	surprise	-0.005420601379640885
55	Inferior Frontal Gyrus L	surprise	-0.17620741956311614
56	Inferior Frontal Gyrus L	surprise	-0.07010082140009255
57	Inferior Frontal Gyrus L	surprise	-0.01780829973251778
58	Inferior Frontal Gyrus L	surprise	-0.05395896462801875
59	Inferior Frontal Gyrus L	surprise	-0.051165864548544174
60	Inferior Frontal Gyrus L	surprise	0.028899552691395262
61	Inferior Frontal Gyrus L	surprise	-0.024651971710647726
62	Inferior Frontal Gyrus L	surprise	0.1555837834979791
63	Inferior Frontal Gyrus L	surprise	0.03205914246632537
64	Inferior Frontal Gyrus L	surprise	0.08219358666032991
01	Insula R	rpe	-0.34946593924689945
02	Insula R	rpe	-0.04104656541849027
03	Insula R	rpe	-0.01955571417081154
04	Insula R	rpe	0.07582761334517765
05	Insula R	rpe	-0.6472392777391409
06	Insula R	rpe	-0.4142391050266007
07	Insula R	rpe	-0.07400062459055334
09	Insula R	rpe	0.051202174265877844
10	Insula R	rpe	0.35590782412722455
11	Insula R	rpe	0.11876367441165435
12	Insula R	rpe	0.21412947121317008
14	Insula R	rpe	-0.3895101797159256
15	Insula R	rpe	0.34394623104372396
17	Insula R	rpe	-0.2745304723325485
18	Insula R	rpe	-0.38412024738203926
19	Insula R	rpe	-0.36249496549431043
20	Insula R	rpe	-0.3863558557626428
21	Insula R	rpe	-0.19900289756468875
22	Insula R	rpe	0.2686637845837464
23	Insula R	rpe	-0.019873955898836327
24	Insula R	rpe	0.28079507320772035
25	Insula R	rpe	0.17606108594573325
26	Insula R	rpe	-0.21987213629694513
27	Insula R	rpe	0.05999249208474856
28	Insula R	rpe	-0.18693377315737622
29	Insula R	rpe	0.1387288026034169
30	Insula R	rpe	-0.6864108034425368
33	Insula R	rpe	0.11924652950601432
34	Insula R	rpe	-0.06376794587511972
35	Insula R	rpe	0.21160783184992182
36	Insula R	rpe	-0.17699250177790063
37	Insula R	rpe	0.10065923464460835
38	Insula R	rpe	-0.557956328331414
39	Insula R	rpe	-0.5075540137043129
40	Insula R	rpe	-0.47954814082358854
41	Insula R	rpe	0.3081188162559864
42	Insula R	rpe	-0.27911788132633636
43	Insula R	rpe	0.008232001158984977
45	Insula R	rpe	-0.5542783464287344
46	Insula R	rpe	-0.34206870758621877
47	Insula R	rpe	0.03688239066080206
48	Insula R	rpe	0.12694047051639754
49	Insula R	rpe	-0.5558032715038034
50	Insula R	rpe	0.04348889622497925
51	Insula R	rpe	-0.1926837960387367
52	Insula R	rpe	-0.2800718141597364
53	Insula R	rpe	0.09928304798530131
54	Insula R	rpe	-0.0889357483582729
55	Insula R	rpe	-0.38901024629851266
56	Insula R	rpe	0.7427367540865631
57	Insula R	rpe	-0.26656689861852484
58	Insula R	rpe	0.2794772574591245
59	Insula R	rpe	-0.2796386578159754
60	Insula R	rpe	0.1980713643242163
61	Insula R	rpe	-0.23099246100617288
62	Insula R	rpe	0.2382582739183987
63	Insula R	rpe	-0.3688922955701917
64	Insula R	rpe	-0.3692744995972489
01	Insula R	urpe	0.4046276252306366
02	Insula R	urpe	0.7410712219652388
03	Insula R	urpe	0.8388071788190785
04	Insula R	urpe	-0.10449266618993765
05	Insula R	urpe	0.2743850527410159
06	Insula R	urpe	0.12939834190232646
07	Insula R	urpe	0.026834131684154272
09	Insula R	urpe	0.2551380684678206
10	Insula R	urpe	-0.07957936218896312
11	Insula R	urpe	0.2769744005212087
12	Insula R	urpe	0.06776219738994614
14	Insula R	urpe	0.25673367397985974
15	Insula R	urpe	0.04218492308834773
17	Insula R	urpe	0.22331141755853037
18	Insula R	urpe	0.21119480249787664
19	Insula R	urpe	0.026792943574067883
20	Insula R	urpe	0.10704780610325604
21	Insula R	urpe	-0.055967739070923526
22	Insula R	urpe	-0.13257034629510847
23	Insula R	urpe	0.0877517223312772
24	Insula R	urpe	0.3506900639795122
25	Insula R	urpe	0.37714533814055434
26	Insula R	urpe	0.10291535758918499
27	Insula R	urpe	-0.04084622261501154
28	Insula R	urpe	-0.039247111473772654
29	Insula R	urpe	0.23698021309308204
30	Insula R	urpe	0.5844594839392072
33	Insula R	urpe	0.0915942740176757
34	Insula R	urpe	0.16038120815321266
35	Insula R	urpe	-0.1317943677077291
36	Insula R	urpe	0.21268409404359062
37	Insula R	urpe	0.12075362689679654
38	Insula R	urpe	-0.1036150675223572
39	Insula R	urpe	0.6588493526076614
40	Insula R	urpe	0.2175503848830901
41	Insula R	urpe	0.3590424188444296
42	Insula R	urpe	0.5512361157432957
43	Insula R	urpe	0.2570835512661241
45	Insula R	urpe	0.7448123571604995
46	Insula R	urpe	0.6046481721292613
47	Insula R	urpe	0.178558657783423
48	Insula R	urpe	0.5985219863764311
49	Insula R	urpe	-0.06649845089548577
50	Insula R	urpe	0.2836357039888784
51	Insula R	urpe	0.2677535613134535
52	Insula R	urpe	0.42410780968918005
53	Insula R	urpe	0.15653793141911776
54	Insula R	urpe	0.1930337902553127
55	Insula R	urpe	0.36581936294866046
56	Insula R	urpe	-0.29734051909092496
57	Insula R	urpe	0.3903766384079926
58	Insula R	urpe	0.3191762147392383
59	Insula R	urpe	0.7959005199372768
60	Insula R	urpe	-0.1980559209704999
61	Insula R	urpe	0.3235016082042544
62	Insula R	urpe	0.10639824332981133
63	Insula R	urpe	-0.06588032692512971
64	Insula R	urpe	0.4117270373834013
01	Insula R	surprise	-0.1345143020942302
02	Insula R	surprise	0.021031543677593818
03	Insula R	surprise	0.08865728371547756
04	Insula R	surprise	0.06455443415621107
05	Insula R	surprise	-0.012837750071628113
06	Insula R	surprise	-0.11487576581258524
07	Insula R	surprise	-0.10968656703766624
09	Insula R	surprise	-0.04950276817445706
10	Insula R	surprise	-0.026269724217669693
11	Insula R	surprise	0.06612151530886984
12	Insula R	surprise	-0.014373110883506172
14	Insula R	surprise	0.0047208572174540836
15	Insula R	surprise	0.001102132687218866
17	Insula R	surprise	0.0784492838932438
18	Insula R	surprise	-0.17422059501750173
19	Insula R	surprise	-0.03940227771793508
20	Insula R	surprise	0.04043816979895583
21	Insula R	surprise	0.02669489208877213
22	Insula R	surprise	0.1055382394302889
23	Insula R	surprise	0.026539843480134287
24	Insula R	surprise	0.013947265687343365
25	Insula R	surprise	-0.0501012420091853
26	Insula R	surprise	0.2326932753321825
27	Insula R	surprise	0.0012121158829590274
28	Insula R	surprise	0.05784217169744128
29	Insula R	surprise	0.011940271154113145
30	Insula R	surprise	0.028699164585628687
33	Insula R	surprise	0.09676683893411468
34	Insula R	surprise	-0.024125598223536607
35	Insula R	surprise	0.1355648417325722
36	Insula R	surprise	0.14941836567200972
37	Insula R	surprise	-0.03971644014443697
38	Insula R	surprise	-0.06907637897332325
39	Insula R	surprise	-0.01876107005252487
40	Insula R	surprise	0.007537432798279165
41	Insula R	surprise	0.17765117307209363
42	Insula R	surprise	-0.018350563016996356
43	Insula R	surprise	0.16967581558634204
45	Insula R	surprise	-0.011645011833703176
46	Insula R	surprise	0.10204982779470224
47	Insula R	surprise	-0.054919158404503586
48	Insula R	surprise	-0.07288308111236479
49	Insula R	surprise	0.027636635156325657
50	Insula R	surprise	-0.020395643302728816
51	Insula R	surprise	0.0039651949444891275
52	Insula R	surprise	-0.11522712324296076
53	Insula R	surprise	0.06391809041519605
54	Insula R	surprise	-0.04870464450529761
55	Insula R	surprise	-0.1644294597169037
56	Insula R	surprise	-0.13252054125275778
57	Insula R	surprise	-0.06919781302922737
58	Insula R	surprise	-0.05778871246877963
59	Insula R	surprise	-0.3332517567974657
60	Insula R	surprise	-0.023900494053446828
61	Insula R	surprise	-0.07947258857647115
62	Insula R	surprise	0.0027422424298770317
63	Insula R	surprise	0.0016031316698576182
64	Insula R	surprise	-0.051331522717669414
01	Inferior Parietal Lobule L	rpe	-0.052715121605433526
02	Inferior Parietal Lobule L	rpe	0.29576848771733544
03	Inferior Parietal Lobule L	rpe	0.5745520586587696
04	Inferior Parietal Lobule L	rpe	0.08931122721793751
05	Inferior Parietal Lobule L	rpe	0.1655112002678733
06	Inferior Parietal Lobule L	rpe	0.1283132704099747
07	Inferior Parietal Lobule L	rpe	-0.27532610883418884
09	Inferior Parietal Lobule L	rpe	0.1532734866047071
10	Inferior Parietal Lobule L	rpe	0.3857348057738919
11	Inferior Parietal Lobule L	rpe	0.4418196275157647
12	Inferior Parietal Lobule L	rpe	0.12419042840030872
14	Inferior Parietal Lobule L	rpe	-0.055740747013543215
15	Inferior Parietal Lobule L	rpe	0.1373441959110399
17	Inferior Parietal Lobule L	rpe	-0.009209428699169723
18	Inferior Parietal Lobule L	rpe	0.23546916895235578
19	Inferior Parietal Lobule L	rpe	-0.05307171772648063
20	Inferior Parietal Lobule L	rpe	-0.2210710814429654
21	Inferior Parietal Lobule L	rpe	0.24187104634863013
22	Inferior Parietal Lobule L	rpe	0.04220924265941398
23	Inferior Parietal Lobule L	rpe	-0.11526556504476401
24	Inferior Parietal Lobule L	rpe	0.14835085149906163
25	Inferior Parietal Lobule L	rpe	0.31337068322011163
26	Inferior Parietal Lobule L	rpe	-0.2392956163915288
27	Inferior Parietal Lobule L	rpe	0.23751815211726351
28	Inferior Parietal Lobule L	rpe	-0.08047231086271091
29	Inferior Parietal Lobule L	rpe	0.069412641108243
30	Inferior Parietal Lobule L	rpe	0.07907208345002598
33	Inferior Parietal Lobule L	rpe	-0.052744178561907676
34	Inferior Parietal Lobule L	rpe	-0.08081661075250142
35	Inferior Parietal Lobule L	rpe	-0.004724144363033626
36	Inferior Parietal Lobule L	rpe	0.13728198199166097
37	Inferior Parietal Lobule L	rpe	-0.16996354032307864
38	Inferior Parietal Lobule L	rpe	-0.08653833945023102
39	Inferior Parietal Lobule L	rpe	-0.027539309134913814
40	Inferior Parietal Lobule L	rpe	-0.02331981534193296
41	Inferior Parietal Lobule L	rpe	0.4947144920627276
42	Inferior Parietal Lobule L	rpe	0.07820755322043421
43	Inferior Parietal Lobule L	rpe	0.2532257128506899
45	Inferior Parietal Lobule L	rpe	0.01482981108646426
46	Inferior Parietal Lobule L	rpe	-0.08370386117409605
47	Inferior Parietal Lobule L	rpe	0.26736358244799907
48	Inferior Parietal Lobule L	rpe	0.1352593997803827
49	Inferior Parietal Lobule L	rpe	-0.06505001293116948
50	Inferior Parietal Lobule L	rpe	-0.15935705395192296
51	Inferior Parietal Lobule L	rpe	0.37470042256431446
52	Inferior Parietal Lobule L	rpe	0.21988329029538564
53	Inferior Parietal Lobule L	rpe	-0.004680383264268231
54	Inferior Parietal Lobule L	rpe	0.1623169517868923
55	Inferior Parietal Lobule L	rpe	0.28641390166918024
56	Inferior Parietal Lobule L	rpe	-0.19382716367383385
57	Inferior Parietal Lobule L	rpe	-0.21012398867557447
58	Inferior Parietal Lobule L	rpe	0.3670461842169364
59	Inferior Parietal Lobule L	rpe	0.024917645022893946
60	Inferior Parietal Lobule L	rpe	-0.013632339166684283
61	Inferior Parietal Lobule L	rpe	0.011691807866251716
62	Inferior Parietal Lobule L	rpe	-0.25491338804778124
63	Inferior Parietal Lobule L	rpe	-0.45492022426591977
64	Inferior Parietal Lobule L	rpe	0.30221274520477487
01	Inferior Parietal Lobule L	urpe	-0.3154532935987744
02	Inferior Parietal Lobule L	urpe	-0.1600390914025613
03	Inferior Parietal Lobule L	urpe	0.043408771628552736
04	Inferior Parietal Lobule L	urpe	-0.6297505974769593
05	Inferior Parietal Lobule L	urpe	-0.1279341047791402
06	Inferior Parietal Lobule L	urpe	-0.14145104111392154
07	Inferior Parietal Lobule L	urpe	-0.04015929248287446
09	Inferior Parietal Lobule L	urpe	-0.17258234496289837
10	Inferior Parietal Lobule L	urpe	-0.02660408565489989
11	Inferior Parietal Lobule L	urpe	0.06885332900823818
12	Inferior Parietal Lobule L	urpe	-0.09231633687805799
14	Inferior Parietal Lobule L	urpe	-0.39458786456121336
15	Inferior Parietal Lobule L	urpe	0.07810341413973623
17	Inferior Parietal Lobule L	urpe	-0.13029890187446855
18	Inferior Parietal Lobule L	urpe	-0.14802876344506835
19	Inferior Parietal Lobule L	urpe	-0.2313921514237235
20	Inferior Parietal Lobule L	urpe	-0.16482560351077052
21	Inferior Parietal Lobule L	urpe	-0.1154519741423428
22	Inferior Parietal Lobule L	urpe	-0.06936692761567732
23	Inferior Parietal Lobule L	urpe	-0.02619577988387189
24	Inferior Parietal Lobule L	urpe	-0.1987543982764085
25	Inferior Parietal Lobule L	urpe	-0.02717835584965845
26	Inferior Parietal Lobule L	urpe	-0.10142618081766462
27	Inferior Parietal Lobule L	urpe	-0.10862568804231058
28	Inferior Parietal Lobule L	urpe	0.07227046497994
29	Inferior Parietal Lobule L	urpe	-0.0019459616601832548
30	Inferior Parietal Lobule L	urpe	-0.1360300584094754
33	Inferior Parietal Lobule L	urpe	-0.1551134604546759
34	Inferior Parietal Lobule L	urpe	0.05493373766787247
35	Inferior Parietal Lobule L	urpe	-0.09316902428917173
36	Inferior Parietal Lobule L	urpe	-0.10451702932154552
37	Inferior Parietal Lobule L	urpe	0.06782735007679246
38	Inferior Parietal Lobule L	urpe	-0.06392373518909962
39	Inferior Parietal Lobule L	urpe	-0.10974924822286185
40	Inferior Parietal Lobule L	urpe	-0.2881956041687065
41	Inferior Parietal Lobule L	urpe	-0.20345045693425667
42	Inferior Parietal Lobule L	urpe	-0.028725429562230904
43	Inferior Parietal Lobule L	urpe	-0.2223051712382585
45	Inferior Parietal Lobule L	urpe	-0.15194859840460898
46	Inferior Parietal Lobule L	urpe	0.06503560849750001
47	Inferior Parietal Lobule L	urpe	-0.2861672798689041
48	Inferior Parietal Lobule L	urpe	-0.1612654053994144
49	Inferior Parietal Lobule L	urpe	-0.447824079874489
50	Inferior Parietal Lobule L	urpe	0.13490524562593137
51	Inferior Parietal Lobule L	urpe	-0.5925660736548404
52	Inferior Parietal Lobule L	urpe	-0.05804539523928219
53	Inferior Parietal Lobule L	urpe	-0.1286688891737463
54	Inferior Parietal Lobule L	urpe	-0.14916084943656138
55	Inferior Parietal Lobule L	urpe	-0.3172899396469196
56	Inferior Parietal Lobule L	urpe	0.10403312672343519
57	Inferior Parietal Lobule L	urpe	0.11346516685928994
58	Inferior Parietal Lobule L	urpe	-0.2539076476978759
59	Inferior Parietal Lobule L	urpe	0.1266115528469931
60	Inferior Parietal Lobule L	urpe	-0.08430633254497985
61	Inferior Parietal Lobule L	urpe	-0.04113440372877651
62	Inferior Parietal Lobule L	urpe	-0.006655758323096153
63	Inferior Parietal Lobule L	urpe	-0.41986198027928673
64	Inferior Parietal Lobule L	urpe	-0.039227955653849574
01	Inferior Parietal Lobule L	surprise	-0.1036576817303689
02	Inferior Parietal Lobule L	surprise	-0.008093515114160255
03	Inferior Parietal Lobule L	surprise	0.03505620909466719
04	Inferior Parietal Lobule L	surprise	0.05912533299738748
05	Inferior Parietal Lobule L	surprise	-0.03896958515195163
06	Inferior Parietal Lobule L	surprise	-0.004596931901242998
07	Inferior Parietal Lobule L	surprise	-0.02406067034624155
09	Inferior Parietal Lobule L	surprise	-0.042923523579439564
10	Inferior Parietal Lobule L	surprise	0.025368264783173798
11	Inferior Parietal Lobule L	surprise	-0.036104128376529036
12	Inferior Parietal Lobule L	surprise	0.00024855734807513523
14	Inferior Parietal Lobule L	surprise	-0.05598291510767821
15	Inferior Parietal Lobule L	surprise	-0.058070975398166205
17	Inferior Parietal Lobule L	surprise	-0.043402522719568674
18	Inferior Parietal Lobule L	surprise	-0.03448169092654199
19	Inferior Parietal Lobule L	surprise	-0.1280928921782308
20	Inferior Parietal Lobule L	surprise	-0.022621229940947767
21	Inferior Parietal Lobule L	surprise	0.018711808710779425
22	Inferior Parietal Lobule L	surprise	0.2076784249705573
23	Inferior Parietal Lobule L	surprise	0.029052022429338346
24	Inferior Parietal Lobule L	surprise	-0.02049542798348638
25	Inferior Parietal Lobule L	surprise	-0.04061442400173595
26	Inferior Parietal Lobule L	surprise	0.137092526760211
27	Inferior Parietal Lobule L	surprise	0.025079863624867155
28	Inferior Parietal Lobule L	surprise	0.015863363204072004
29	Inferior Parietal Lobule L	surprise	-0.06866662696831756
30	Inferior Parietal Lobule L	surprise	-0.03399191778638245
33	Inferior Parietal Lobule L	surprise	0.022930656239299827
34	Inferior Parietal Lobule L	surprise	0.03838884815082161
35	Inferior Parietal Lobule L	surprise	0.21445396629472574
36	Inferior Parietal Lobule L	surprise	-0.0386432860642041
37	Inferior Parietal Lobule L	surprise	-0.034554283522690334
38	Inferior Parietal Lobule L	surprise	0.035345283104106784
39	Inferior Parietal Lobule L	surprise	0.0007250328836865568
40	Inferior Parietal Lobule L	surprise	0.04679067336805424
41	Inferior Parietal Lobule L	surprise	0.04862185731374969
42	Inferior Parietal Lobule L	surprise	-0.0018898012090681328
43	Inferior Parietal Lobule L	surprise	0.006545148719386715
45	Inferior Parietal Lobule L	surprise	-0.07716822398102118
46	Inferior Parietal Lobule L	surprise	-0.09457841158275389
47	Inferior Parietal Lobule L	surprise	0.07990845679305494
48	Inferior Parietal Lobule L	surprise	0.010579223579164439
49	Inferior Parietal Lobule L	surprise	0.17390019612179863
50	Inferior Parietal Lobule L	surprise	-0.054456613430294155
51	Inferior Parietal Lobule L	surprise	-0.028407334819591294
52	Inferior Parietal Lobule L	surprise	-0.04648644343380713
53	Inferior Parietal Lobule L	surprise	0.04326491279579285
54	Inferior Parietal Lobule L	surprise	-0.07085555296572339
55	Inferior Parietal Lobule L	surprise	-0.2182451244857576
56	Inferior Parietal Lobule L	surprise	-0.10249372949151116
57	Inferior Parietal Lobule L	surprise	0.0060025781806972295
58	Inferior Parietal Lobule L	surprise	-0.06685699927782278
59	Inferior Parietal Lobule L	surprise	-0.1550259507280619
60	Inferior Parietal Lobule L	surprise	-0.14740863860998715
61	Inferior Parietal Lobule L	surprise	-0.10265420290977798
62	Inferior Parietal Lobule L	surprise	0.065589862348376
63	Inferior Parietal Lobule L	surprise	0.16542952199363045
64	Inferior Parietal Lobule L	surprise	0.17738896756782196
01	Superior Temporal Gyrus L	rpe	-0.013774611878317671
02	Superior Temporal Gyrus L	rpe	0.29270587292009986
03	Superior Temporal Gyrus L	rpe	0.5546662563869318
04	Superior Temporal Gyrus L	rpe	-0.09386942246263581
05	Superior Temporal Gyrus L	rpe	0.6401478174541678
06	Superior Temporal Gyrus L	rpe	0.0008445512231245831
07	Superior Temporal Gyrus L	rpe	-0.06574478852350941
09	Superior Temporal Gyrus L	rpe	-0.011149368309355402
10	Superior Temporal Gyrus L	rpe	0.9963341177283943
11	Superior Temporal Gyrus L	rpe	0.61438733745705
12	Superior Temporal Gyrus L	rpe	0.4766655765570603
14	Superior Temporal Gyrus L	rpe	0.2180181803051745
15	Superior Temporal Gyrus L	rpe	-0.2336832851703678
17	Superior Temporal Gyrus L	rpe	-0.06330962750044736
18	Superior Temporal Gyrus L	rpe	0.1512646387367473
19	Superior Temporal Gyrus L	rpe	0.5454293613309984
20	Superior Temporal Gyrus L	rpe	0.2896916770993115
21	Superior Temporal Gyrus L	rpe	0.3903722895623802
22	Superior Temporal Gyrus L	rpe	0.4925405295541534
23	Superior Temporal Gyrus L	rpe	0.1644616849545099
24	Superior Temporal Gyrus L	rpe	0.4363403275802538
25	Superior Temporal Gyrus L	rpe	0.7891983173110269
26	Superior Temporal Gyrus L	rpe	0.19170577955649948
27	Superior Temporal Gyrus L	rpe	0.3399019524600212
28	Superior Temporal Gyrus L	rpe	0.27346407379743387
29	Superior Temporal Gyrus L	rpe	0.49544310279480824
30	Superior Temporal Gyrus L	rpe	0.2390164539713848
33	Superior Temporal Gyrus L	rpe	0.05557298212759681
34	Superior Temporal Gyrus L	rpe	-0.08507026757972387
35	Superior Temporal Gyrus L	rpe	0.32623630663525166
36	Superior Temporal Gyrus L	rpe	0.02343328602085882
37	Superior Temporal Gyrus L	rpe	0.4706784067312618
38	Superior Temporal Gyrus L	rpe	-0.22244351698303377
39	Superior Temporal Gyrus L	rpe	-0.3212461416162067
40	Superior Temporal Gyrus L	rpe	-0.02034169725481082
41	Superior Temporal Gyrus L	rpe	0.8785875408680408
42	Superior Temporal Gyrus L	rpe	0.11339485812660113
43	Superior Temporal Gyrus L	rpe	0.21461696739235966
45	Superior Temporal Gyrus L	rpe	0.7578012949073469
46	Superior Temporal Gyrus L	rpe	0.25743219350138075
47	Superior Temporal Gyrus L	rpe	0.5891011775797838
48	Superior Temporal Gyrus L	rpe	0.13362315561707047
49	Superior Temporal Gyrus L	rpe	0.44296209675005893
50	Superior Temporal Gyrus L	rpe	-0.173259846702847
51	Superior Temporal Gyrus L	rpe	0.3988593282932476
52	Superior Temporal Gyrus L	rpe	0.5462697724533545
53	Superior Temporal Gyrus L	rpe	-0.22962632059806037
54	Superior Temporal Gyrus L	rpe	0.03224586021130929
55	Superior Temporal Gyrus L	rpe	0.27140645600565066
56	Superior Temporal Gyrus L	rpe	0.3115882490846244
57	Superior Temporal Gyrus L	rpe	-0.181556737413834
58	Superior Temporal Gyrus L	rpe	0.4593362988202603
59	Superior Temporal Gyrus L	rpe	0.04433567704052314
60	Superior Temporal Gyrus L	rpe	0.06442879829457478
61	Superior Temporal Gyrus L	rpe	0.238455493626311
62	Superior Temporal Gyrus L	rpe	0.0007725838729023159
63	Superior Temporal Gyrus L	rpe	-0.18464369685449578
64	Superior Temporal Gyrus L	rpe	0.31018374628967954
01	Superior Temporal Gyrus L	urpe	0.19047482928575635
02	Superior Temporal Gyrus L	urpe	-0.5021661254879716
03	Superior Temporal Gyrus L	urpe	-0.123621831926239
04	Superior Temporal Gyrus L	urpe	0.02636828817511824
05	Superior Temporal Gyrus L	urpe	-0.6805685202941879
06	Superior Temporal Gyrus L	urpe	-0.25671181151969963
07	Superior Temporal Gyrus L	urpe	-0.11967517120586768
09	Superior Temporal Gyrus L	urpe	-0.42306640138169266
10	Superior Temporal Gyrus L	urpe	-0.2018494817937419
11	Superior Temporal Gyrus L	urpe	0.0245237028673775
12	Superior Temporal Gyrus L	urpe	0.028677641671126734
14	Superior Temporal Gyrus L	urpe	3.3272140018351666e-05
15	Superior Temporal Gyrus L	urpe	-0.16401399202136832
17	Superior Temporal Gyrus L	urpe	-0.27942830402791113
18	Superior Temporal Gyrus L	urpe	0.07719834433950169
19	Superior Temporal Gyrus L	urpe	0.20463785357083883
20	Superior Temporal Gyrus L	urpe	-0.2604233870500481
21	Superior Temporal Gyrus L	urpe	0.03398892293569281
22	Superior Temporal Gyrus L	urpe	0.11446377501956054
23	Superior Temporal Gyrus L	urpe	0.26126142270566727
24	Superior Temporal Gyrus L	urpe	-0.8385545444952978
25	Superior Temporal Gyrus L	urpe	-0.3989552531222051
26	Superior Temporal Gyrus L	urpe	0.1128823789767921
27	Superior Temporal Gyrus L	urpe	-0.14029722223844523
28	Superior Temporal Gyrus L	urpe	0.11803468380292709
29	Superior Temporal Gyrus L	urpe	0.09021377581316832
30	Superior Temporal Gyrus L	urpe	-0.2006756818018757
33	Superior Temporal Gyrus L	urpe	-0.019004045392979275
34	Superior Temporal Gyrus L	urpe	-0.32891590786226965
35	Superior Temporal Gyrus L	urpe	-0.3146197074274351
36	Superior Temporal Gyrus L	urpe	-0.1880282269089253
37	Superior Temporal Gyrus L	urpe	-0.2829434087850734
38	Superior Temporal Gyrus L	urpe	-0.2268371796023778
39	Superior Temporal Gyrus L	urpe	-0.2286205551308858
40	Superior Temporal Gyrus L	urpe	-0.044722989220444306
41	Superior Temporal Gyrus L	urpe	-0.30150933711193867
42	Superior Temporal Gyrus L	urpe	-0.09178426501329069
43	Superior Temporal Gyrus L	urpe	-0.29669410940380647
45	Superior Temporal Gyrus L	urpe	-0.19978486812467894
46	Superior Temporal Gyrus L	urpe	-0.40492623590852145
47	Superior Temporal Gyrus L	urpe	-0.07434914782736866
48	Superior Temporal Gyrus L	urpe	-0.20324915566167176
49	Superior Temporal Gyrus L	urpe	-0.6057754135751104
50	Superior Temporal Gyrus L	urpe	-0.3184570807528186
51	Superior Temporal Gyrus L	urpe	-0.45387367722759775
52	Superior Temporal Gyrus L	urpe	-0.3571015011984855
53	Superior Temporal Gyrus L	urpe	-0.1214476881742284
54	Superior Temporal Gyrus L	urpe	-0.4181638192869239
55	Superior Temporal Gyrus L	urpe	-0.4742394041318398
56	Superior Temporal Gyrus L	urpe	-0.2153875990453261
57	Superior Temporal Gyrus L	urpe	-0.03482732928188687
58	Superior Temporal Gyrus L	urpe	-0.29661243452460734
59	Superior Temporal Gyrus L	urpe	0.042822011011688935
60	Superior Temporal Gyrus L	urpe	0.03970891196589143
61	Superior Temporal Gyrus L	urpe	-0.04707535546573103
62	Superior Temporal Gyrus L	urpe	0.061260202514043974
63	Superior Temporal Gyrus L	urpe	-0.028811280543057174
64	Superior Temporal Gyrus L	urpe	0.28434487229043787
01	Superior Temporal Gyrus L	surprise	0.1182648871916455
02	Superior Temporal Gyrus L	surprise	0.13864191786035315
03	Superior Temporal Gyrus L	surprise	0.12473059130844648
04	Superior Temporal Gyrus L	surprise	-0.0017461729849773374
05	Superior Temporal Gyrus L	surprise	0.36038646880875935
06	Superior Temporal Gyrus L	surprise	0.293722355955994
07	Superior Temporal Gyrus L	surprise	0.05279754933768085
09	Superior Temporal Gyrus L	surprise	0.2228787350286911
10	Superior Temporal Gyrus L	surprise	0.09396934888912244
11	Superior Temporal Gyrus L	surprise	0.16649683252847813
12	Superior Temporal Gyrus L	surprise	-0.08362381503155286
14	Superior Temporal Gyrus L	surprise	0.07241683011245612
15	Superior Temporal Gyrus L	surprise	-0.016265407324067088
17	Superior Temporal Gyrus L	surprise	0.0593242503146266
18	Superior Temporal Gyrus L	surprise	-0.021821880543773823
19	Superior Temporal Gyrus L	surprise	-0.015249280918196037
20	Superior Temporal Gyrus L	surprise	0.0374595452307545
21	Superior Temporal Gyrus L	surprise	0.005214796751184244
22	Superior Temporal Gyrus L	surprise	0.18973965364713946
23	Superior Temporal Gyrus L	surprise	0.027116575901239337
24	Superior Temporal Gyrus L	surprise	0.02725460187096584
25	Superior Temporal Gyrus L	surprise	0.11638236211237872
26	Superior Temporal Gyrus L	surprise	0.1544078465055239
27	Superior Temporal Gyrus L	surprise	0.06111298358164631
28	Superior Temporal Gyrus L	surprise	0.029275426674368128
29	Superior Temporal Gyrus L	surprise	-0.019183498179062283
30	Superior Temporal Gyrus L	surprise	-0.0027982940649396025
33	Superior Temporal Gyrus L	surprise	0.05758584667202811
34	Superior Temporal Gyrus L	surprise	0.02444583896317749
35	Superior Temporal Gyrus L	surprise	-0.060136663385775765
36	Superior Temporal Gyrus L	surprise	-0.027817524538311936
37	Superior Temporal Gyrus L	surprise	0.16156808881984128
38	Superior Temporal Gyrus L	surprise	0.2025973026628618
39	Superior Temporal Gyrus L	surprise	0.3007406065022791
40	Superior Temporal Gyrus L	surprise	-0.014216036126833989
41	Superior Temporal Gyrus L	surprise	0.09311143093745831
42	Superior Temporal Gyrus L	surprise	0.13286651514868203
43	Superior Temporal Gyrus L	surprise	-0.11457365022234425
45	Superior Temporal Gyrus L	surprise	0.12532330088486726
46	Superior Temporal Gyrus L	surprise	0.04637201222615292
47	Superior Temporal Gyrus L	surprise	0.10554272058652714
48	Superior Temporal Gyrus L	surprise	-0.0027368841088050372
49	Superior Temporal Gyrus L	surprise	0.09715896675532515
50	Superior Temporal Gyrus L	surprise	0.06512508059885087
51	Superior Temporal Gyrus L	surprise	0.04865835192189975
52	Superior Temporal Gyrus L	surprise	-0.01650934920392253
53	Superior Temporal Gyrus L	surprise	0.02558278050137587
54	Superior Temporal Gyrus L	surprise	0.07582787646573376
55	Superior Temporal Gyrus L	surprise	0.04992135699039745
56	Superior Temporal Gyrus L	surprise	0.18463038163283815
57	Superior Temporal Gyrus L	surprise	0.024846794670326758
58	Superior Temporal Gyrus L	surprise	0.06422469178368692
59	Superior Temporal Gyrus L	surprise	-0.024025204149981987
60	Superior Temporal Gyrus L	surprise	-0.03238994953246763
61	Superior Temporal Gyrus L	surprise	-0.019789904871556376
62	Superior Temporal Gyrus L	surprise	0.14282461513716777
63	Superior Temporal Gyrus L	surprise	0.2014349600324383
64	Superior Temporal Gyrus L	surprise	0.13078136126852485
01	Precuneus L	rpe	0.19643643630766555
02	Precuneus L	rpe	0.58608230464814
03	Precuneus L	rpe	1.1978481485132586
04	Precuneus L	rpe	-0.31614352304390386
05	Precuneus L	rpe	0.3761998337219682
06	Precuneus L	rpe	-0.016929795621922893
07	Precuneus L	rpe	-0.2385989898088666
09	Precuneus L	rpe	-0.09589652674019403
10	Precuneus L	rpe	1.6975636419497038
11	Precuneus L	rpe	0.6262500029906892
12	Precuneus L	rpe	0.20918890489803998
14	Precuneus L	rpe	0.5303690270112272
15	Precuneus L	rpe	-0.02826059675007536
17	Precuneus L	rpe	-0.14368490900909692
18	Precuneus L	rpe	-0.2819972027648698
19	Precuneus L	rpe	0.36582026869597795
20	Precuneus L	rpe	-0.275414554778029
21	Precuneus L	rpe	0.1640114250404989
22	Precuneus L	rpe	0.34323515081288
23	Precuneus L	rpe	0.03292097488373289
24	Precuneus L	rpe	0.5209377499526007
25	Precuneus L	rpe	0.896451694400687
26	Precuneus L	rpe	0.27683611442089867
27	Precuneus L	rpe	0.21043803902310237
28	Precuneus L	rpe	0.4784283397878569
29	Precuneus L	rpe	0.18742691418319418
30	Precuneus L	rpe	0.3281836236516635
33	Precuneus L	rpe	-0.14910774699232557
34	Precuneus L	rpe	0.11171258483367988
35	Precuneus L	rpe	0.8646660313140928
36	Precuneus L	rpe	-0.3606671373964402
37	Precuneus L	rpe	0.5815881823369285
38	Precuneus L	rpe	-0.2483267559457505
39	Precuneus L	rpe	0.04702846523325302
40	Precuneus L	rpe	-0.6320125132537725
41	Precuneus L	rpe	0.8743153345166591
42	Precuneus L	rpe	-0.250969300357004
43	Precuneus L	rpe	-0.0184300065841199
45	Precuneus L	rpe	0.3281089911286376
46	Precuneus L	rpe	-0.16384621569069854
47	Precuneus L	rpe	0.8144411068213614
48	Precuneus L	rpe	0.3903923123552088
49	Precuneus L	rpe	0.3432873663525179
50	Precuneus L	rpe	0.050178339451616795
51	Precuneus L	rpe	0.548879467604453
52	Precuneus L	rpe	0.363121150453624
53	Precuneus L	rpe	-0.21304769268292084
54	Precuneus L	rpe	0.07552019642306525
55	Precuneus L	rpe	0.5820148303581957
56	Precuneus L	rpe	1.04170598535341
57	Precuneus L	rpe	0.09505505738943293
58	Precuneus L	rpe	0.6725772736888183
59	Precuneus L	rpe	0.17601371064308313
60	Precuneus L	rpe	0.022163633420540577
61	Precuneus L	rpe	0.1336703111566685
62	Precuneus L	rpe	0.33040429913161096
63	Precuneus L	rpe	-0.4869657169962138
64	Precuneus L	rpe	0.18067150723532235
01	Precuneus L	urpe	0.3317817786479728
02	Precuneus L	urpe	0.07016862982786015
03	Precuneus L	urpe	-0.16324748195250305
04	Precuneus L	urpe	-0.20184922806526484
05	Precuneus L	urpe	0.3644055966941411
06	Precuneus L	urpe	-0.1234671761968026
07	Precuneus L	urpe	-0.37781644151791144
09	Precuneus L	urpe	-0.1477653943257521
10	Precuneus L	urpe	-0.2051467922875625
11	Precuneus L	urpe	-0.36123997182176826
12	Precuneus L	urpe	0.004433022780862653
14	Precuneus L	urpe	0.20386850938462375
15	Precuneus L	urpe	-0.2054866392884338
17	Precuneus L	urpe	-0.4504001558872691
18	Precuneus L	urpe	0.3569101927834645
19	Precuneus L	urpe	0.08076957518438065
20	Precuneus L	urpe	-0.7177575193999106
21	Precuneus L	urpe	0.2533071879614063
22	Precuneus L	urpe	-0.13316578935962498
23	Precuneus L	urpe	0.33592442279322104
24	Precuneus L	urpe	-0.6299466274417284
25	Precuneus L	urpe	-0.48778794418301497
26	Precuneus L	urpe	-0.030573003712465595
27	Precuneus L	urpe	-0.06350885618482144
28	Precuneus L	urpe	-0.15078590807031123
29	Precuneus L	urpe	0.28181185726925995
30	Precuneus L	urpe	-0.037655109457933066
33	Precuneus L	urpe	-0.05509297755800122
34	Precuneus L	urpe	0.17095220387962304
35	Precuneus L	urpe	-0.47734861546441126
36	Precuneus L	urpe	-0.14745967104834945
37	Precuneus L	urpe	-0.10176456435338448
38	Precuneus L	urpe	-0.2964887020357868
39	Precuneus L	urpe	-0.04552363349418891
40	Precuneus L	urpe	0.3454591211854693
41	Precuneus L	urpe	-0.16278024388297477
42	Precuneus L	urpe	0.18570692224526092
43	Precuneus L	urpe	-0.328996998470342
45	Precuneus L	urpe	0.3976070268994622
46	Precuneus L	urpe	-0.18597947571964923
47	Precuneus L	urpe	0.34636378111807925
48	Precuneus L	urpe	-0.30103367861164243
49	Precuneus L	urpe	-0.4948151414200925
50	Precuneus L	urpe	-0.785619248358304
51	Precuneus L	urpe	-0.2413969589724091
52	Precuneus L	urpe	-0.18599379687619053
53	Precuneus L	urpe	-0.22021554385949121
54	Precuneus L	urpe	-0.564782451674865
55	Precuneus L	urpe	-0.2683702354368411
56	Precuneus L	urpe	-0.31051173048061237
57	Precuneus L	urpe	-0.18569090918294692
58	Precuneus L	urpe	0.21676759162852377
59	Precuneus L	urpe	0.584544544026517
60	Precuneus L	urpe	0.1439403927917674
61	Precuneus L	urpe	-0.02377638479147368
62	Precuneus L	urpe	0.04917613378513539
63	Precuneus L	urpe	-0.12438129771729572
64	Precuneus L	urpe	0.12338969398702479
01	Precuneus L	surprise	-0.0019393728743715766
02	Precuneus L	surprise	0.1873505096147327
03	Precuneus L	surprise	0.22911227233054346
04	Precuneus L	surprise	0.10189980737892543
05	Precuneus L	surprise	0.17195166015115224
06	Precuneus L	surprise	0.30634258667072445
07	Precuneus L	surprise	0.0626105642959214
09	Precuneus L	surprise	0.21766259482032374
10	Precuneus L	surprise	0.19348882253102043
11	Precuneus L	surprise	0.15824417946370026
12	Precuneus L	surprise	-0.09259360067938503
14	Precuneus L	surprise	0.2208638161812958
15	Precuneus L	surprise	-0.06837636546288993
17	Precuneus L	surprise	0.015266690159159336
18	Precuneus L	surprise	-0.06276649448881742
19	Precuneus L	surprise	-0.09573128990322993
20	Precuneus L	surprise	0.04414195175335759
21	Precuneus L	surprise	0.0901344284545957
22	Precuneus L	surprise	0.17562627097951217
23	Precuneus L	surprise	-0.05065238769084476
24	Precuneus L	surprise	0.1309763381519077
25	Precuneus L	surprise	0.11913053445689577
26	Precuneus L	surprise	0.4333996694338949
27	Precuneus L	surprise	-0.038500403164346754
28	Precuneus L	surprise	0.05798585071502123
29	Precuneus L	surprise	-0.05896066476104846
30	Precuneus L	surprise	0.09134477142166968
33	Precuneus L	surprise	-0.0708135422155784
34	Precuneus L	surprise	0.014098647234373186
35	Precuneus L	surprise	0.11250454958593636
36	Precuneus L	surprise	0.14478015047988216
37	Precuneus L	surprise	0.09276498236342154
38	Precuneus L	surprise	0.4201739568982208
39	Precuneus L	surprise	0.23585549872695355
40	Precuneus L	surprise	-0.09909839653549793
41	Precuneus L	surprise	0.2540017779591787
42	Precuneus L	surprise	0.11139384233760402
43	Precuneus L	surprise	-0.07627556964820414
45	Precuneus L	surprise	0.2420315987414174
46	Precuneus L	surprise	0.19609754663287549
47	Precuneus L	surprise	0.3199801726037996
48	Precuneus L	surprise	0.22820292370344855
49	Precuneus L	surprise	0.270510557973594
50	Precuneus L	surprise	-0.009902240316334524
51	Precuneus L	surprise	0.19902994369336388
52	Precuneus L	surprise	0.10945646492600963
53	Precuneus L	surprise	0.12110486479574128
54	Precuneus L	surprise	0.06818704216806382
55	Precuneus L	surprise	0.1707720877776298
56	Precuneus L	surprise	0.19267133824331195
57	Precuneus L	surprise	-0.11449974767144835
58	Precuneus L	surprise	0.18242820012464858
59	Precuneus L	surprise	-0.3091931603848934
60	Precuneus L	surprise	-0.04038881742509834
61	Precuneus L	surprise	0.38337320736032426
62	Precuneus L	surprise	0.043844013082745825
63	Precuneus L	surprise	0.2246533186550726
64	Precuneus L	surprise	0.24782737849378272
01	Insula R (2)	rpe	-0.4675951619755547
02	Insula R (2)	rpe	-0.03294829371437993
03	Insula R (2)	rpe	-0.708275195381402
04	Insula R (2)	rpe	-0.20420706019086657
05	Insula R (2)	rpe	-1.1111833408193768
06	Insula R (2)	rpe	-0.3156288555506968
07	Insula R (2)	rpe	-0.37947865659898183
09	Insula R (2)	rpe	-0.12108881382341936
10	Insula R (2)	rpe	0.4051455263891872
11	Insula R (2)	rpe	0.08755422655914752
12	Insula R (2)	rpe	0.043253882296102227
14	Insula R (2)	rpe	-0.5684808942506898
15	Insula R (2)	rpe	-0.029390110827560694
17	Insula R (2)	rpe	-0.4152197580573694
18	Insula R (2)	rpe	-0.8123683192819919
19	Insula R (2)	rpe	-0.2154656656367599
20	Insula R (2)	rpe	-0.3810543202847805
21	Insula R (2)	rpe	-0.2633448278505074
22	Insula R (2)	rpe	0.2600863272113339
23	Insula R (2)	rpe	-0.10955253076511172
24	Insula R (2)	rpe	0.06731597085061641
25	Insula R (2)	rpe	0.02286234431469567
26	Insula R (2)	rpe	-0.2869746923855207
27	Insula R (2)	rpe	-0.04279982049747388
28	Insula R (2)	rpe	-0.34578349968453626
29	Insula R (2)	rpe	-0.04202344491287082
30	Insula R (2)	rpe	-0.8603896434014698
33	Insula R (2)	rpe	-0.26123211423884024
34	Insula R (2)	rpe	-0.1287857837335839
35	Insula R (2)	rpe	0.05471163548810302
36	Insula R (2)	rpe	-0.3328268795256626
37	Insula R (2)	rpe	-0.12368218509814227
38	Insula R (2)	rpe	-0.45418671079261125
39	Insula R (2)	rpe	-0.38131955729902917
40	Insula R (2)	rpe	-0.5913501986355152
41	Insula R (2)	rpe	0.12323652260567781
42	Insula R (2)	rpe	-0.28860600002742604
43	Insula R (2)	rpe	-0.128374881901831
45	Insula R (2)	rpe	-0.6392453416900815
46	Insula R (2)	rpe	-0.4464200435663169
47	Insula R (2)	rpe	0.5175340870079005
48	Insula R (2)	rpe	0.015639874012262193
49	Insula R (2)	rpe	-0.6060587155087939
50	Insula R (2)	rpe	-0.025357907637953758
51	Insula R (2)	rpe	-0.20962539606042346
52	Insula R (2)	rpe	-0.38767394718696485
53	Insula R (2)	rpe	0.08277771788877698
54	Insula R (2)	rpe	-0.22035428643982224
55	Insula R (2)	rpe	-0.21266954782295902
56	Insula R (2)	rpe	-0.0017019177628856785
57	Insula R (2)	rpe	-0.4663935570784335
58	Insula R (2)	rpe	-0.2185957081932223
59	Insula R (2)	rpe	-0.14339771005764324
60	Insula R (2)	rpe	0.034217858397103146
61	Insula R (2)	rpe	-0.13676541861814429
62	Insula R (2)	rpe	-0.17440050622044168
63	Insula R (2)	rpe	-0.5853525627896471
64	Insula R (2)	rpe	-0.5284708140874809
01	Insula R (2)	urpe	0.06270215456277344
02	Insula R (2)	urpe	0.8963624053406265
03	Insula R (2)	urpe	1.0147573225340754
04	Insula R (2)	urpe	0.1197826744338392
05	Insula R (2)	urpe	-0.058742731317596615
06	Insula R (2)	urpe	-0.06803588073630377
07	Insula R (2)	urpe	-0.19768264007596476
09	Insula R (2)	urpe	0.12399144368993013
10	Insula R (2)	urpe	-0.0955585763034112
11	Insula R (2)	urpe	0.17030570258931169
12	Insula R (2)	urpe	0.12733694485098757
14	Insula R (2)	urpe	0.1746477576341691
15	Insula R (2)	urpe	-0.017720141815996886
17	Insula R (2)	urpe	0.1642611984905945
18	Insula R (2)	urpe	-0.018735565374745935
19	Insula R (2)	urpe	0.17615944115178142
20	Insula R (2)	urpe	-0.14824658800092227
21	Insula R (2)	urpe	-0.15558922287287577
22	Insula R (2)	urpe	-0.07665506634369211
23	Insula R (2)	urpe	0.11841237717220243
24	Insula R (2)	urpe	0.03976457297169375
25	Insula R (2)	urpe	0.40665294836222565
26	Insula R (2)	urpe	0.050536440878684794
27	Insula R (2)	urpe	-0.013168168232231488
28	Insula R (2)	urpe	0.175666266085826
29	Insula R (2)	urpe	0.16485110588178462
30	Insula R (2)	urpe	0.5817118441721179
33	Insula R (2)	urpe	0.0301172398470061
34	Insula R (2)	urpe	-0.07836365003911953
35	Insula R (2)	urpe	-0.144064417337331
36	Insula R (2)	urpe	0.14911420298806163
37	Insula R (2)	urpe	0.016059848882575334
38	Insula R (2)	urpe	-0.25874889698230996
39	Insula R (2)	urpe	0.4468834470816941
40	Insula R (2)	urpe	0.1517960603682781
41	Insula R (2)	urpe	0.31696728061673773
42	Insula R (2)	urpe	0.2644390409706898
43	Insula R (2)	urpe	0.016557418859897637
45	Insula R (2)	urpe	-0.014573823045587764
46	Insula R (2)	urpe	0.5462770661655462
47	Insula R (2)	urpe	-0.3079912779185007
48	Insula R (2)	urpe	0.6144871174726846
49	Insula R (2)	urpe	-0.11463198406656958
50	Insula R (2)	urpe	0.21302771201040946
51	Insula R (2)	urpe	-0.025624871113390294
52	Insula R (2)	urpe	0.27902370771691903
53	Insula R (2)	urpe	0.19245645426266458
54	Insula R (2)	urpe	0.24980538404757544
55	Insula R (2)	urpe	0.2263866916544876
56	Insula R (2)	urpe	-0.14580075021060007
57	Insula R (2)	urpe	0.5538753068672037
58	Insula R (2)	urpe	0.554446925250989
59	Insula R (2)	urpe	0.8298732222251173
60	Insula R (2)	urpe	-0.17726933997440733
61	Insula R (2)	urpe	0.1764322631763962
62	Insula R (2)	urpe	-0.02120681584511778
63	Insula R (2)	urpe	-0.1565180320714442
64	Insula R (2)	urpe	0.3047237120094305
01	Insula R (2)	surprise	-0.2612931697436099
02	Insula R (2)	surprise	0.08254285259578675
03	Insula R (2)	surprise	0.26652257411547425
04	Insula R (2)	surprise	0.09114749000390183
05	Insula R (2)	surprise	0.20634736742754028
06	Insula R (2)	surprise	0.03632569970686059
07	Insula R (2)	surprise	-0.15784525894120616
09	Insula R (2)	surprise	-0.047291481710930866
10	Insula R (2)	surprise	-0.1088932678806332
11	Insula R (2)	surprise	0.16899665600602637
12	Insula R (2)	surprise	0.024007436812785016
14	Insula R (2)	surprise	-0.0033812834761467354
15	Insula R (2)	surprise	-0.008308459622434006
17	Insula R (2)	surprise	0.12786449225760013
18	Insula R (2)	surprise	-0.1349659925326705
19	Insula R (2)	surprise	-0.04551099553344033
20	Insula R (2)	surprise	0.022170045081403036
21	Insula R (2)	surprise	0.04376112781508984
22	Insula R (2)	surprise	0.26187560285599726
23	Insula R (2)	surprise	0.05183094055755131
24	Insula R (2)	surprise	0.009689385662259499
25	Insula R (2)	surprise	0.004684320295159266
26	Insula R (2)	surprise	0.4006982001142119
27	Insula R (2)	surprise	-0.13146934564772308
28	Insula R (2)	surprise	0.09991607561988651
29	Insula R (2)	surprise	0.05133750605866981
30	Insula R (2)	surprise	-0.060327303900058325
33	Insula R (2)	surprise	0.1279805215462199
34	Insula R (2)	surprise	0.01900700583750874
35	Insula R (2)	surprise	0.03716704955781406
36	Insula R (2)	surprise	0.09786521429898885
37	Insula R (2)	surprise	0.08660538484482973
38	Insula R (2)	surprise	0.11237632238112812
39	Insula R (2)	surprise	0.07186695563888072
40	Insula R (2)	surprise	-0.022196329291031328
41	Insula R (2)	surprise	0.07531810487853363
42	Insula R (2)	surprise	-0.1351210097518732
43	Insula R (2)	surprise	0.05947414022720518
45	Insula R (2)	surprise	0.037890889437513356
46	Insula R (2)	surprise	0.02202174596720208
47	Insula R (2)	surprise	0.027339730912573496
48	Insula R (2)	surprise	-0.02344226595761149
49	Insula R (2)	surprise	-0.006713035402222062
50	Insula R (2)	surprise	-0.06363763822734637
51	Insula R (2)	surprise	-0.08088328033676898
52	Insula R (2)	surprise	-0.05377172898362029
53	Insula R (2)	surprise	0.0591474014953798
54	Insula R (2)	surprise	-0.009085639963093441
55	Insula R (2)	surprise	-0.22195751852584336
56	Insula R (2)	surprise	0.10387458368468117
57	Insula R (2)	surprise	-0.14636782484726524
58	Insula R (2)	surprise	-0.0011763065122067928
59	Insula R (2)	surprise	-0.36947418426005346
60	Insula R (2)	surprise	-0.07400638440992895
61	Insula R (2)	surprise	-0.05344044803729597
62	Insula R (2)	surprise	0.04510688785802693
63	Insula R (2)	surprise	0.10182006219577677
64	Insula R (2)	surprise	-0.11799204646926022
01	Insula L	rpe	-0.3613321725279093
02	Insula L	rpe	0.12291547004133463
03	Insula L	rpe	-0.28241796838119626
04	Insula L	rpe	0.25732434628298506
05	Insula L	rpe	-0.6363626425154507
06	Insula L	rpe	-0.48369639925658703
07	Insula L	rpe	-0.3891081634501461
09	Insula L	rpe	-0.10209018458408536
10	Insula L	rpe	0.6505484543740749
11	Insula L	rpe	0.10063764616643311
12	Insula L	rpe	0.23468018557468895
14	Insula L	rpe	0.05364266847027466
15	Insula L	rpe	0.6140822563320398
17	Insula L	rpe	-0.2938548595575412
18	Insula L	rpe	-0.019645614829642
19	Insula L	rpe	-0.16920344263780862
20	Insula L	rpe	-0.39705067384056747
21	Insula L	rpe	0.04549596023571212
22	Insula L	rpe	0.08539540646597743
23	Insula L	rpe	0.2729590883209312
24	Insula L	rpe	0.13735327919130214
25	Insula L	rpe	0.6571683918591589
26	Insula L	rpe	-0.2044815929766628
27	Insula L	rpe	0.2443706999765709
28	Insula L	rpe	-0.2072510389261879
29	Insula L	rpe	0.18769625143613666
30	Insula L	rpe	-0.03114820613700431
33	Insula L	rpe	0.11102754937019199
34	Insula L	rpe	-0.09704339492600411
35	Insula L	rpe	0.21509958925889805
36	Insula L	rpe	-0.24661946368723875
37	Insula L	rpe	0.2171992538815175
38	Insula L	rpe	-0.4186934732424561
39	Insula L	rpe	-0.2854040218517184
40	Insula L	rpe	-0.17031929691438563
41	Insula L	rpe	0.5229501901194453
42	Insula L	rpe	-0.27160834008827806
43	Insula L	rpe	0.3303693069028668
45	Insula L	rpe	-0.8382731843739748
46	Insula L	rpe	-0.29576412358437665
47	Insula L	rpe	0.02936583192786202
48	Insula L	rpe	0.36634556896751747
49	Insula L	rpe	-0.026354484230978414
50	Insula L	rpe	-0.17073833191534504
51	Insula L	rpe	0.08902015328931157
52	Insula L	rpe	-0.19441506726434454
53	Insula L	rpe	0.2148618915816769
54	Insula L	rpe	-0.23772378859575838
55	Insula L	rpe	-0.060743400263163494
56	Insula L	rpe	0.5803526441450231
57	Insula L	rpe	-0.3889260138676036
58	Insula L	rpe	0.5470856772735715
59	Insula L	rpe	-0.6180731877684593
60	Insula L	rpe	0.4002774143591523
61	Insula L	rpe	0.09024246338231023
62	Insula L	rpe	0.18870309641351923
63	Insula L	rpe	-0.24726566958452167
64	Insula L	rpe	-0.21291946875862777
01	Insula L	urpe	0.5624574269168079
02	Insula L	urpe	0.48941464722156525
03	Insula L	urpe	0.5209147095447406
04	Insula L	urpe	-0.11770167778013274
05	Insula L	urpe	0.5027833632193506
06	Insula L	urpe	0.05213664792245254
07	Insula L	urpe	-0.0171834009088343
09	Insula L	urpe	0.28514757787343115
10	Insula L	urpe	0.022656862551230006
11	Insula L	urpe	0.33295161710702814
12	Insula L	urpe	-0.03728036030952353
14	Insula L	urpe	0.3024161111097783
15	Insula L	urpe	0.08041084953583777
17	Insula L	urpe	0.15785577075439505
18	Insula L	urpe	0.7132910694926977
19	Insula L	urpe	-0.006263363466132432
20	Insula L	urpe	-0.05118729234527564
21	Insula L	urpe	-0.13535874784429325
22	Insula L	urpe	-0.238796406541951
23	Insula L	urpe	-0.034280195805877156
24	Insula L	urpe	0.08203038368083071
25	Insula L	urpe	0.15575816680211574
26	Insula L	urpe	-0.023776615744282026
27	Insula L	urpe	-0.07614343694149284
28	Insula L	urpe	0.03347760800534161
29	Insula L	urpe	0.16848909401414858
30	Insula L	urpe	0.4658638830296695
33	Insula L	urpe	0.007572003141831374
34	Insula L	urpe	0.15472870238590986
35	Insula L	urpe	-0.11963190011738334
36	Insula L	urpe	0.08918288075074088
37	Insula L	urpe	0.320873407414183
38	Insula L	urpe	-0.060564004408661276
39	Insula L	urpe	0.41096210153773427
40	Insula L	urpe	0.07682512090377713
41	Insula L	urpe	0.4231459964066744
42	Insula L	urpe	0.13788954525080044
43	Insula L	urpe	0.11904930607124697
45	Insula L	urpe	0.5925048291683197
46	Insula L	urpe	0.37788397347321734
47	Insula L	urpe	0.47964432113803923
48	Insula L	urpe	0.14071242971112952
49	Insula L	urpe	0.08154464551626006
50	Insula L	urpe	0.4534075076226145
51	Insula L	urpe	-0.10000133440189529
52	Insula L	urpe	0.1559445957900607
53	Insula L	urpe	0.18716715567279607
54	Insula L	urpe	0.1584070088720182
55	Insula L	urpe	0.3127702206838876
56	Insula L	urpe	-0.32095606648363173
57	Insula L	urpe	0.056577769450086635
58	Insula L	urpe	0.28908647620119154
59	Insula L	urpe	0.9464974254369736
60	Insula L	urpe	-0.07904210552806035
61	Insula L	urpe	0.14413235351094045
62	Insula L	urpe	0.2237551906146109
63	Insula L	urpe	-0.08219852683396311
64	Insula L	urpe	0.38809187803417444
01	Insula L	surprise	-0.0943576151621528
02	Insula L	surprise	0.07666756600519875
03	Insula L	surprise	0.12022259791410761
04	Insula L	surprise	-0.025418494893528987
05	Insula L	surprise	-0.06259945254714694
06	Insula L	surprise	-0.06910290306859679
07	Insula L	surprise	-0.10026066976206494
09	Insula L	surprise	-0.0373730090650497
10	Insula L	surprise	-0.05442302918527275
11	Insula L	surprise	0.1141943140537478
12	Insula L	surprise	0.030138582609652076
14	Insula L	surprise	0.0001699653221294284
15	Insula L	surprise	-0.054185726650757715
17	Insula L	surprise	-0.07377750782416115
18	Insula L	surprise	-0.22180316201411188
19	Insula L	surprise	-0.03573309150806381
20	Insula L	surprise	0.13766793081595097
21	Insula L	surprise	0.017879682021884946
22	Insula L	surprise	0.1427053055667784
23	Insula L	surprise	0.02045171610006946
24	Insula L	surprise	0.09025888875476085
25	Insula L	surprise	-0.05004282759909984
26	Insula L	surprise	0.2831257989164442
27	Insula L	surprise	0.024625605467008427
28	Insula L	surprise	0.09860641226987354
29	Insula L	surprise	0.030108637511148117
30	Insula L	surprise	0.07696560063777724
33	Insula L	surprise	0.03765157008183451
34	Insula L	surprise	-0.03844858617594582
35	Insula L	surprise	0.19090861093718559
36	Insula L	surprise	-0.006056568424355646
37	Insula L	surprise	-0.0454914026267943
38	Insula L	surprise	-0.07763792949845083
39	Insula L	surprise	0.010691922499972861
40	Insula L	surprise	-0.03598306831281661
41	Insula L	surprise	0.1441901420475915
42	Insula L	surprise	0.08640642019236111
43	Insula L	surprise	0.029566518453066237
45	Insula L	surprise	0.019904492937342866
46	Insula L	surprise	-0.09338032000960084
47	Insula L	surprise	-0.09085644865990616
48	Insula L	surprise	-0.07737574007478543
49	Insula L	surprise	0.067365918046562
50	Insula L	surprise	-0.021463349417899735
51	Insula L	surprise	0.038700973527738824
52	Insula L	surprise	-0.055134165668278
53	Insula L	surprise	0.18733642459847033
54	Insula L	surprise	-0.061626743074157275
55	Insula L	surprise	-0.18278074054978788
56	Insula L	surprise	0.10258146346313879
57	Insula L	surprise	-0.07619462114962516
58	Insula L	surprise	-0.055039543396560475
59	Insula L	surprise	-0.4417152418754995
60	Insula L	surprise	-0.046194047023163876
61	Insula L	surprise	-0.061521489076767466
62	Insula L	surprise	-0.014303541014669463
63	Insula L	surprise	0.0981563153618481
64	Insula L	surprise	-0.09234131323319161
01	DLPFC L (2)	rpe	-0.033049457015529755
02	DLPFC L (2)	rpe	0.5463102233986701
03	DLPFC L (2)	rpe	0.18141035528594418
04	DLPFC L (2)	rpe	0.32092898951903465
05	DLPFC L (2)	rpe	0.6658338039152084
06	DLPFC L (2)	rpe	0.12613033129262827
07	DLPFC L (2)	rpe	-0.03594110649634873
09	DLPFC L (2)	rpe	-0.22273218517582263
10	DLPFC L (2)	rpe	0.8318391096207404
11	DLPFC L (2)	rpe	0.5278196435782218
12	DLPFC L (2)	rpe	0.313221320029228
14	DLPFC L (2)	rpe	0.17568377991236986
15	DLPFC L (2)	rpe	0.1531427803058778
17	DLPFC L (2)	rpe	-0.1018700401088403
18	DLPFC L (2)	rpe	0.2577244793365319
19	DLPFC L (2)	rpe	0.38757617387079424
20	DLPFC L (2)	rpe	0.0036441775098923716
21	DLPFC L (2)	rpe	0.2548810577680988
22	DLPFC L (2)	rpe	0.14219507896491596
23	DLPFC L (2)	rpe	0.22387809642860967
24	DLPFC L (2)	rpe	0.28770334273576736
25	DLPFC L (2)	rpe	0.3424213737448407
26	DLPFC L (2)	rpe	0.13705945662373015
27	DLPFC L (2)	rpe	0.4958548358371181
28	DLPFC L (2)	rpe	0.07197643299737284
29	DLPFC L (2)	rpe	0.18505347076983703
30	DLPFC L (2)	rpe	0.7926291303649065
33	DLPFC L (2)	rpe	0.3914496966547543
34	DLPFC L (2)	rpe	-0.023056397334702553
35	DLPFC L (2)	rpe	0.5029604160977948
36	DLPFC L (2)	rpe	-0.025505630107926985
37	DLPFC L (2)	rpe	0.3656607112216373
38	DLPFC L (2)	rpe	-0.0013653962993093074
39	DLPFC L (2)	rpe	0.10085245848242794
40	DLPFC L (2)	rpe	0.04273610369813058
41	DLPFC L (2)	rpe	0.8091499690086611
42	DLPFC L (2)	rpe	-0.22520189902617507
43	DLPFC L (2)	rpe	0.5719234849656781
45	DLPFC L (2)	rpe	0.7848888443362328
46	DLPFC L (2)	rpe	0.18535932522988127
47	DLPFC L (2)	rpe	0.4055003535843665
48	DLPFC L (2)	rpe	1.0666279062148063
49	DLPFC L (2)	rpe	0.2291653033518683
50	DLPFC L (2)	rpe	0.038313327544939615
51	DLPFC L (2)	rpe	0.29170625656843185
52	DLPFC L (2)	rpe	0.3124323304622404
53	DLPFC L (2)	rpe	-0.15610220860089025
54	DLPFC L (2)	rpe	0.1098203161851533
55	DLPFC L (2)	rpe	0.6464628442641227
56	DLPFC L (2)	rpe	0.3324718639675167
57	DLPFC L (2)	rpe	0.1823190834613577
58	DLPFC L (2)	rpe	0.8238894997104522
59	DLPFC L (2)	rpe	0.06936231258535577
60	DLPFC L (2)	rpe	0.3081098266186253
61	DLPFC L (2)	rpe	0.3166063259686193
62	DLPFC L (2)	rpe	0.07322916358468994
63	DLPFC L (2)	rpe	-0.24490839994001773
64	DLPFC L (2)	rpe	0.2888978379628351
01	DLPFC L (2)	urpe	0.1545828778837477
02	DLPFC L (2)	urpe	-0.5314199813911992
03	DLPFC L (2)	urpe	0.057365414791650346
04	DLPFC L (2)	urpe	-0.12729877669123874
05	DLPFC L (2)	urpe	-0.22701989396685554
06	DLPFC L (2)	urpe	-0.15792310829724995
07	DLPFC L (2)	urpe	-0.0070663266740138495
09	DLPFC L (2)	urpe	-0.1964934811957421
10	DLPFC L (2)	urpe	-0.44827537863485273
11	DLPFC L (2)	urpe	-0.07402612238130983
12	DLPFC L (2)	urpe	0.021679465786644047
14	DLPFC L (2)	urpe	-0.09729569962045419
15	DLPFC L (2)	urpe	0.23709868687775829
17	DLPFC L (2)	urpe	-0.3929662733308731
18	DLPFC L (2)	urpe	0.33617360697638604
19	DLPFC L (2)	urpe	-0.2948336958164169
20	DLPFC L (2)	urpe	-0.4876491360126003
21	DLPFC L (2)	urpe	0.02182712791968257
22	DLPFC L (2)	urpe	-0.010035422420309435
23	DLPFC L (2)	urpe	0.3383639258362593
24	DLPFC L (2)	urpe	-0.45984897546229825
25	DLPFC L (2)	urpe	-0.20799226372412616
26	DLPFC L (2)	urpe	0.10616885670911401
27	DLPFC L (2)	urpe	-0.154776829505159
28	DLPFC L (2)	urpe	-0.10819171404939205
29	DLPFC L (2)	urpe	0.05328593084648732
30	DLPFC L (2)	urpe	-0.1309551079907725
33	DLPFC L (2)	urpe	-0.020389105497498908
34	DLPFC L (2)	urpe	0.20453990833653557
35	DLPFC L (2)	urpe	-0.24798791687334737
36	DLPFC L (2)	urpe	-0.17773867398500443
37	DLPFC L (2)	urpe	-0.04571476404465014
38	DLPFC L (2)	urpe	-0.14541981801871331
39	DLPFC L (2)	urpe	-0.019154306737736108
40	DLPFC L (2)	urpe	0.13644931846929173
41	DLPFC L (2)	urpe	-0.2356732245684872
42	DLPFC L (2)	urpe	-0.26545081576032026
43	DLPFC L (2)	urpe	-0.15444766950883693
45	DLPFC L (2)	urpe	-0.47768413395650927
46	DLPFC L (2)	urpe	-0.4286367994162344
47	DLPFC L (2)	urpe	-0.07474985468621936
48	DLPFC L (2)	urpe	-0.527629695592388
49	DLPFC L (2)	urpe	-0.5916354636992177
50	DLPFC L (2)	urpe	-0.33300313431649436
51	DLPFC L (2)	urpe	-0.5420502371365025
52	DLPFC L (2)	urpe	-0.11072139805483242
53	DLPFC L (2)	urpe	-0.029478590454786055
54	DLPFC L (2)	urpe	-0.6335646058282545
55	DLPFC L (2)	urpe	-0.3167086965855091
56	DLPFC L (2)	urpe	-0.08386362878034913
57	DLPFC L (2)	urpe	-0.22599430114872032
58	DLPFC L (2)	urpe	-0.342066410448282
59	DLPFC L (2)	urpe	-0.06129213584767234
60	DLPFC L (2)	urpe	-0.13203117918343313
61	DLPFC L (2)	urpe	-0.25794899463653564
62	DLPFC L (2)	urpe	-0.025303746543584332
63	DLPFC L (2)	urpe	-0.08912354236048076
64	DLPFC L (2)	urpe	0.13238532151726465
01	DLPFC L (2)	surprise	0.07375106052495539
02	DLPFC L (2)	surprise	0.11844950418678983
03	DLPFC L (2)	surprise	0.10418093498916395
04	DLPFC L (2)	surprise	-0.058599841600704576
05	DLPFC L (2)	surprise	0.36397575034249213
06	DLPFC L (2)	surprise	0.2132648979463885
07	DLPFC L (2)	surprise	0.12696113221106992
09	DLPFC L (2)	surprise	0.1039027037519601
10	DLPFC L (2)	surprise	0.011982695901796462
11	DLPFC L (2)	surprise	0.1385471467078934
12	DLPFC L (2)	surprise	-0.0036115293961859517
14	DLPFC L (2)	surprise	0.10414540374110784
15	DLPFC L (2)	surprise	-0.07752477654045628
17	DLPFC L (2)	surprise	0.14043687588925804
18	DLPFC L (2)	surprise	-0.105177674502615
19	DLPFC L (2)	surprise	-0.08600250841869463
20	DLPFC L (2)	surprise	0.05078176270809866
21	DLPFC L (2)	surprise	-0.055173615587034056
22	DLPFC L (2)	surprise	0.26759780516787884
23	DLPFC L (2)	surprise	0.2628267704238815
24	DLPFC L (2)	surprise	0.04790574660704982
25	DLPFC L (2)	surprise	-0.02322967240451685
26	DLPFC L (2)	surprise	0.20983028322112776
27	DLPFC L (2)	surprise	0.20339865309576835
28	DLPFC L (2)	surprise	-0.024886770774760553
29	DLPFC L (2)	surprise	0.0030178199672410565
30	DLPFC L (2)	surprise	0.19971443400267633
33	DLPFC L (2)	surprise	-0.04721446778444994
34	DLPFC L (2)	surprise	0.03257836679357194
35	DLPFC L (2)	surprise	0.037803660702681346
36	DLPFC L (2)	surprise	-0.012128531316956204
37	DLPFC L (2)	surprise	0.08166222393159725
38	DLPFC L (2)	surprise	0.08501506768046849
39	DLPFC L (2)	surprise	0.10662476052792984
40	DLPFC L (2)	surprise	0.05286017569502996
41	DLPFC L (2)	surprise	0.05166964515322639
42	DLPFC L (2)	surprise	0.2557477133889352
43	DLPFC L (2)	surprise	0.003667085788272802
45	DLPFC L (2)	surprise	0.04019486152326628
46	DLPFC L (2)	surprise	0.1439194631191992
47	DLPFC L (2)	surprise	0.035937418147260626
48	DLPFC L (2)	surprise	-0.04088875170676939
49	DLPFC L (2)	surprise	0.25329695882335784
50	DLPFC L (2)	surprise	0.034162952714870055
51	DLPFC L (2)	surprise	0.020912220448090303
52	DLPFC L (2)	surprise	-0.024719119026896455
53	DLPFC L (2)	surprise	0.0682476697069022
54	DLPFC L (2)	surprise	0.02075654744065457
55	DLPFC L (2)	surprise	0.10912666325607608
56	DLPFC L (2)	surprise	0.3399426585604106
57	DLPFC L (2)	surprise	0.01368295356270767
58	DLPFC L (2)	surprise	0.06721622523881736
59	DLPFC L (2)	surprise	-0.008993058765847836
60	DLPFC L (2)	surprise	0.046577789715581366
61	DLPFC L (2)	surprise	-0.058624174160462235
62	DLPFC L (2)	surprise	0.21332084075097116
63	DLPFC L (2)	surprise	0.08806028939603318
64	DLPFC L (2)	surprise	0.040908169617215474
01	Inferior parietal lobule R	rpe	0.450625528064039
02	Inferior parietal lobule R	rpe	0.17540377057674858
03	Inferior parietal lobule R	rpe	0.5780775602217074
04	Inferior parietal lobule R	rpe	0.9875634864524558
05	Inferior parietal lobule R	rpe	0.6038870783867659
06	Inferior parietal lobule R	rpe	0.17106605644544792
07	Inferior parietal lobule R	rpe	0.3256794988281197
09	Inferior parietal lobule R	rpe	0.11939110593111427
10	Inferior parietal lobule R	rpe	0.8543547093868256
11	Inferior parietal lobule R	rpe	-0.09412724942106891
12	Inferior parietal lobule R	rpe	0.13069331439005005
14	Inferior parietal lobule R	rpe	0.47267707368289985
15	Inferior parietal lobule R	rpe	1.4036276848227889
17	Inferior parietal lobule R	rpe	0.27319287563915606
18	Inferior parietal lobule R	rpe	-0.9377559453800872
19	Inferior parietal lobule R	rpe	-0.2726089338754752
20	Inferior parietal lobule R	rpe	0.15660767560755764
21	Inferior parietal lobule R	rpe	0.2782520708386545
22	Inferior parietal lobule R	rpe	0.18214290349176196
23	Inferior parietal lobule R	rpe	0.10944887195472364
24	Inferior parietal lobule R	rpe	0.6964588485382222
25	Inferior parietal lobule R	rpe	0.9179356120250843
26	Inferior parietal lobule R	rpe	-0.258868711690108
27	Inferior parietal lobule R	rpe	0.037746462074142915
28	Inferior parietal lobule R	rpe	0.14169012003629985
29	Inferior parietal lobule R	rpe	0.2659944588387454
30	Inferior parietal lobule R	rpe	-0.29925783106160386
33	Inferior parietal lobule R	rpe	0.6991843283176422
34	Inferior parietal lobule R	rpe	0.28169397319908496
35	Inferior parietal lobule R	rpe	0.1638467342040881
36	Inferior parietal lobule R	rpe	-0.020312785662503705
37	Inferior parietal lobule R	rpe	1.494857532006723
38	Inferior parietal lobule R	rpe	-0.09901843740630688
39	Inferior parietal lobule R	rpe	0.4558885497627435
40	Inferior parietal lobule R	rpe	-0.4291954493081128
41	Inferior parietal lobule R	rpe	0.6904120975070529
42	Inferior parietal lobule R	rpe	-0.004988174135279324
43	Inferior parietal lobule R	rpe	-0.04911038807282845
45	Inferior parietal lobule R	rpe	-0.2301993435593667
46	Inferior parietal lobule R	rpe	0.2164267889327473
47	Inferior parietal lobule R	rpe	0.3053815224794326
48	Inferior parietal lobule R	rpe	-0.16228821018227824
49	Inferior parietal lobule R	rpe	0.5985806882381439
50	Inferior parietal lobule R	rpe	0.506940119796329
51	Inferior parietal lobule R	rpe	0.11407571558461145
52	Inferior parietal lobule R	rpe	-0.003802733530324918
53	Inferior parietal lobule R	rpe	-0.1739971547353047
54	Inferior parietal lobule R	rpe	-0.1525053414343684
55	Inferior parietal lobule R	rpe	0.07683289061403936
56	Inferior parietal lobule R	rpe	1.085619917622319
57	Inferior parietal lobule R	rpe	0.14108673617657688
58	Inferior parietal lobule R	rpe	0.5469883122929821
59	Inferior parietal lobule R	rpe	-0.124417701287678
60	Inferior parietal lobule R	rpe	0.4329705359759154
61	Inferior parietal lobule R	rpe	0.0240628644824028
62	Inferior parietal lobule R	rpe	0.0736450104267095
63	Inferior parietal lobule R	rpe	-0.1968233230592752
64	Inferior parietal lobule R	rpe	-0.22856442312951442
01	Inferior parietal lobule R	urpe	1.0010790736586959
02	Inferior parietal lobule R	urpe	0.18120730939079766
03	Inferior parietal lobule R	urpe	0.4751893973529891
04	Inferior parietal lobule R	urpe	-0.25237361857688045
05	Inferior parietal lobule R	urpe	0.3954024002369907
06	Inferior parietal lobule R	urpe	0.270239718189394
07	Inferior parietal lobule R	urpe	0.14639209264337463
09	Inferior parietal lobule R	urpe	0.39750854781380407
10	Inferior parietal lobule R	urpe	-0.06174461435808486
11	Inferior parietal lobule R	urpe	-0.11786483580039607
12	Inferior parietal lobule R	urpe	0.17433704480235637
14	Inferior parietal lobule R	urpe	-0.038117980748346006
15	Inferior parietal lobule R	urpe	0.20452572848578845
17	Inferior parietal lobule R	urpe	0.11773607715386553
18	Inferior parietal lobule R	urpe	0.3377928849723604
19	Inferior parietal lobule R	urpe	0.2733933591732272
20	Inferior parietal lobule R	urpe	-0.00271237096576779
21	Inferior parietal lobule R	urpe	-0.05567174179789921
22	Inferior parietal lobule R	urpe	-0.3510475213880892
23	Inferior parietal lobule R	urpe	0.6956692227610836
24	Inferior parietal lobule R	urpe	-0.2745112211667691
25	Inferior parietal lobule R	urpe	0.10722045283074733
26	Inferior parietal lobule R	urpe	-0.3376926608659603
27	Inferior parietal lobule R	urpe	-0.0912969092907453
28	Inferior parietal lobule R	urpe	-0.030850236774077295
29	Inferior parietal lobule R	urpe	0.29618865886220225
30	Inferior parietal lobule R	urpe	0.24894133658596762
33	Inferior parietal lobule R	urpe	0.1171709006518574
34	Inferior parietal lobule R	urpe	0.25150501010594545
35	Inferior parietal lobule R	urpe	0.05078811105340719
36	Inferior parietal lobule R	urpe	-0.3642962671540402
37	Inferior parietal lobule R	urpe	0.27317976151351575
38	Inferior parietal lobule R	urpe	-0.24126728341259338
39	Inferior parietal lobule R	urpe	0.06368855345580313
40	Inferior parietal lobule R	urpe	0.0805889708334925
41	Inferior parietal lobule R	urpe	0.4912899953347665
42	Inferior parietal lobule R	urpe	0.207023026973561
43	Inferior parietal lobule R	urpe	0.35224157930524264
45	Inferior parietal lobule R	urpe	0.8890729656925908
46	Inferior parietal lobule R	urpe	0.7856853206952413
47	Inferior parietal lobule R	urpe	0.5510694572219142
48	Inferior parietal lobule R	urpe	0.23134578336720113
49	Inferior parietal lobule R	urpe	0.4744585904258269
50	Inferior parietal lobule R	urpe	0.6700371310666755
51	Inferior parietal lobule R	urpe	0.6104881455431934
52	Inferior parietal lobule R	urpe	0.41223434331240477
53	Inferior parietal lobule R	urpe	-0.07385135959419939
54	Inferior parietal lobule R	urpe	0.181727944381742
55	Inferior parietal lobule R	urpe	0.4783299303165189
56	Inferior parietal lobule R	urpe	-0.3315793267554707
57	Inferior parietal lobule R	urpe	-0.024201963441791357
58	Inferior parietal lobule R	urpe	0.3259380428396441
59	Inferior parietal lobule R	urpe	1.1008659203847249
60	Inferior parietal lobule R	urpe	0.26165600176210757
61	Inferior parietal lobule R	urpe	0.010728902838848255
62	Inferior parietal lobule R	urpe	0.25049033954187677
63	Inferior parietal lobule R	urpe	0.012953502919386935
64	Inferior parietal lobule R	urpe	0.3105292734172609
01	Inferior parietal lobule R	surprise	-0.07849388790351373
02	Inferior parietal lobule R	surprise	0.1354469387895531
03	Inferior parietal lobule R	surprise	-0.11098841301820896
04	Inferior parietal lobule R	surprise	-0.36576433364232935
05	Inferior parietal lobule R	surprise	0.09893633121693576
06	Inferior parietal lobule R	surprise	-0.06714798284142658
07	Inferior parietal lobule R	surprise	-0.13464179759224257
09	Inferior parietal lobule R	surprise	-0.21031713678880973
10	Inferior parietal lobule R	surprise	-0.04389964689121202
11	Inferior parietal lobule R	surprise	0.022630409214697365
12	Inferior parietal lobule R	surprise	0.007779699232843187
14	Inferior parietal lobule R	surprise	0.07155138631060254
15	Inferior parietal lobule R	surprise	-0.11124866920646229
17	Inferior parietal lobule R	surprise	0.11987564362654532
18	Inferior parietal lobule R	surprise	-0.20926049103339514
19	Inferior parietal lobule R	surprise	-0.11666047056119337
20	Inferior parietal lobule R	surprise	0.09107374737936037
21	Inferior parietal lobule R	surprise	0.0001438685339289131
22	Inferior parietal lobule R	surprise	-0.18943618920942148
23	Inferior parietal lobule R	surprise	0.05814571590680215
24	Inferior parietal lobule R	surprise	0.11823574425997557
25	Inferior parietal lobule R	surprise	-0.0412448658435433
26	Inferior parietal lobule R	surprise	0.12372719723282864
27	Inferior parietal lobule R	surprise	0.046829922745625176
28	Inferior parietal lobule R	surprise	-0.0301658282470372
29	Inferior parietal lobule R	surprise	-0.0034427672400380725
30	Inferior parietal lobule R	surprise	0.04226646636164299
33	Inferior parietal lobule R	surprise	-0.01144923397374374
34	Inferior parietal lobule R	surprise	0.15998549212667126
35	Inferior parietal lobule R	surprise	0.039718296600902384
36	Inferior parietal lobule R	surprise	0.035978962391338964
37	Inferior parietal lobule R	surprise	-0.2506797636548678
38	Inferior parietal lobule R	surprise	0.14900489234262043
39	Inferior parietal lobule R	surprise	0.13238082759629902
40	Inferior parietal lobule R	surprise	-0.08647156287743538
41	Inferior parietal lobule R	surprise	0.06838458033571779
42	Inferior parietal lobule R	surprise	-0.07503571998569425
43	Inferior parietal lobule R	surprise	0.3440737321420952
45	Inferior parietal lobule R	surprise	0.04905532719567418
46	Inferior parietal lobule R	surprise	-0.12250779458770046
47	Inferior parietal lobule R	surprise	-0.09371877761764659
48	Inferior parietal lobule R	surprise	0.028062233278803802
49	Inferior parietal lobule R	surprise	0.41804382315388433
50	Inferior parietal lobule R	surprise	0.17348110820684168
51	Inferior parietal lobule R	surprise	-0.0823767200043356
52	Inferior parietal lobule R	surprise	-0.17341182739646346
53	Inferior parietal lobule R	surprise	0.11713594398288815
54	Inferior parietal lobule R	surprise	-0.009491122948626677
55	Inferior parietal lobule R	surprise	-0.07969489672945605
56	Inferior parietal lobule R	surprise	-0.2640754698465268
57	Inferior parietal lobule R	surprise	-0.07199533745878633
58	Inferior parietal lobule R	surprise	0.10224678236301299
59	Inferior parietal lobule R	surprise	-0.6052739918231964
60	Inferior parietal lobule R	surprise	-0.015150046079523034
61	Inferior parietal lobule R	surprise	0.07021028039701006
62	Inferior parietal lobule R	surprise	-0.07300988164799357
63	Inferior parietal lobule R	surprise	0.06836800967101697
64	Inferior parietal lobule R	surprise	-0.1378964769343535
01	Angular gyrus R	rpe	0.326205724367389
02	Angular gyrus R	rpe	0.42999805151312437
03	Angular gyrus R	rpe	0.653970566060808
04	Angular gyrus R	rpe	0.17600764955083528
05	Angular gyrus R	rpe	0.3842830488941184
06	Angular gyrus R	rpe	0.011450198134062466
07	Angular gyrus R	rpe	-0.2977200895547867
09	Angular gyrus R	rpe	-0.11385472601762524
10	Angular gyrus R	rpe	1.6937496176472417
11	Angular gyrus R	rpe	0.39380374054114026
12	Angular gyrus R	rpe	0.2249956055785771
14	Angular gyrus R	rpe	0.31184886506310217
15	Angular gyrus R	rpe	0.004727204054318092
17	Angular gyrus R	rpe	-0.045568130858656436
18	Angular gyrus R	rpe	0.3881599106998355
19	Angular gyrus R	rpe	0.2844707825462575
20	Angular gyrus R	rpe	0.2516810800190325
21	Angular gyrus R	rpe	0.2897177965000824
22	Angular gyrus R	rpe	0.7110509922107061
23	Angular gyrus R	rpe	0.23838066882281392
24	Angular gyrus R	rpe	0.582083194344132
25	Angular gyrus R	rpe	0.9456953836811913
26	Angular gyrus R	rpe	0.1057015592749748
27	Angular gyrus R	rpe	0.34672124683856964
28	Angular gyrus R	rpe	0.5526131264589451
29	Angular gyrus R	rpe	0.45483018347510584
30	Angular gyrus R	rpe	0.040451016328814954
33	Angular gyrus R	rpe	0.2191537527574433
34	Angular gyrus R	rpe	0.10415232396270666
35	Angular gyrus R	rpe	0.3706958466381938
36	Angular gyrus R	rpe	0.08567726815602293
37	Angular gyrus R	rpe	0.5400355499651697
38	Angular gyrus R	rpe	0.008960170136695658
39	Angular gyrus R	rpe	0.15269328881469038
40	Angular gyrus R	rpe	0.558224187836189
41	Angular gyrus R	rpe	0.9490238748214863
42	Angular gyrus R	rpe	0.34348880709148943
43	Angular gyrus R	rpe	0.07002737802556819
45	Angular gyrus R	rpe	0.8299446061805442
46	Angular gyrus R	rpe	0.37222022038918956
47	Angular gyrus R	rpe	0.5938900758822759
48	Angular gyrus R	rpe	0.23615467213784103
49	Angular gyrus R	rpe	-0.10520958824566116
50	Angular gyrus R	rpe	0.11046303808689117
51	Angular gyrus R	rpe	0.4886900372803211
52	Angular gyrus R	rpe	0.5601671271853976
53	Angular gyrus R	rpe	-0.23920987160117538
54	Angular gyrus R	rpe	-0.29853583927507754
55	Angular gyrus R	rpe	0.09273848746454826
56	Angular gyrus R	rpe	1.0752929322145603
57	Angular gyrus R	rpe	-0.030130492040404567
58	Angular gyrus R	rpe	0.20896051570566165
59	Angular gyrus R	rpe	-0.03181872349577369
60	Angular gyrus R	rpe	-0.029991032879075244
61	Angular gyrus R	rpe	0.2915589138865471
62	Angular gyrus R	rpe	0.05810126308588898
63	Angular gyrus R	rpe	-0.14191214921366838
64	Angular gyrus R	rpe	-0.21806281867126623
01	Angular gyrus R	urpe	-0.049450834316236
02	Angular gyrus R	urpe	-0.4973610109753079
03	Angular gyrus R	urpe	-0.05063554704948156
04	Angular gyrus R	urpe	0.017860711172774987
05	Angular gyrus R	urpe	-0.42588110895896397
06	Angular gyrus R	urpe	-0.19582369188019247
07	Angular gyrus R	urpe	-0.054391474945953595
09	Angular gyrus R	urpe	-0.02860284022366007
10	Angular gyrus R	urpe	-0.3718664088734874
11	Angular gyrus R	urpe	-0.2619476753666445
12	Angular gyrus R	urpe	0.14016923240247975
14	Angular gyrus R	urpe	-0.06488420684925383
15	Angular gyrus R	urpe	-0.06738391215050663
17	Angular gyrus R	urpe	0.07787524010227234
18	Angular gyrus R	urpe	0.1891157306316826
19	Angular gyrus R	urpe	0.3799956391255061
20	Angular gyrus R	urpe	-0.2636275077583613
21	Angular gyrus R	urpe	0.021604342274022876
22	Angular gyrus R	urpe	-0.21278204524855096
23	Angular gyrus R	urpe	0.38115568541818196
24	Angular gyrus R	urpe	-0.5868087659279505
25	Angular gyrus R	urpe	-0.062026597266257914
26	Angular gyrus R	urpe	0.08662473762200938
27	Angular gyrus R	urpe	-0.19887661161246123
28	Angular gyrus R	urpe	-0.07567627160784064
29	Angular gyrus R	urpe	0.11565709202922234
30	Angular gyrus R	urpe	-0.5506148393507357
33	Angular gyrus R	urpe	0.06007428134412125
34	Angular gyrus R	urpe	-0.11855813171024676
35	Angular gyrus R	urpe	-0.17107940944670527
36	Angular gyrus R	urpe	-0.4114262963886614
37	Angular gyrus R	urpe	-0.05873768851678404
38	Angular gyrus R	urpe	-0.06483687170677715
39	Angular gyrus R	urpe	-0.2516168411476193
40	Angular gyrus R	urpe	-0.03180002634999929
41	Angular gyrus R	urpe	0.20679057230827985
42	Angular gyrus R	urpe	-0.30413595614609895
43	Angular gyrus R	urpe	-0.12114874100209111
45	Angular gyrus R	urpe	0.04571322972575823
46	Angular gyrus R	urpe	-0.16969805867066262
47	Angular gyrus R	urpe	0.3338402468469684
48	Angular gyrus R	urpe	-0.34753502163760086
49	Angular gyrus R	urpe	0.017774670419317705
50	Angular gyrus R	urpe	-0.488534033022545
51	Angular gyrus R	urpe	0.009812101790750469
52	Angular gyrus R	urpe	-0.564969390630722
53	Angular gyrus R	urpe	-0.01857011978669713
54	Angular gyrus R	urpe	-0.7337973708355868
55	Angular gyrus R	urpe	-0.3697657474765071
56	Angular gyrus R	urpe	-0.3775170127067853
57	Angular gyrus R	urpe	-0.2134996518477608
58	Angular gyrus R	urpe	0.1046700023666576
59	Angular gyrus R	urpe	0.1303648644189471
60	Angular gyrus R	urpe	0.06641190926785823
61	Angular gyrus R	urpe	-0.1590452006569615
62	Angular gyrus R	urpe	0.12568099641551575
63	Angular gyrus R	urpe	-0.002119481770528687
64	Angular gyrus R	urpe	0.3872946431791341
01	Angular gyrus R	surprise	-0.03381679408873121
02	Angular gyrus R	surprise	0.0648498317502715
03	Angular gyrus R	surprise	0.2171210929820383
04	Angular gyrus R	surprise	-0.14446186660400903
05	Angular gyrus R	surprise	0.5942527309611991
06	Angular gyrus R	surprise	0.11105001036560645
07	Angular gyrus R	surprise	0.1491921860034819
09	Angular gyrus R	surprise	0.07165576767659297
10	Angular gyrus R	surprise	0.19546920799270825
11	Angular gyrus R	surprise	0.16239824173627077
12	Angular gyrus R	surprise	-0.04682716835911075
14	Angular gyrus R	surprise	0.07198808641202993
15	Angular gyrus R	surprise	-0.03523325375108807
17	Angular gyrus R	surprise	0.20819566471295226
18	Angular gyrus R	surprise	-0.02123991446569562
19	Angular gyrus R	surprise	-0.03256307868286967
20	Angular gyrus R	surprise	0.0389808215442355
21	Angular gyrus R	surprise	0.05042277219601803
22	Angular gyrus R	surprise	0.04623313951823446
23	Angular gyrus R	surprise	-0.13794714805704575
24	Angular gyrus R	surprise	0.07769669044150591
25	Angular gyrus R	surprise	0.14418399832383902
26	Angular gyrus R	surprise	0.06501156236562464
27	Angular gyrus R	surprise	-0.006326165227046995
28	Angular gyrus R	surprise	0.06732933216348842
29	Angular gyrus R	surprise	0.017280670952189853
30	Angular gyrus R	surprise	0.09706964109230924
33	Angular gyrus R	surprise	-0.05458834794936357
34	Angular gyrus R	surprise	0.02002731858562954
35	Angular gyrus R	surprise	0.011028005465589187
36	Angular gyrus R	surprise	0.18450006666696733
37	Angular gyrus R	surprise	0.08469139524795874
38	Angular gyrus R	surprise	0.2411550322064647
39	Angular gyrus R	surprise	0.3697666691409217
40	Angular gyrus R	surprise	0.09881884721970116
41	Angular gyrus R	surprise	0.079332260897866
42	Angular gyrus R	surprise	0.07721889176819888
43	Angular gyrus R	surprise	0.07087009141428603
45	Angular gyrus R	surprise	0.11513812869304309
46	Angular gyrus R	surprise	0.10778326451502464
47	Angular gyrus R	surprise	-0.023248041566047404
48	Angular gyrus R	surprise	0.18965959479963337
49	Angular gyrus R	surprise	0.13343444528679052
50	Angular gyrus R	surprise	0.11480904746524713
51	Angular gyrus R	surprise	0.19060416298883934
52	Angular gyrus R	surprise	-0.04417237139164677
53	Angular gyrus R	surprise	0.00976022381628691
54	Angular gyrus R	surprise	0.14611050728018637
55	Angular gyrus R	surprise	0.09891427339365085
56	Angular gyrus R	surprise	0.19726505047745174
57	Angular gyrus R	surprise	0.18133941265168013
58	Angular gyrus R	surprise	0.10485391863363071
59	Angular gyrus R	surprise	-0.09030728757864347
60	Angular gyrus R	surprise	-0.048249153351342236
61	Angular gyrus R	surprise	0.12720852883325684
62	Angular gyrus R	surprise	0.012183028721699008
63	Angular gyrus R	surprise	0.21342679333907585
64	Angular gyrus R	surprise	0.005982052905623008
